{"mode":"repetition","description":"<p style=\"text-align: center;\"><strong>Guess the answers to the following questions.<\/strong><\/p>\n","dialogs":[{"tips":{},"text":"<p style=\"text-align: center;\"><strong>What is the full form of VOD?<\/strong><\/p>\n","answer":"<p style=\"text-align: center;\"><strong>Video On Demand<\/strong><\/p>\n","image":{"path":"images\/image-60fd73702fcc6.png","mime":"image\/png","copyright":{"license":"U"},"width":860,"height":591}},{"tips":{},"text":"<p style=\"text-align: center;\"><strong>Daraz is an example of <\/strong><\/p>\n","answer":"<p style=\"text-align: center;\"><strong>Online Shopping \/ E-Commerce<\/strong><\/p>\n","image":{"path":"images\/image-60fd73747213b.jpg","mime":"image\/jpeg","copyright":{"license":"U"},"width":900,"height":640}},{"tips":{},"text":"<p style=\"text-align: center;\"><strong>Digital libraries host books in digital format called<\/strong><\/p>\n","answer":"<p style=\"text-align: center;\"><strong>E-books<\/strong><\/p>\n","image":{"path":"images\/image-60fd7377a594b.png","mime":"image\/png","copyright":{"license":"U"},"width":860,"height":614}},{"tips":{},"text":"<p style=\"text-align: center;\"><strong>What are newspapers which are published electronically called?<\/strong><\/p>\n","answer":"<p style=\"text-align: center;\"><strong>E-Newspaper<\/strong><\/p>\n","image":{"path":"images\/image-60fd737a6d5ba.png","mime":"image\/png","copyright":{"license":"U"},"width":396,"height":312}},{"tips":{},"text":"<p style=\"text-align: center;\"><strong>It is an agreement, or communication, carried out between a buyer and a seller to exchange an asset for payment. What is it?<\/strong><\/p>\n","answer":"<p style=\"text-align: center;\"><strong>Financial Transaction<\/strong><\/p>\n","image":{"path":"images\/image-60fd737bee8b3.png","mime":"image\/png","copyright":{"license":"U"},"width":920,"height":835}},{"tips":{},"text":"<p style=\"text-align: center;\"><strong>Esewa is a service provider for:<\/strong><\/p>\n","answer":"<p style=\"text-align: center;\"><strong>Online Payment<\/strong><\/p>\n","image":{"path":"images\/image-60fd7380bb9ab.jpg","mime":"image\/jpeg","copyright":{"license":"U"},"width":900,"height":440}},{"tips":{},"text":"<p style=\"text-align: center;\"><strong>It is a form of interactive multimedia played online with friends. What is it?<\/strong><\/p>\n","answer":"<p style=\"text-align: center;\"><strong>Multiplayer Games<\/strong><\/p>\n","image":{"path":"images\/image-60fd738511815.png","mime":"image\/png","copyright":{"license":"U"},"width":800,"height":450}},{"tips":{},"text":"<p style=\"text-align: center;\"><strong>It is a representation of sound recorded in, or converted into, digital form. What is it?<\/strong><\/p>\n","answer":"<p style=\"text-align: center;\"><strong>Digital Audio<\/strong><\/p>\n","image":{"path":"images\/image-60fd7386c76d8.png","mime":"image\/png","copyright":{"license":"U"},"width":860,"height":709}},{"tips":{},"text":"<p style=\"text-align: center;\"><strong>It is a recording of moving images that tells a story &amp;&nbsp;that people watch on a screen or television. What is it?<\/strong><\/p>\n","answer":"<p style=\"text-align: center;\"><strong>Movie<\/strong><\/p>\n","image":{"path":"images\/image-60fd738a0a67d.jpg","mime":"image\/jpeg","copyright":{"license":"U"},"width":820,"height":536}},{"tips":{},"answer":"<p style=\"text-align: center;\"><strong>Websites and Applications that enable users to create and share content or to participate in social networking.<\/strong><\/p>\n","text":"<p style=\"text-align: center;\"><strong>What is Social Media?<\/strong><\/p>\n","image":{"path":"images\/image-60fd738c4b8b7.png","mime":"image\/png","copyright":{"license":"U"},"width":530,"height":381}}],"behaviour":{"enableRetry":true,"disableBackwardsNavigation":false,"scaleTextNotCard":false,"randomCards":false,"maxProficiency":5,"quickProgression":false},"answer":"Turn","next":"Next","prev":"Previous","retry":"Retry","correctAnswer":"I got it right!","incorrectAnswer":"I got it wrong","round":"Round @round","cardsLeft":"Cards left: @number","nextRound":"Proceed to round @round","startOver":"Start over","showSummary":"Next","summary":"Summary","summaryCardsRight":"Cards you got right:","summaryCardsWrong":"Cards you got wrong:","summaryCardsNotShown":"Cards in pool not shown:","summaryOverallScore":"Overall Score","summaryCardsCompleted":"Cards you have completed learning:","summaryCompletedRounds":"Completed rounds:","summaryAllDone":"Well done! You got all @cards cards correct @max times in a row!","progressText":"Card @card of @total","cardFrontLabel":"Card front","cardBackLabel":"Card back","tipButtonLabel":"Show tip","audioNotSupported":"Your browser does not support this audio","confirmStartingOver":{"header":"Start over?","body":"All progress will be lost. Are you sure you want to start over?","cancelLabel":"Cancel","confirmLabel":"Start over"},"title":"<p>&nbsp;&nbsp;<\/p>\n"}