{"mode":"repetition","description":"<p style=\"text-align: center;\"><strong>Read the questions and answer them carefully.&nbsp;<\/strong><\/p>\n","dialogs":[{"tips":{},"text":"<p style=\"text-align: center;\"><strong>Which chemical compound is known as washing soda?<\/strong><\/p>\n","answer":"<p style=\"text-align: center;\"><strong>Sodium carbonate<\/strong><\/p>\n","image":{"path":"images\/image-60ebfae11902e.png","mime":"image\/png","copyright":{"license":"U"},"width":1414,"height":2000}},{"tips":{},"text":"<p style=\"text-align: center;\"><strong>Which chemical is known as baking soda?<\/strong><\/p>\n","answer":"<p style=\"text-align: center;\"><strong>Sodium bicarbonate<\/strong><\/p>\n","image":{"path":"images\/image-60ebfb142d94b.png","mime":"image\/png","copyright":{"license":"U"},"width":1414,"height":2000}},{"tips":{},"text":"<p style=\"text-align: center;\"><strong>Which organic compound is used to prepare glycerol?<\/strong><\/p>\n","answer":"<p style=\"text-align: center;\"><strong>Triglycerides can be saponified with sodium hydroxide to give glycerol.<\/strong><\/p>\n","image":{"path":"images\/image-60ebfb5497140.png","mime":"image\/png","copyright":{"license":"U"},"width":1414,"height":2000}},{"tips":{},"text":"<p style=\"text-align: center;\"><strong>Which is the purest form of naturally occurring water?<\/strong><\/p>\n","answer":"<p style=\"text-align: center;\"><strong>Rainwater<\/strong><\/p>\n","image":{"path":"images\/image-60ebfb7b101e3.png","mime":"image\/png","copyright":{"license":"U"},"width":1414,"height":2000}},{"tips":{},"text":"<p style=\"text-align: center;\"><strong>What are the two kinds of hardness present in water?<\/strong><\/p>\n","answer":"<p style=\"text-align: center;\"><strong>Permanent and Temporary <\/strong><\/p>\n","image":{"path":"images\/image-60ebfc2bdf33a.png","mime":"image\/png","copyright":{"license":"U"},"width":1414,"height":2000}},{"tips":{},"text":"<p style=\"text-align: center;\"><strong>What type of water leads to the consumption of more soap while washing clothes?<\/strong><\/p>\n","answer":"<p style=\"text-align: center;\"><strong>Hard water<\/strong><\/p>\n","image":{"path":"images\/image-60ebfbedded57.png","mime":"image\/png","copyright":{"license":"U"},"width":1414,"height":2000}},{"tips":{},"answer":"<p style=\"text-align: center;\"><strong>Na2CO3<\/strong><\/p>\n","text":"<p style=\"text-align: center;\"><strong>What is the molecular formula of a washing soda?<\/strong><\/p>\n","image":{"path":"images\/image-60ebfcad438cd.png","mime":"image\/png","copyright":{"license":"U"},"width":1414,"height":2000}},{"tips":{},"text":"<p style=\"text-align: center;\"><strong>Soluble salts turn into ____ salts during heating.&nbsp;<\/strong><\/p>\n","answer":"<p style=\"text-align: center;\"><strong>insoluble<\/strong><\/p>\n","image":{"path":"images\/image-60ebfccd88057.png","mime":"image\/png","copyright":{"license":"U"},"width":1414,"height":2000}},{"tips":{},"text":"<p style=\"text-align: center;\"><strong>Which chemical substance is used to prevent tobacco from drying?<\/strong><\/p>\n","answer":"<p style=\"text-align: center;\"><strong>Glycerol<\/strong><\/p>\n","image":{"path":"images\/image-60ebfd5b3a956.png","mime":"image\/png","copyright":{"license":"U"},"width":1414,"height":2000}},{"tips":{},"text":"<p style=\"text-align: center;\"><strong>Temporary hardness of water can be removed by treating with ____.&nbsp;<\/strong><\/p>\n","answer":"<p style=\"text-align: center;\"><strong>&nbsp;lime water<\/strong><\/p>\n","image":{"path":"images\/image-60ebfd4d0d272.png","mime":"image\/png","copyright":{"license":"U"},"width":1414,"height":2000}}],"behaviour":{"enableRetry":true,"disableBackwardsNavigation":false,"scaleTextNotCard":false,"randomCards":false,"maxProficiency":5,"quickProgression":false},"answer":"Turn","next":"Next","prev":"Previous","retry":"Retry","correctAnswer":"I got it right!","incorrectAnswer":"I got it wrong","round":"Round @round","cardsLeft":"Cards left: @number","nextRound":"Proceed to round @round","startOver":"Start over","showSummary":"Next","summary":"Summary","summaryCardsRight":"Cards you got right:","summaryCardsWrong":"Cards you got wrong:","summaryCardsNotShown":"Cards in pool not shown:","summaryOverallScore":"Overall Score","summaryCardsCompleted":"Cards you have completed learning:","summaryCompletedRounds":"Completed rounds:","summaryAllDone":"Well done! You got all @cards cards correct @max times in a row!","progressText":"Card @card of @total","cardFrontLabel":"Card front","cardBackLabel":"Card back","tipButtonLabel":"Show tip","audioNotSupported":"Your browser does not support this audio","confirmStartingOver":{"header":"Start over?","body":"All progress will be lost. Are you sure you want to start over?","cancelLabel":"Cancel","confirmLabel":"Start over"},"title":"<p style=\"text-align: center;\"><strong>Some useful chemicals<\/strong><\/p>\n"}