{"mode":"repetition","description":"<p style=\"text-align: center;\"><strong>Guess the answers.<\/strong><\/p>\n","dialogs":[{"tips":{},"text":"<p style=\"text-align: center;\"><strong>_______ print out of your text from all of your slides in an outline format.<\/strong><\/p>\n","answer":"<p style=\"text-align: center;\"><strong>Outline View <\/strong><\/p>\n","image":{"path":"images\/image-60f270305037f.jpg","mime":"image\/jpeg","copyright":{"license":"U"},"width":650,"height":376}},{"tips":{},"text":"<p style=\"text-align: center;\"><strong>______ print out of one slide per page including any notes you may have added.<\/strong><\/p>\n","answer":"<p style=\"text-align: center;\"><strong>Notes Page <\/strong><\/p>\n","image":{"path":"images\/image-60f26fc93bd1c.png","mime":"image\/png","copyright":{"license":"U"},"width":2880,"height":1800}},{"tips":{},"text":"<p style=\"text-align: center;\"><strong>Handouts prints up to _____ slides per page.<\/strong><\/p>\n","answer":"<p style=\"text-align: center;\"><strong>Nine<\/strong><\/p>\n","image":{"path":"images\/image-60f26eeccb176.png","mime":"image\/png","copyright":{"license":"U"},"width":1667,"height":1000}},{"tips":{},"text":"<p style=\"text-align: center;\"><strong>________ print out with each slide on a full page .<\/strong><\/p>\n","answer":"<p style=\"text-align: center;\"><strong>Full Page Slides <\/strong><\/p>\n","image":{"path":"images\/image-60f26e54e0deb.png","mime":"image\/png","copyright":{"license":"U"},"width":295,"height":171}},{"tips":{},"text":"<p style=\"text-align: center;\"><strong>How to print your slides in PowerPoint?<\/strong><\/p>\n","answer":"<p style=\"text-align: center;\"><strong>1. To print your slides, click on the File tab, then the Print command.<\/strong><\/p>\n\n<p style=\"text-align: center;\"><strong>2. When you select the Print command, you will notice all of your printing options including a preview of your document.<\/strong><\/p>\n\n<p style=\"text-align: center;\"><strong>3. Select your Print options and click on the Print command.<\/strong><\/p>\n","image":{"path":"images\/image-60f2687c72865.png","mime":"image\/png","copyright":{"license":"U"},"width":1000,"height":1080}},{"tips":{},"text":"<p style=\"text-align: center;\"><strong>You can print your slides in PowerPoint. True or false?<\/strong><\/p>\n","answer":"<p style=\"text-align: center;\"><strong>True<\/strong><\/p>\n","image":{"path":"images\/image-60f2682636098.jpg","mime":"image\/jpeg","copyright":{"license":"U"},"width":681,"height":428}},{"tips":{},"text":"<p style=\"text-align: center;\"><strong>How can you make presentations portable?<\/strong><\/p>\n","answer":"<p style=\"text-align: center;\"><strong>1. Click the Office button. <\/strong><\/p>\n\n<p style=\"text-align: center;\"><strong>2. When the menu appears, click Publish, then Package for CD. <\/strong><\/p>\n\n<p style=\"text-align: center;\"><strong>3. When the Package for CD window appears, type:<\/strong><\/p>\n\n<p style=\"text-align: center;\"><strong>4. My Movies in the Name the CD box.<\/strong><\/p>\n\n<p style=\"text-align: center;\"><strong>5. Insert a CD into its drive, then click the Copy to CD button<\/strong><\/p>\n","image":{"path":"images\/image-60f2675bd51ad.jpg","mime":"image\/jpeg","copyright":{"license":"U"},"width":1000,"height":999}},{"tips":{},"text":"<p style=\"text-align: center;\">_______<strong> create animated effects to text and graphics during a slide show.<\/strong><\/p>\n","answer":"<p style=\"text-align: center;\"><strong>Slide animations<\/strong><\/p>\n","image":{"path":"images\/image-60f2665573616.jpg","mime":"image\/jpeg","copyright":{"license":"U"},"width":902,"height":654}},{"tips":{},"text":"<p style=\"text-align: center;\"><strong>Sounds can be added in transitions. True or False?<\/strong><\/p>\n","answer":"<p style=\"text-align: center;\"><strong>True<\/strong><\/p>\n","image":{"path":"images\/image-60f26612e9672.jpg","mime":"image\/jpeg","copyright":{"license":"U"},"width":668,"height":246,"originalImage":{"path":"images\/image-60f26606bddc6.jpg#tmp","mime":"image\/jpeg","height":250,"width":1200}}},{"tips":{},"text":"<p style=\"text-align: center;\"><strong>_________ provide an animated effect to each slide when moving from one slide to the next during a slide show.<\/strong><\/p>\n","answer":"<p style=\"text-align: center;\"><strong>Slide transitions<\/strong><\/p>\n","image":{"path":"images\/image-60f265ca1c915.png","mime":"image\/png","copyright":{"license":"U"},"width":540,"height":304}}],"behaviour":{"enableRetry":true,"disableBackwardsNavigation":false,"scaleTextNotCard":false,"randomCards":false,"maxProficiency":5,"quickProgression":false},"answer":"Turn","next":"Next","prev":"Previous","retry":"Retry","correctAnswer":"I got it right!","incorrectAnswer":"I got it wrong","round":"Round @round","cardsLeft":"Cards left: @number","nextRound":"Proceed to round @round","startOver":"Start over","showSummary":"Next","summary":"Summary","summaryCardsRight":"Cards you got right:","summaryCardsWrong":"Cards you got wrong:","summaryCardsNotShown":"Cards in pool not shown:","summaryOverallScore":"Overall Score","summaryCardsCompleted":"Cards you have completed learning:","summaryCompletedRounds":"Completed rounds:","summaryAllDone":"Well done! You got all @cards cards correct @max times in a row!","progressText":"Card @card of @total","cardFrontLabel":"Card front","cardBackLabel":"Card back","tipButtonLabel":"Show tip","audioNotSupported":"Your browser does not support this audio","confirmStartingOver":{"header":"Start over?","body":"All progress will be lost. Are you sure you want to start over?","cancelLabel":"Cancel","confirmLabel":"Start over"},"title":"<p>&nbsp;&nbsp;<\/p>\n"}