{"mode":"repetition","description":"<p style=\"text-align: center;\"><strong>Read the questions carefully and guess the answer.<\/strong><\/p>\n","dialogs":[{"tips":{},"text":"<p style=\"text-align: center;\"><strong>What are skills that include walking, jumping, hopping, and skipping called?<\/strong><\/p>\n","answer":"<p style=\"text-align: center;\"><strong>Moving skills <\/strong><\/p>\n","image":{"path":"images\/image-60e5d5c380709.jpg","mime":"image\/jpeg","copyright":{"license":"U"},"width":537,"height":497,"originalImage":{"path":"images\/image-60e5d3b472d4d.jpg","mime":"image\/jpeg","height":1080,"width":1000}}},{"tips":{},"text":"<p style=\"text-align: center;\"><strong>Physical activities keep our bodies active, flexible, and strong.<br>\nTrue or False?<\/strong><\/p>\n","answer":"<p style=\"text-align: center;\"><strong>True<\/strong><\/p>\n","image":{"path":"images\/image-6106ad10eaec0.png","mime":"image\/png","copyright":{"license":"U"},"width":1000,"height":1000}},{"tips":{},"text":"<p style=\"text-align: center;\"><strong>What is the act of moving slowly with the help of legs called?<\/strong><\/p>\n","answer":"<p style=\"text-align: center;\"><strong>Walking<\/strong><\/p>\n","image":{"path":"images\/image-60e5d6080bfc5.jpg","mime":"image\/jpeg","copyright":{"license":"U"},"width":494,"height":497,"originalImage":{"path":"images\/image-60e5d3a518261.jpg","mime":"image\/jpeg","height":1080,"width":1000}}},{"tips":{},"text":"<p style=\"text-align: center;\"><strong>Identify the moving skill shown in the picture.<\/strong><\/p>\n","answer":"<p style=\"text-align: center;\"><strong>Long jump<\/strong><\/p>\n","image":{"path":"images\/image-60e5d38d3eeb7.jpg","mime":"image\/jpeg","copyright":{"license":"U"},"width":626,"height":327}},{"tips":{},"text":"<p style=\"text-align: center;\"><strong>The act of moving fast with the help of legs is called ____.<\/strong><\/p>\n","answer":"<p style=\"text-align: center;\"><strong>Running or Sprinting<\/strong><\/p>\n","image":{"path":"images\/image-6106ac8d7a554.png","mime":"image\/png","copyright":{"license":"U"},"width":1000,"height":1000}},{"tips":{},"text":"<p style=\"text-align: center;\"><strong>What is the act of jumping on a single leg called?<\/strong><\/p>\n","answer":"<p style=\"text-align: center;\"><strong>Hopping<\/strong><\/p>\n","image":{"path":"images\/image-6106ac93cd1b2.png","mime":"image\/png","copyright":{"license":"U"},"width":700,"height":1000}},{"tips":{},"text":"<p style=\"text-align: center;\"><strong>Jumping is not a warm-up exercise.<br>\nYes or No?<\/strong><\/p>\n","answer":"<p style=\"text-align: center;\"><strong>No<\/strong><\/p>\n","image":{"path":"images\/image-60e5d47695d43.jpg","mime":"image\/jpeg","copyright":{"license":"U"},"width":335,"height":497,"originalImage":{"path":"images\/image-60e5d2236d760.jpg#tmp","mime":"image\/jpeg","height":1080,"width":700}}},{"tips":{},"text":"<p style=\"text-align: center;\"><strong>What are the three steps of a high jump?<\/strong><\/p>\n","answer":"<p style=\"text-align: center;\"><strong>Approaching, Take-off and Landing<\/strong><\/p>\n","image":{"path":"images\/image-6106adc4c4a2a.png","mime":"image\/png","copyright":{"license":"U"},"width":1000,"height":699}},{"tips":{},"text":"<p style=\"text-align: center;\"><strong>What is the act of moving upward or forward with the help of legs called?<\/strong><br>\n&nbsp;<\/p>\n","answer":"<p style=\"text-align: center;\"><strong>Jumping<\/strong><\/p>\n","image":{"path":"images\/image-6106ac9d1d235.png","mime":"image\/png","copyright":{"license":"U"},"width":1000,"height":1000}},{"tips":{},"text":"<p style=\"text-align: center;\"><strong>Name the moving skill shown in the picture.<\/strong><\/p>\n","answer":"<p style=\"text-align: center;\"><strong>Skipping<\/strong><\/p>\n","image":{"path":"images\/image-60e5d42a0d0d6.jpg","mime":"image\/jpeg","copyright":{"license":"U"},"width":329,"height":497,"originalImage":{"path":"images\/image-60e5d0b6d865a.jpg#tmp","mime":"image\/jpeg","height":1080,"width":700}}}],"behaviour":{"enableRetry":true,"disableBackwardsNavigation":false,"scaleTextNotCard":false,"randomCards":false,"maxProficiency":5,"quickProgression":false},"answer":"Turn","next":"Next","prev":"Previous","retry":"Retry","correctAnswer":"I got it right!","incorrectAnswer":"I got it wrong","round":"Round @round","cardsLeft":"Cards left: @number","nextRound":"Proceed to round @round","startOver":"Start over","showSummary":"Next","summary":"Summary","summaryCardsRight":"Cards you got right:","summaryCardsWrong":"Cards you got wrong:","summaryCardsNotShown":"Cards in pool not shown:","summaryOverallScore":"Overall Score","summaryCardsCompleted":"Cards you have completed learning:","summaryCompletedRounds":"Completed rounds:","summaryAllDone":"Well done! You got all @cards cards correct @max times in a row!","progressText":"Card @card of @total","cardFrontLabel":"Card front","cardBackLabel":"Card back","tipButtonLabel":"Show tip","audioNotSupported":"Your browser does not support this audio","confirmStartingOver":{"header":"Start over?","body":"All progress will be lost. Are you sure you want to start over?","cancelLabel":"Cancel","confirmLabel":"Start over"},"title":"<p style=\"text-align: center;\"><strong>Moving skills<\/strong><\/p>\n"}