{"cards":[{"text":"The baby of a pig is called _____ .","answer":"piglet","image":{"path":"images\/image-60dd46297d041.jpg","mime":"image\/jpeg","copyright":{"license":"U"},"width":215,"height":240},"tip":""},{"text":"The baby of a sheep is called ____ .","answer":"lamb","image":{"path":"images\/image-60dd46c9da438.jpg","mime":"image\/jpeg","copyright":{"license":"U"},"width":319,"height":240},"tip":""},{"text":"What do we call a baby cow?","answer":"Calf","image":{"path":"images\/image-60dd47477dc26.jpg","mime":"image\/jpeg","copyright":{"license":"U"},"width":320,"height":240},"tip":""},{"text":"Which baby animal can you see in the picture?","answer":"Tadpole","image":{"path":"images\/image-60dd479665177.jpg","mime":"image\/jpeg","copyright":{"license":"U"},"width":170,"height":240},"tip":"<p><strong>Baby of a frog<\/strong><\/p>\n"},{"text":"What is a human infant called?","answer":"Baby","image":{"path":"images\/image-60dd47fe2d2a2.jpg","mime":"image\/jpeg","copyright":{"license":"U"},"width":400,"height":240},"tip":""},{"text":"A baby cat is called chicken. Yes or No?","answer":"No","tip":"","image":{"path":"images\/image-64623972e07d2.png","mime":"image\/png","copyright":{"license":"U"},"width":359,"height":334}},{"text":"Which baby animal can you see in the picture with their parents?","answer":"Chick","image":{"path":"images\/image-60dd48d859526.jpg","mime":"image\/jpeg","copyright":{"license":"U"},"width":369,"height":240},"tip":""},{"text":"A baby pigeon is called a squab. Yes or No?","answer":"Yes","tip":"","image":{"path":"images\/image-64623aedcd7dc.png","mime":"image\/png","copyright":{"license":"U"},"width":444,"height":375}},{"text":"A baby horse is called a ____ .","answer":"foal","tip":"","image":{"path":"images\/image-60ddee28b13a9.jpg","mime":"image\/jpeg","copyright":{"license":"U"},"width":626,"height":375}},{"text":"A baby dog is called a ____ .","answer":"puppy|pup","tip":"","image":{"path":"images\/image-60de9cf11fce8.jpg","mime":"image\/jpeg","copyright":{"license":"U"},"width":500,"height":341}}],"progressText":"Card @card of @total","next":"Next","previous":"Previous","checkAnswerText":"Check","showSolutionsRequiresInput":true,"defaultAnswerText":"Your answer","correctAnswerText":"Correct","incorrectAnswerText":"Incorrect","showSolutionText":"Correct answer","results":"Results","ofCorrect":"@score of @total correct","showResults":"Show results","answerShortText":"A:","retry":"Retry","caseSensitive":false,"cardAnnouncement":"Incorrect answer. Correct answer was @answer","pageAnnouncement":"Page @current of @total","description":"Read the questions carefully and type the correct answers.","correctAnswerAnnouncement":"@answer is correct.","randomCards":true}