{"cards":[{"text":"Linux is an application software. True or False?","answer":"False","imageAltText":"True or false","image":{"path":"images\/image-60eb16850f4f2.jpg","mime":"image\/jpeg","copyright":{"license":"U"},"width":479,"height":600},"tip":""},{"text":".................. software is designed to address the user&#039;s need.","answer":"Application","tip":"<p>system of Application<\/p>\n","image":{"path":"images\/image-60eb1631e4664.png","mime":"image\/png","copyright":{"license":"U"},"width":696,"height":448}},{"text":"Application software is bigger in size and requires large storage space. True or False?","answer":"True","image":{"path":"images\/image-60eb15c60a42c.png","mime":"image\/png","copyright":{"license":"U"},"width":238,"height":250},"tip":""},{"text":"Application software is slow in operation compare to system software. True or false?","answer":"True","image":{"path":"images\/image-60eb151204bdc.png","mime":"image\/png","copyright":{"license":"U"},"width":1000,"height":1080},"tip":""},{"text":"Microsoft PowerPoint, Microsoft Page Maker, Adobe Reader are examples of _____ software.","answer":"Packaged\/Package","tip":"","image":{"path":"images\/image-60eb1481b3fa5.png","mime":"image\/png","copyright":{"license":"U"},"width":422,"height":246,"originalImage":{"path":"images\/image-60eb146b898ef.png#tmp","mime":"image\/png","height":250,"width":1200}}},{"text":"________ software is a user friendly software consisting of one or more programs created to perform a particular type of work.","answer":"Packaged\\\/Package","image":{"path":"images\/image-60eb139cb8bf0.png","mime":"image\/png","copyright":{"license":"U"},"width":1000,"height":1080},"tip":""},{"text":"Library Management System, Payroll System are examples of _____ software.","answer":"Customized\/Tailored","image":{"path":"images\/image-60eb12c6d067b.png","mime":"image\/png","copyright":{"license":"U"},"width":850,"height":1080},"tip":""},{"text":"Customized or Tailored Software is written in the ______ level language?","answer":"High","tip":"<p style=\"text-align: center;\"><strong>High or Low<\/strong><\/p>\n","image":{"path":"images\/image-60eb0feb98686.png","mime":"image\/png","copyright":{"license":"U"},"width":547,"height":244,"originalImage":{"path":"images\/image-60eb0fe00ceab.png#tmp","mime":"image\/png","height":250,"width":1200}}},{"text":"Payroll Software, Inventory Management Software, etc. are examples of?","answer":"Application Software\/Application","tip":"<p style=\"text-align: center;\"><strong>Application or system<\/strong><\/p>\n","image":{"path":"images\/image-60eb0d9a6eede.png","mime":"image\/png","copyright":{"license":"U"},"width":850,"height":1080}},{"text":"________ software is designed to satisfy a particular need of users. It is directly designed for users.","answer":"Application","image":{"path":"images\/image-60eb0cefcc62b.png","mime":"image\/png","copyright":{"license":"U"},"width":626,"height":626},"tip":"<p style=\"text-align: center;\"><strong>type of software<\/strong><\/p>\n"}],"progressText":"Card @card of @total","next":"Next","previous":"Previous","checkAnswerText":"Check","showSolutionsRequiresInput":true,"defaultAnswerText":"Your answer","correctAnswerText":"Correct","incorrectAnswerText":"Incorrect","showSolutionText":"Correct answer","results":"Results","ofCorrect":"@score of @total correct","showResults":"Show results","answerShortText":"A:","retry":"Retry","caseSensitive":false,"cardAnnouncement":"Incorrect answer. Correct answer was @answer","pageAnnouncement":"Page @current of @total","description":"Guess the correct answer","correctAnswerAnnouncement":"@answer is correct.","randomCards":false}