{"cards":[{"tip":"","text":"Magnetic and optical storage devices were used for storing data in fourth generation computers. True or false?","answer":"True","image":{"path":"images\/image-60ee70250bc67.png","mime":"image\/png","copyright":{"license":"U"},"width":387,"height":245,"originalImage":{"path":"images\/image-60ee701bedef7.png#tmp","mime":"image\/png","height":250,"width":1200}}},{"tip":"","text":"Microprocessor is the main component of fourth generation computers. True or False?","answer":"True","image":{"path":"images\/image-60ee6fd0d4c73.png","mime":"image\/png","copyright":{"license":"U"},"width":720,"height":720}},{"text":"Concept of AI was introduced in fourth generation computers. True or false?","answer":"False","tip":"","image":{"path":"images\/image-60ee6f2074880.jpg","mime":"image\/jpeg","copyright":{"license":"U"},"width":612,"height":452}},{"text":"In fourth generation computers  more than 5000GB were used as secondary memory.True or False?","answer":"False","image":{"path":"images\/image-60ee6996cf394.png","mime":"image\/png","copyright":{"license":"U"},"width":389,"height":240,"originalImage":{"path":"images\/image-60ee698e9edac.png#tmp","mime":"image\/png","height":250,"width":1200}},"tip":""},{"text":"The first Microprocessor was developed in _____ generation computers.","answer":"Fourth\/4th","imageAltText":"1971","image":{"path":"images\/image-60ee68c612f1e.jpg","mime":"image\/jpeg","copyright":{"license":"U"},"width":1000,"height":1002},"tip":""},{"text":"Fourth generation computers consists of about _______ transistors.","answer":"5000","tip":"<p style=\"text-align: center;\"><strong>How many?<\/strong><\/p>\n","image":{"path":"images\/image-60ee6942e624d.png","mime":"image\/png","copyright":{"license":"U"},"width":242,"height":246,"originalImage":{"path":"images\/image-60ee6936b8a46.png#tmp","mime":"image\/png","height":250,"width":1200}}},{"text":"Pentium I\/II\/III\/IV, HP 3033, APPLE II are examples of ____ generation computers","answer":"Fourth\/4th","image":{"path":"images\/image-60ee68813bc4e.jpg","mime":"image\/jpeg","copyright":{"license":"U"},"width":299,"height":168},"tip":""},{"text":"Due to the use of ________ size was greatly reduced in fourth generation computers. (Write answers in short form)","answer":"LSIC and VLSIC\/VLSIC and LSIC","image":{"path":"images\/image-60ee67962169f.jpg","mime":"image\/jpeg","copyright":{"license":"U"},"width":238,"height":250},"tip":"<p style=\"text-align: center;\"><strong>There's 2 answers. Separate your answers with 'and'<\/strong><\/p>\n"},{"text":"The operating speed of fourth generation computer was below picoseconds. True or false?","answer":"False","image":{"path":"images\/image-60ee673a7a2b4.jpg","mime":"image\/jpeg","copyright":{"license":"U"},"width":219,"height":230},"tip":""},{"text":"Fourth generation computers were released in ____ A.D.","answer":"1971","image":{"path":"images\/image-60ee66e94264b.jpg","mime":"image\/jpeg","copyright":{"license":"U"},"width":1000,"height":1002},"tip":""}],"progressText":"Card @card of @total","next":"Next","previous":"Previous","checkAnswerText":"Check","showSolutionsRequiresInput":true,"defaultAnswerText":"Your answer","correctAnswerText":"Correct","incorrectAnswerText":"Incorrect","showSolutionText":"Correct answer","results":"Results","ofCorrect":"@score of @total correct","showResults":"Show results","answerShortText":"A:","retry":"Retry","caseSensitive":false,"cardAnnouncement":"Incorrect answer. Correct answer was @answer","pageAnnouncement":"Page @current of @total","description":"Guess the correct answer.","correctAnswerAnnouncement":"@answer is correct.","randomCards":false}