{"mode":"repetition","description":"<p style=\"text-align: center;\"><strong>Guess the correct answer of the following<\/strong><\/p>\n","dialogs":[{"tips":{},"text":"<p style=\"text-align: center;\"><strong>What is a matter?<\/strong><\/p>\n","answer":"<p style=\"text-align: center;\"><strong>Matter can be defined as anything having mass and volume.<\/strong><\/p>\n","image":{"path":"images\/image-60f94ccd54780.png","mime":"image\/png","copyright":{"license":"U"},"width":320,"height":351}},{"tips":{},"text":"<p style=\"text-align: center;\"><strong>What is a solid?<\/strong><\/p>\n","answer":"<p style=\"text-align: center;\"><strong>Matter having a fixed shape and a fixed volume is called solid.<\/strong><\/p>\n","image":{"path":"images\/image-60f036f8d2736.jpg","mime":"image\/jpeg","copyright":{"license":"U"},"width":506,"height":339}},{"tips":{},"text":"<p style=\"text-align: center;\"><strong>What is liquid?<\/strong><\/p>\n","answer":"<p style=\"text-align: center;\"><strong>Liquid is a matter having no fixed shape but having a fixed volume.<\/strong><\/p>\n","image":{"path":"images\/image-60f0374c72158.jpg","mime":"image\/jpeg","copyright":{"license":"U"},"width":480,"height":427}},{"tips":{},"text":"<p style=\"text-align: center;\"><strong>What is gas?<\/strong><\/p>\n","answer":"<p style=\"text-align: center;\"><strong>A matter having no fixed shape and volume is called gas.<\/strong><\/p>\n","image":{"path":"images\/image-60f03786672f7.jpg","mime":"image\/jpeg","copyright":{"license":"U"},"width":600,"height":594}},{"tips":{},"text":"<p style=\"text-align: center;\"><strong>The smallest particles of an element are called ........<\/strong><\/p>\n","answer":"<p style=\"text-align: center;\"><strong>atom<\/strong><\/p>\n","image":{"path":"images\/image-60f03868ef0e6.png","mime":"image\/png","copyright":{"license":"U"},"width":907,"height":1024}},{"tips":{},"text":"<p style=\"text-align: center;\"><strong>The smallest particles of matter that exist freely are known as.......<\/strong><\/p>\n","answer":"<p style=\"text-align: center;\"><strong>Molecule<\/strong><\/p>\n","image":{"path":"images\/image-60f038bd48537.png","mime":"image\/png","copyright":{"license":"U"},"width":2400,"height":1260}},{"tips":{},"text":"<p style=\"text-align: center;\"><strong>Water is a compound formed by the combination of ..... atoms of hydrogen and .... atom of oxygen.<\/strong><\/p>\n","answer":"<p style=\"text-align: center;\"><strong>Two atoms of hydrogen and one atom of oxygen<\/strong><\/p>\n","image":{"path":"images\/image-60f0395f0a47b.jpg","mime":"image\/jpeg","copyright":{"license":"U"},"width":292,"height":300}},{"tips":{},"text":"<p style=\"text-align: center;\"><strong>What is the symbol of sodium?<\/strong><\/p>\n","answer":"<p style=\"text-align: center;\"><strong>Na<\/strong><\/p>\n","image":{"path":"images\/image-60f03a5fb7246.jpg","mime":"image\/jpeg","copyright":{"license":"U"},"width":300,"height":300}},{"tips":{},"answer":"<p style=\"text-align: center;\"><strong>3 (Three)<\/strong><\/p>\n","text":"<p style=\"text-align: center;\"><strong>Matter exists in ..... states.<\/strong><\/p>\n","image":{"path":"images\/image-60f03b7c29a63.png","mime":"image\/png","copyright":{"license":"U"},"width":600,"height":609}},{"tips":{},"text":"<p style=\"text-align: center;\"><strong>K is the symbol of Carbon. (True or False)<\/strong><\/p>\n","answer":"<p style=\"text-align: center;\"><strong>False<\/strong><\/p>\n","image":{"path":"images\/image-60f03c0a196ca.jpg","mime":"image\/jpeg","copyright":{"license":"U"},"width":612,"height":612}}],"behaviour":{"enableRetry":true,"disableBackwardsNavigation":false,"scaleTextNotCard":false,"randomCards":false,"maxProficiency":5,"quickProgression":false},"answer":"Turn","next":"Next","prev":"Previous","retry":"Retry","correctAnswer":"I got it right!","incorrectAnswer":"I got it wrong","round":"Round @round","cardsLeft":"Cards left: @number","nextRound":"Proceed to round @round","startOver":"Start over","showSummary":"Next","summary":"Summary","summaryCardsRight":"Cards you got right:","summaryCardsWrong":"Cards you got wrong:","summaryCardsNotShown":"Cards in pool not shown:","summaryOverallScore":"Overall Score","summaryCardsCompleted":"Cards you have completed learning:","summaryCompletedRounds":"Completed rounds:","summaryAllDone":"Well done! You got all @cards cards correct @max times in a row!","progressText":"Card @card of @total","cardFrontLabel":"Card front","cardBackLabel":"Card back","tipButtonLabel":"Show tip","audioNotSupported":"Your browser does not support this audio","confirmStartingOver":{"header":"Start over?","body":"All progress will be lost. Are you sure you want to start over?","cancelLabel":"Cancel","confirmLabel":"Start over"},"title":"<p style=\"text-align: center;\"><strong>Matter<\/strong><\/p>\n"}