{"cards":[{"image":{"path":"images\/image-659779c04f3fc.png","mime":"image\/png","copyright":{"license":"U"},"width":512,"height":512},"text":"What are the substances from which we get energy called?","answer":"Sources of energy","tip":""},{"text":"What are the sources of energy which are produced continuously in nature and can be used again and again called?","answer":"Renewable sources of energy\/Renewable energy","image":{"path":"images\/image-60e6b004179e2.jpg","mime":"image\/jpeg","copyright":{"license":"U"},"width":995,"height":708},"tip":""},{"image":{"path":"images\/image-60e6b0453ac7e.jpg","mime":"image\/jpeg","copyright":{"license":"U"},"width":1000,"height":988},"text":"What are the sources of energy which cannot be used again and again after their use called?","answer":"Non-renewable sources of energy\/Non-renewable energy","tip":""},{"image":{"path":"images\/image-60e6b10e15976.jpg","mime":"image\/jpeg","copyright":{"license":"U"},"width":1000,"height":985},"text":"What form of energy makes things visible?","answer":"Light energy","tip":""},{"image":{"path":"images\/image-60e6b1e12c48e.jpg","mime":"image\/jpeg","copyright":{"license":"U"},"width":952,"height":687},"text":"Campfire is an example of ___ energy.","answer":"heat","tip":""},{"image":{"path":"images\/image-60e6b2519f416.jpg","mime":"image\/jpeg","copyright":{"license":"U"},"width":994,"height":955},"text":"Television is an example of ____ energy.","answer":"Electrical\/Electric","tip":""},{"image":{"path":"images\/image-60e6b369ae158.jpg","mime":"image\/jpeg","copyright":{"license":"U"},"width":999,"height":938},"text":"Wind is a source of renewable energy. True or False?","answer":"True","tip":""},{"text":"Coal is a renewable source of energy. True or False?","answer":"False","tip":"","image":{"path":"images\/image-60e6b557a407f.jpg","mime":"image\/jpeg","copyright":{"license":"U"},"width":999,"height":842}},{"image":{"path":"images\/image-60e6b44311563.jpg","mime":"image\/jpeg","copyright":{"license":"U"},"width":706,"height":972},"text":"What energy does a speaker phone produce?","answer":"Sound energy","tip":""},{"image":{"path":"images\/image-60e6b4a82753e.jpg","mime":"image\/jpeg","copyright":{"license":"U"},"width":994,"height":977},"text":"What energy does a magnet produce?","answer":"Magnetic energy","tip":""}],"progressText":"Card @card of @total","next":"Next","previous":"Previous","checkAnswerText":"Check","showSolutionsRequiresInput":true,"defaultAnswerText":"Your answer","correctAnswerText":"Correct","incorrectAnswerText":"Incorrect","showSolutionText":"Correct answer","results":"Results","ofCorrect":"@score of @total correct","showResults":"Show results","answerShortText":"A:","retry":"Retry","caseSensitive":false,"cardAnnouncement":"Incorrect answer. Correct answer was @answer","pageAnnouncement":"Page @current of @total","description":"Read the questions properly and fill in the correct answers.","correctAnswerAnnouncement":"@answer is correct.","randomCards":true}