{"cards":[{"tip":"<p style=\"text-align: center;\"><strong>Moving images of drawings.<\/strong><\/p>\n","text":"The most effective element of multimedia is:","answer":"Animation","image":{"path":"images\/image-60fd635ac3b08.png","mime":"image\/png","copyright":{"license":"U"},"width":900,"height":573}},{"tip":"","text":"What is the different styles of writing a text in a document called?","answer":"Font","image":{"path":"images\/image-60fd635eeee64.png","mime":"image\/png","copyright":{"license":"U"},"width":512,"height":512}},{"tip":"","text":"_________ images are real images that can be captured from devices such as digital cameras or scanners.","answer":"Bitmap","image":{"path":"images\/image-60fd636217098.jpg","mime":"image\/jpeg","copyright":{"license":"U"},"width":820,"height":512}},{"tip":"","text":"Vector graphics require a large amount of memory. [True\/False]","answer":"False","image":{"path":"images\/image-60fd6363cd626.png","mime":"image\/png","copyright":{"license":"U"},"width":512,"height":512}},{"tip":"","text":"It is a continuous series of still images that are displayed in a sequence for multimedia purposes.","answer":"Animation","image":{"path":"images\/image-60fd647863cc2.gif","mime":"image\/gif","copyright":{"license":"U"},"width":800,"height":600}},{"tip":"","answer":"Video","text":"Multiple team members of a company can attend a meeting through online ______ conferencing.","image":{"path":"images\/image-60fd6369b5f0e.jpg","mime":"image\/jpeg","copyright":{"license":"U"},"width":870,"height":489}},{"tip":"","text":"Pokemon GO is an example of multimedia which uses _________ reality technology for entertainment.","answer":"Augmented","image":{"path":"images\/image-60fd636d3aaac.png","mime":"image\/png","copyright":{"license":"U"},"width":640,"height":634}},{"tip":"<p style=\"text-align: center;\"><strong>It utilizes video feedback.<\/strong><\/p>\n","text":"It is a multimedia hardware device used in ATM to keep it secure.","answer":"CCTV\/CC Camera","image":{"path":"images\/image-60fd6372c9e26.jpg","mime":"image\/jpeg","copyright":{"license":"U"},"width":450,"height":425}},{"tip":"","text":"CT Scans are an example of uses of multimedia in a hospital. (True\/False)","answer":"True","image":{"path":"images\/image-60fd6375af283.jpg","mime":"image\/jpeg","copyright":{"license":"U"},"width":760,"height":443}},{"tip":"<p style=\"text-align: center;\"><strong>Short form of Electrocardiogram<\/strong><\/p>\n","text":"_________ is used to monitor the heart activity.","answer":"ECG\/EKG","image":{"path":"images\/image-60fd63771cec9.jpg","mime":"image\/jpeg","copyright":{"license":"U"},"width":500,"height":332}}],"progressText":"Card @card of @total","next":"Next","previous":"Previous","checkAnswerText":"Check","showSolutionsRequiresInput":true,"defaultAnswerText":"Your answer","correctAnswerText":"Correct","incorrectAnswerText":"Incorrect","showSolutionText":"Correct answer","results":"Results","ofCorrect":"@score of @total correct","showResults":"Show results","answerShortText":"A:","retry":"Retry","caseSensitive":false,"cardAnnouncement":"Incorrect answer. Correct answer was @answer","pageAnnouncement":"Page @current of @total","description":"Read the information given in the cards and answer accordingly","correctAnswerAnnouncement":"@answer is correct.","randomCards":false}