{"mode":"repetition","description":"<p style=\"text-align: center;\"><strong>Guess the correct answer with the help of the images.<\/strong><\/p>\n","dialogs":[{"tips":{},"text":"<p style=\"text-align: center;\"><strong>What should we use to wipe our face?<\/strong><\/p>\n","answer":"<p style=\"text-align: center;\"><strong>Towel<\/strong><\/p>\n","image":{"path":"images\/image-60e3f8f95f95b.jpg","mime":"image\/jpeg","copyright":{"license":"U"},"width":626,"height":626},"audio":[{"path":"audios\/audio-60e3fa4bd67a8.mp3","mime":"audio\/mpeg","copyright":{"license":"U"}}]},{"tips":{},"text":"<p style=\"text-align: center;\"><strong>Is this picture showing good or bad habits?<\/strong><\/p>\n","answer":"<p style=\"text-align: center;\"><strong>Good habits<\/strong><\/p>\n","image":{"path":"images\/image-60e3fb8680772.jpg","mime":"image\/jpeg","copyright":{"license":"U"},"width":626,"height":626},"audio":[{"path":"audios\/audio-60e3fc6617bc1.mp3","mime":"audio\/mpeg","copyright":{"license":"U"}}]},{"tips":{},"text":"<p style=\"text-align: center;\"><strong>Waking up early in the morning is good habit.<\/strong><\/p>\n\n<p style=\"text-align: center;\"><strong>True or False?<\/strong><\/p>\n","answer":"<p style=\"text-align: center;\"><strong>True<\/strong><\/p>\n","audio":[{"path":"audios\/audio-60e3fd0449b43.mp3","mime":"audio\/mpeg","copyright":{"license":"U"}}],"image":{"path":"images\/image-60e3fd55b0868.jpg","mime":"image\/jpeg","copyright":{"license":"U"},"width":626,"height":466}},{"tips":{},"text":"<p style=\"text-align: center;\"><strong>What is the name of this object?<\/strong><\/p>\n","answer":"<p style=\"text-align: center;\"><strong>Tooth brush<\/strong><\/p>\n","audio":[{"path":"audios\/audio-60e3fdf3441de.mp3","mime":"audio\/mpeg","copyright":{"license":"U"}}],"image":{"path":"images\/image-60e3fe8200dbf.jpg","mime":"image\/jpeg","copyright":{"license":"U"},"width":626,"height":347}},{"tips":{},"text":"<p style=\"text-align: center;\"><strong>What is the use of comb?<\/strong><\/p>\n","answer":"<p style=\"text-align: center;\"><strong>To comb hair<\/strong><\/p>\n","audio":[{"path":"audios\/audio-60e3ffb75580b.mp3","mime":"audio\/mpeg","copyright":{"license":"U"}}],"image":{"path":"images\/image-60e40008d0bcd.jpg","mime":"image\/jpeg","copyright":{"license":"U"},"width":626,"height":266}},{"tips":{},"text":"<p style=\"text-align: center;\"><strong>How many times should we brush our teeth in a day?<\/strong><\/p>\n","answer":"<p style=\"text-align: center;\"><strong>Two times a day<\/strong><\/p>\n","image":{"path":"images\/image-60e40139bcff4.jpg","mime":"image\/jpeg","copyright":{"license":"U"},"width":620,"height":626},"audio":[{"path":"audios\/audio-60e40153bd897.mp3","mime":"audio\/mpeg","copyright":{"license":"U"}}]},{"tips":{},"text":"<p style=\"text-align: center;\"><strong>Which object is good to trim nails, nail cutter or blade?<\/strong><\/p>\n","answer":"<p style=\"text-align: center;\"><strong>Nail cutter<\/strong><\/p>\n","audio":[{"path":"audios\/audio-60e4028f45855.mp3","mime":"audio\/mpeg","copyright":{"license":"U"}}],"image":{"path":"images\/image-60e404245d010.jpg","mime":"image\/jpeg","copyright":{"license":"U"},"width":626,"height":626}},{"tips":{},"text":"<p style=\"text-align: center;\"><strong>Should we have a balanced diet to maintain our health?<\/strong><\/p>\n\n<p style=\"text-align: center;\"><strong>Yes or No?<\/strong><\/p>\n","audio":[{"path":"audios\/audio-60e405fb7c82c.mp3","mime":"audio\/mpeg","copyright":{"license":"U"}}],"image":{"path":"images\/image-60e406b507fe9.jpg","mime":"image\/jpeg","copyright":{"license":"U"},"width":626,"height":626},"answer":"<p style=\"text-align: center;\"><strong>Yes<\/strong><\/p>\n"},{"tips":{},"text":"<p style=\"text-align: center;\"><strong>We should wash our hands before meal.<\/strong><\/p>\n\n<p style=\"text-align: center;\"><strong>True or False?<\/strong><\/p>\n","audio":[{"path":"audios\/audio-60e407535de6a.mp3","mime":"audio\/mpeg","copyright":{"license":"U"}}],"image":{"path":"images\/image-60e407ca05c14.jpg","mime":"image\/jpeg","copyright":{"license":"U"},"width":439,"height":626},"answer":"<p style=\"text-align: center;\"><strong>True<\/strong><\/p>\n"},{"tips":{},"text":"<p style=\"text-align: center;\"><strong>Boiled water is not good for health.<\/strong><\/p>\n\n<p style=\"text-align: center;\"><strong>True or False?<\/strong><\/p>\n","audio":[{"path":"audios\/audio-60e408430d7b0.mp3","mime":"audio\/mpeg","copyright":{"license":"U"}}],"image":{"path":"images\/image-60e408c76690a.jpg","mime":"image\/jpeg","copyright":{"license":"U"},"width":626,"height":344},"answer":"<p style=\"text-align: center;\"><strong>False<\/strong><\/p>\n"}],"behaviour":{"enableRetry":true,"disableBackwardsNavigation":false,"scaleTextNotCard":false,"randomCards":false,"maxProficiency":5,"quickProgression":false},"answer":"Turn","next":"Next","prev":"Previous","retry":"Retry","correctAnswer":"I got it right!","incorrectAnswer":"I got it wrong","round":"Round @round","cardsLeft":"Cards left: @number","nextRound":"Proceed to round @round","startOver":"Start over","showSummary":"Next","summary":"Summary","summaryCardsRight":"Cards you got right:","summaryCardsWrong":"Cards you got wrong:","summaryCardsNotShown":"Cards in pool not shown:","summaryOverallScore":"Overall Score","summaryCardsCompleted":"Cards you have completed learning:","summaryCompletedRounds":"Completed rounds:","summaryAllDone":"Well done! You got all @cards cards correct @max times in a row!","progressText":"Card @card of @total","cardFrontLabel":"Card front","cardBackLabel":"Card back","tipButtonLabel":"Show tip","audioNotSupported":"Your browser does not support this audio","confirmStartingOver":{"header":"Start over?","body":"All progress will be lost. Are you sure you want to start over?","cancelLabel":"Cancel","confirmLabel":"Start over"},"title":"<p style=\"text-align: center;\"><strong>Personal Hygiene<\/strong><\/p>\n"}