{"content":[{"content":{"params":{"media":{"disableImageZooming":true,"type":{"params":{"contentName":"Image","file":{"path":"images\/file-60f41daea54bc.png","mime":"image\/png","copyright":{"license":"U"},"width":1300,"height":250},"decorative":false,"expandImage":"Expand Image","minimizeImage":"Minimize Image"},"library":"H5P.Image 1.1","metadata":{"contentType":"Image","license":"U","title":"Untitled Image"},"subContentId":"039b4808-2a0c-4199-80fe-d593613671b4"}},"correct":"false","behaviour":{"enableRetry":true,"enableSolutionsButton":true,"enableCheckButton":true,"confirmCheckDialog":false,"confirmRetryDialog":false,"autoCheck":false},"l10n":{"trueText":"True","falseText":"False","score":"You got @score of @total points","checkAnswer":"Check","showSolutionButton":"Show solution","tryAgain":"Retry","wrongAnswerMessage":"Wrong answer","correctAnswerMessage":"Correct answer","scoreBarLabel":"You got :num out of :total points","a11yCheck":"Check the answers. The responses will be marked as correct, incorrect, or unanswered.","a11yShowSolution":"Show the solution. The task will be marked with its correct solution.","a11yRetry":"Retry the task. Reset all responses and start the task over again.","submitAnswer":"Submit"},"confirmCheck":{"header":"Finish ?","body":"Are you sure you wish to finish ?","cancelLabel":"Cancel","confirmLabel":"Finish"},"confirmRetry":{"header":"Retry ?","body":"Are you sure you wish to retry ?","cancelLabel":"Cancel","confirmLabel":"Confirm"},"question":"<p style=\"text-align: center;\"><strong>A software program is free of errors at its first design itself.<\/strong><\/p>\n"},"library":"H5P.TrueFalse 1.8","metadata":{"contentType":"True\/False Question","license":"U","title":"Untitled True\/False Question"},"subContentId":"92f54e0e-e574-4853-b1a1-7740bd257aea"},"useSeparator":"auto"},{"content":{"params":{"media":{"disableImageZooming":true,"type":{"params":{"contentName":"Image","file":{"path":"images\/file-60f41db8088f7.png","mime":"image\/png","copyright":{"license":"U"},"width":1300,"height":250},"decorative":false,"expandImage":"Expand Image","minimizeImage":"Minimize Image"},"library":"H5P.Image 1.1","metadata":{"contentType":"Image","license":"U","title":"Untitled Image"},"subContentId":"557cf979-5bbf-4b92-b057-70e59960eeb0"}},"correct":"true","behaviour":{"enableRetry":true,"enableSolutionsButton":true,"enableCheckButton":true,"confirmCheckDialog":false,"confirmRetryDialog":false,"autoCheck":false},"l10n":{"trueText":"True","falseText":"False","score":"You got @score of @total points","checkAnswer":"Check","showSolutionButton":"Show solution","tryAgain":"Retry","wrongAnswerMessage":"Wrong answer","correctAnswerMessage":"Correct answer","scoreBarLabel":"You got :num out of :total points","a11yCheck":"Check the answers. The responses will be marked as correct, incorrect, or unanswered.","a11yShowSolution":"Show the solution. The task will be marked with its correct solution.","a11yRetry":"Retry the task. Reset all responses and start the task over again.","submitAnswer":"Submit"},"confirmCheck":{"header":"Finish ?","body":"Are you sure you wish to finish ?","cancelLabel":"Cancel","confirmLabel":"Finish"},"confirmRetry":{"header":"Retry ?","body":"Are you sure you wish to retry ?","cancelLabel":"Cancel","confirmLabel":"Confirm"},"question":"<p style=\"text-align: center;\"><strong>Software programs may need to be extended or redesigned.<\/strong><\/p>\n"},"library":"H5P.TrueFalse 1.8","metadata":{"contentType":"True\/False Question","license":"U","title":"Untitled True\/False Question"},"subContentId":"886fc795-087c-4907-9060-e7c6244ffcec"},"useSeparator":"auto"},{"content":{"params":{"media":{"disableImageZooming":true,"type":{"params":{"contentName":"Image","file":{"path":"images\/file-60f41dccd9547.png","mime":"image\/png","copyright":{"license":"U"},"width":1300,"height":250},"decorative":false,"expandImage":"Expand Image","minimizeImage":"Minimize Image"},"library":"H5P.Image 1.1","metadata":{"contentType":"Image","license":"U","title":"Untitled Image"},"subContentId":"867e2b67-14c8-4a2b-b7f5-b0f31ea298b6"}},"correct":"false","behaviour":{"enableRetry":true,"enableSolutionsButton":true,"enableCheckButton":true,"confirmCheckDialog":false,"confirmRetryDialog":false,"autoCheck":false},"l10n":{"trueText":"True","falseText":"False","score":"You got @score of @total points","checkAnswer":"Check","showSolutionButton":"Show solution","tryAgain":"Retry","wrongAnswerMessage":"Wrong answer","correctAnswerMessage":"Correct answer","scoreBarLabel":"You got :num out of :total points","a11yCheck":"Check the answers. The responses will be marked as correct, incorrect, or unanswered.","a11yShowSolution":"Show the solution. The task will be marked with its correct solution.","a11yRetry":"Retry the task. Reset all responses and start the task over again.","submitAnswer":"Submit"},"confirmCheck":{"header":"Finish ?","body":"Are you sure you wish to finish ?","cancelLabel":"Cancel","confirmLabel":"Finish"},"confirmRetry":{"header":"Retry ?","body":"Are you sure you wish to retry ?","cancelLabel":"Cancel","confirmLabel":"Confirm"},"question":"<p style=\"text-align: center;\"><strong>Documentation helps in testing and debugging of a software program.<\/strong><\/p>\n"},"library":"H5P.TrueFalse 1.8","metadata":{"contentType":"True\/False Question","license":"U","title":"Untitled True\/False Question"},"subContentId":"73bacbe7-ec7d-4a3a-a79c-9bfbb92d1ef9"},"useSeparator":"auto"},{"content":{"params":{"media":{"disableImageZooming":true,"type":{"params":{"contentName":"Image","file":{"path":"images\/file-60f41dd91ec1e.png","mime":"image\/png","copyright":{"license":"U"},"width":1300,"height":250},"decorative":false,"expandImage":"Expand Image","minimizeImage":"Minimize Image"},"library":"H5P.Image 1.1","metadata":{"contentType":"Image","license":"U","title":"Untitled Image"},"subContentId":"7d058520-ecce-4aa2-9ea9-ee17cdcd1c3f"}},"text":"<p>&nbsp;&nbsp;<\/p>\n","overallFeedback":[{"from":0,"to":100}],"showSolutions":"Show solution","tryAgain":"Retry","checkAnswer":"Check","notFilledOut":"Please fill in all blanks to view solution","answerIsCorrect":"&#039;:ans&#039; is correct","answerIsWrong":"&#039;:ans&#039; is wrong","answeredCorrectly":"Answered correctly","answeredIncorrectly":"Answered incorrectly","solutionLabel":"Correct answer:","inputLabel":"Blank input @num of @total","inputHasTipLabel":"Tip available","tipLabel":"Tip","behaviour":{"enableRetry":true,"enableSolutionsButton":true,"enableCheckButton":true,"autoCheck":false,"caseSensitive":false,"showSolutionsRequiresInput":true,"separateLines":false,"confirmCheckDialog":false,"confirmRetryDialog":false,"acceptSpellingErrors":false},"scoreBarLabel":"You got :num out of :total points","a11yCheck":"Check the answers. The responses will be marked as correct, incorrect, or unanswered.","a11yShowSolution":"Show the solution. The task will be marked with its correct solution.","a11yRetry":"Retry the task. Reset all responses and start the task over again.","a11yCheckingModeHeader":"Checking mode","confirmCheck":{"header":"Finish ?","body":"Are you sure you wish to finish ?","cancelLabel":"Cancel","confirmLabel":"Finish"},"confirmRetry":{"header":"Retry ?","body":"Are you sure you wish to retry ?","cancelLabel":"Cancel","confirmLabel":"Confirm"},"questions":["<p style=\"text-align: center;\"><strong>*Coding\/Programming* is the process of transforming the logic documents into a<br>\ncomputer language format.<\/strong><\/p>\n"]},"library":"H5P.Blanks 1.14","metadata":{"contentType":"Fill in the Blanks","license":"U","title":"Untitled Fill in the Blanks"},"subContentId":"ccd15287-ec5e-442b-af17-f80e388b68b4"},"useSeparator":"auto"},{"content":{"params":{"media":{"disableImageZooming":true,"type":{"params":{"contentName":"Image","file":{"path":"images\/file-60f41de7caa65.png","mime":"image\/png","copyright":{"license":"U"},"width":1300,"height":250},"decorative":false,"expandImage":"Expand Image","minimizeImage":"Minimize Image"},"library":"H5P.Image 1.1","metadata":{"contentType":"Image","license":"U","title":"Untitled Image"},"subContentId":"ad58350a-bed3-4e7f-b7c6-463921453e35"}},"text":"<p>&nbsp;&nbsp;<\/p>\n","overallFeedback":[{"from":0,"to":100}],"showSolutions":"Show solution","tryAgain":"Retry","checkAnswer":"Check","notFilledOut":"Please fill in all blanks to view solution","answerIsCorrect":"&#039;:ans&#039; is correct","answerIsWrong":"&#039;:ans&#039; is wrong","answeredCorrectly":"Answered correctly","answeredIncorrectly":"Answered incorrectly","solutionLabel":"Correct answer:","inputLabel":"Blank input @num of @total","inputHasTipLabel":"Tip available","tipLabel":"Tip","behaviour":{"enableRetry":true,"enableSolutionsButton":true,"enableCheckButton":true,"autoCheck":false,"caseSensitive":false,"showSolutionsRequiresInput":true,"separateLines":false,"confirmCheckDialog":false,"confirmRetryDialog":false,"acceptSpellingErrors":false},"scoreBarLabel":"You got :num out of :total points","a11yCheck":"Check the answers. The responses will be marked as correct, incorrect, or unanswered.","a11yShowSolution":"Show the solution. The task will be marked with its correct solution.","a11yRetry":"Retry the task. Reset all responses and start the task over again.","a11yCheckingModeHeader":"Checking mode","confirmCheck":{"header":"Finish ?","body":"Are you sure you wish to finish ?","cancelLabel":"Cancel","confirmLabel":"Finish"},"confirmRetry":{"header":"Retry ?","body":"Are you sure you wish to retry ?","cancelLabel":"Cancel","confirmLabel":"Confirm"},"questions":["<p style=\"text-align: center;\"><strong>The process of finding and correcting of programming errors is known<br>\nas *debugging*.<\/strong><\/p>\n"]},"library":"H5P.Blanks 1.14","metadata":{"contentType":"Fill in the Blanks","license":"U","title":"Untitled Fill in the Blanks"},"subContentId":"e0754cc9-6b30-48ef-a931-c38214a0538d"},"useSeparator":"auto"},{"content":{"params":{"media":{"disableImageZooming":true,"type":{"params":{"contentName":"Image","file":{"path":"images\/file-60f41df419e0e.png","mime":"image\/png","copyright":{"license":"U"},"width":1300,"height":250},"decorative":false,"expandImage":"Expand Image","minimizeImage":"Minimize Image"},"library":"H5P.Image 1.1","metadata":{"contentType":"Image","license":"U","title":"Untitled Image"},"subContentId":"c6945baa-de86-4dff-8d92-2c4b2060a972"}},"text":"<p>&nbsp;&nbsp;<\/p>\n","overallFeedback":[{"from":0,"to":100}],"showSolutions":"Show solution","tryAgain":"Retry","checkAnswer":"Check","notFilledOut":"Please fill in all blanks to view solution","answerIsCorrect":"&#039;:ans&#039; is correct","answerIsWrong":"&#039;:ans&#039; is wrong","answeredCorrectly":"Answered correctly","answeredIncorrectly":"Answered incorrectly","solutionLabel":"Correct answer:","inputLabel":"Blank input @num of @total","inputHasTipLabel":"Tip available","tipLabel":"Tip","behaviour":{"enableRetry":true,"enableSolutionsButton":true,"enableCheckButton":true,"autoCheck":false,"caseSensitive":false,"showSolutionsRequiresInput":true,"separateLines":false,"confirmCheckDialog":false,"confirmRetryDialog":false,"acceptSpellingErrors":false},"scoreBarLabel":"You got :num out of :total points","a11yCheck":"Check the answers. The responses will be marked as correct, incorrect, or unanswered.","a11yShowSolution":"Show the solution. The task will be marked with its correct solution.","a11yRetry":"Retry the task. Reset all responses and start the task over again.","a11yCheckingModeHeader":"Checking mode","confirmCheck":{"header":"Finish ?","body":"Are you sure you wish to finish ?","cancelLabel":"Cancel","confirmLabel":"Finish"},"confirmRetry":{"header":"Retry ?","body":"Are you sure you wish to retry ?","cancelLabel":"Cancel","confirmLabel":"Confirm"},"questions":["<p style=\"text-align: center;\"><strong>*Testing* is the validation of the program to ensure that the program<br>\nperforms the required tasks correctly.<\/strong><\/p>\n"]},"library":"H5P.Blanks 1.14","metadata":{"contentType":"Fill in the Blanks","license":"U","title":"Untitled Fill in the Blanks"},"subContentId":"ab3fda18-eed3-4888-ab1c-b7028baf8d66"},"useSeparator":"auto"},{"content":{"params":{"media":{"disableImageZooming":true,"type":{"params":{"contentName":"Image","file":{"path":"images\/file-60f41dff98418.png","mime":"image\/png","copyright":{"license":"U"},"width":1300,"height":250},"decorative":false,"expandImage":"Expand Image","minimizeImage":"Minimize Image"},"library":"H5P.Image 1.1","metadata":{"contentType":"Image","license":"U","title":"Untitled Image"},"subContentId":"65150b24-0095-4c87-87d6-cd7bcf0d2fe2"}},"answers":[{"correct":true,"tipsAndFeedback":{"tip":"","chosenFeedback":"","notChosenFeedback":""},"text":"<div style=\"text-align: center;\"><strong>Program Coding<\/strong><\/div>\n"},{"correct":false,"tipsAndFeedback":{"tip":"","chosenFeedback":"","notChosenFeedback":""},"text":"<div style=\"text-align: center;\"><strong>Program Design<\/strong><\/div>\n"},{"correct":false,"tipsAndFeedback":{"tip":"","chosenFeedback":"","notChosenFeedback":""},"text":"<div style=\"text-align: center;\"><strong>Documentation<\/strong><\/div>\n"},{"correct":false,"tipsAndFeedback":{"tip":"","chosenFeedback":"","notChosenFeedback":""},"text":"<div style=\"text-align: center;\"><strong>Problem Analysis<\/strong><\/div>\n"},{"correct":false,"tipsAndFeedback":{"tip":"","chosenFeedback":"","notChosenFeedback":""},"text":"<div style=\"text-align: center;\"><strong>None of them<\/strong><\/div>\n"}],"overallFeedback":[{"from":0,"to":100}],"behaviour":{"enableRetry":true,"enableSolutionsButton":true,"enableCheckButton":true,"type":"auto","singlePoint":false,"randomAnswers":true,"showSolutionsRequiresInput":true,"confirmCheckDialog":false,"confirmRetryDialog":false,"autoCheck":false,"passPercentage":100,"showScorePoints":true},"UI":{"checkAnswerButton":"Check","showSolutionButton":"Show solution","tryAgainButton":"Retry","tipsLabel":"Show tip","scoreBarLabel":"You got :num out of :total points","tipAvailable":"Tip available","feedbackAvailable":"Feedback available","readFeedback":"Read feedback","wrongAnswer":"Wrong answer","correctAnswer":"Correct answer","shouldCheck":"Should have been checked","shouldNotCheck":"Should not have been checked","noInput":"Please answer before viewing the solution","a11yCheck":"Check the answers. The responses will be marked as correct, incorrect, or unanswered.","a11yShowSolution":"Show the solution. The task will be marked with its correct solution.","a11yRetry":"Retry the task. Reset all responses and start the task over again.","submitAnswerButton":"Submit"},"confirmCheck":{"header":"Finish ?","body":"Are you sure you wish to finish ?","cancelLabel":"Cancel","confirmLabel":"Finish"},"confirmRetry":{"header":"Retry ?","body":"Are you sure you wish to retry ?","cancelLabel":"Cancel","confirmLabel":"Confirm"},"question":"<p style=\"text-align: center;\"><strong>Which one of the following is the third step of PDLC?<\/strong><\/p>\n"},"library":"H5P.MultiChoice 1.16","metadata":{"contentType":"Multiple Choice","license":"U","title":"Untitled Multiple Choice"},"subContentId":"f07e545b-c30d-4c0f-bd40-5be19e5624e4"},"useSeparator":"auto"},{"content":{"params":{"media":{"disableImageZooming":true,"type":{"params":{"contentName":"Image","file":{"path":"images\/file-60f41f00ea218.png","mime":"image\/png","copyright":{"license":"U"},"width":1300,"height":250},"decorative":false,"expandImage":"Expand Image","minimizeImage":"Minimize Image"},"library":"H5P.Image 1.1","metadata":{"contentType":"Image","license":"U","title":"Untitled Image"},"subContentId":"bb1b71f3-6ed1-443a-becd-f26a0cd013ea"}},"answers":[{"correct":true,"tipsAndFeedback":{"tip":"","chosenFeedback":"","notChosenFeedback":""},"text":"<div style=\"text-align: center;\"><strong>Algorithm.<\/strong><\/div>\n"},{"correct":true,"tipsAndFeedback":{"tip":"","chosenFeedback":"","notChosenFeedback":""},"text":"<div style=\"text-align: center;\"><strong>Flowchart.<\/strong><\/div>\n"},{"correct":true,"tipsAndFeedback":{"tip":"","chosenFeedback":"","notChosenFeedback":""},"text":"<div style=\"text-align: center;\"><strong>Pseudo code.<\/strong><\/div>\n"},{"correct":false,"tipsAndFeedback":{"tip":"","chosenFeedback":"","notChosenFeedback":""},"text":"<div style=\"text-align: center;\"><strong>None of them.<\/strong><\/div>\n"}],"overallFeedback":[{"from":0,"to":100}],"behaviour":{"enableRetry":true,"enableSolutionsButton":true,"enableCheckButton":true,"type":"auto","singlePoint":false,"randomAnswers":true,"showSolutionsRequiresInput":true,"confirmCheckDialog":false,"confirmRetryDialog":false,"autoCheck":false,"passPercentage":100,"showScorePoints":true},"UI":{"checkAnswerButton":"Check","showSolutionButton":"Show solution","tryAgainButton":"Retry","tipsLabel":"Show tip","scoreBarLabel":"You got :num out of :total points","tipAvailable":"Tip available","feedbackAvailable":"Feedback available","readFeedback":"Read feedback","wrongAnswer":"Wrong answer","correctAnswer":"Correct answer","shouldCheck":"Should have been checked","shouldNotCheck":"Should not have been checked","noInput":"Please answer before viewing the solution","a11yCheck":"Check the answers. The responses will be marked as correct, incorrect, or unanswered.","a11yShowSolution":"Show the solution. The task will be marked with its correct solution.","a11yRetry":"Retry the task. Reset all responses and start the task over again.","submitAnswerButton":"Submit"},"confirmCheck":{"header":"Finish ?","body":"Are you sure you wish to finish ?","cancelLabel":"Cancel","confirmLabel":"Finish"},"confirmRetry":{"header":"Retry ?","body":"Are you sure you wish to retry ?","cancelLabel":"Cancel","confirmLabel":"Confirm"},"question":"<p style=\"text-align: center;\"><strong>What are the tools that are used by programmer in design phase?<\/strong><\/p>\n"},"library":"H5P.MultiChoice 1.16","metadata":{"contentType":"Multiple Choice","license":"U","title":"Untitled Multiple Choice"},"subContentId":"aceb5daa-adec-41d3-b8b2-e0574b2bbed6"},"useSeparator":"auto"},{"content":{"params":{"media":{"disableImageZooming":true,"type":{"params":{"contentName":"Image","file":{"path":"images\/file-60f41f48b9aca.png","mime":"image\/png","copyright":{"license":"U"},"width":1300,"height":250},"decorative":false,"expandImage":"Expand Image","minimizeImage":"Minimize Image"},"library":"H5P.Image 1.1","metadata":{"contentType":"Image","license":"U","title":"Untitled Image"},"subContentId":"ad007295-c109-4eab-8b3c-66ad81627163"}},"answers":[{"correct":false,"tipsAndFeedback":{"tip":"","chosenFeedback":"","notChosenFeedback":""},"text":"<div style=\"text-align: center;\">\n<div style=\"text-align: center;\"><strong>1.Documentation<br>\n2.Maintenance or Redesign<br>\n3. Program Design<\/strong><\/div>\n\n<div style=\"text-align: center;\"><strong>4. Testing and Debugging<br>\n5. Program Coding<\/strong><\/div>\n\n<div style=\"text-align: center;\"><strong>6.Problem Analysis<\/strong><\/div>\n<\/div>\n"},{"correct":true,"tipsAndFeedback":{"tip":"","chosenFeedback":"","notChosenFeedback":""},"text":"<div style=\"text-align: center;\"><strong>1. Problem Analysis<br>\n2. Program Design<br>\n3. Program Coding<\/strong><\/div>\n\n<div style=\"text-align: center;\"><strong>4. Testing and Debugging<br>\n5. Documentation <\/strong><\/div>\n\n<div style=\"text-align: center;\"><strong>6. Maintenance or Redesign<\/strong><\/div>\n"},{"correct":false,"tipsAndFeedback":{"tip":"","chosenFeedback":"","notChosenFeedback":""},"text":"<div style=\"text-align: center;\">\n<div style=\"text-align: center;\"><strong>1.Program Design<br>\n2.Testing and Debugging<br>\n3.&nbsp;Program Coding<\/strong><\/div>\n\n<div style=\"text-align: center;\"><strong>4. Maintenance or Redesign<br>\n5. Documentation<\/strong><\/div>\n\n<div style=\"text-align: center;\"><strong>6.Problem Analysis<\/strong><\/div>\n<\/div>\n"},{"correct":false,"tipsAndFeedback":{"tip":"","chosenFeedback":"","notChosenFeedback":""},"text":"<div style=\"text-align: center;\"><strong>None of them<\/strong><\/div>\n"}],"overallFeedback":[{"from":0,"to":100}],"behaviour":{"enableRetry":true,"enableSolutionsButton":true,"enableCheckButton":true,"type":"auto","singlePoint":false,"randomAnswers":true,"showSolutionsRequiresInput":true,"confirmCheckDialog":false,"confirmRetryDialog":false,"autoCheck":false,"passPercentage":100,"showScorePoints":true},"UI":{"checkAnswerButton":"Check","showSolutionButton":"Show solution","tryAgainButton":"Retry","tipsLabel":"Show tip","scoreBarLabel":"You got :num out of :total points","tipAvailable":"Tip available","feedbackAvailable":"Feedback available","readFeedback":"Read feedback","wrongAnswer":"Wrong answer","correctAnswer":"Correct answer","shouldCheck":"Should have been checked","shouldNotCheck":"Should not have been checked","noInput":"Please answer before viewing the solution","a11yCheck":"Check the answers. The responses will be marked as correct, incorrect, or unanswered.","a11yShowSolution":"Show the solution. The task will be marked with its correct solution.","a11yRetry":"Retry the task. Reset all responses and start the task over again.","submitAnswerButton":"Submit"},"confirmCheck":{"header":"Finish ?","body":"Are you sure you wish to finish ?","cancelLabel":"Cancel","confirmLabel":"Finish"},"confirmRetry":{"header":"Retry ?","body":"Are you sure you wish to retry ?","cancelLabel":"Cancel","confirmLabel":"Confirm"},"question":"<p style=\"text-align: center;\"><strong>What is the correct sequence of Program Development Life Cyle (PDLC)?<\/strong><br>\n&nbsp;<\/p>\n"},"library":"H5P.MultiChoice 1.16","metadata":{"contentType":"Multiple Choice","license":"U","title":"Untitled Multiple Choice"},"subContentId":"de6ac7af-212b-4f69-9619-e922198cf57e"},"useSeparator":"auto"},{"content":{"params":{"media":{"disableImageZooming":true,"type":{"params":{"contentName":"Image","file":{"path":"images\/file-60f41b5f95d65.png","mime":"image\/png","copyright":{"license":"U"},"width":1300,"height":250},"decorative":false,"expandImage":"Expand Image","minimizeImage":"Minimize Image"},"library":"H5P.Image 1.1","metadata":{"contentType":"Image","license":"U","title":"Untitled Image"},"subContentId":"74252101-18a1-4442-87b8-4ac9fe35678f"}},"text":"<p>&nbsp;&nbsp;<\/p>\n","overallFeedback":[{"from":0,"to":100}],"showSolutions":"Show solution","tryAgain":"Retry","checkAnswer":"Check","notFilledOut":"Please fill in all blanks to view solution","answerIsCorrect":"&#039;:ans&#039; is correct","answerIsWrong":"&#039;:ans&#039; is wrong","answeredCorrectly":"Answered correctly","answeredIncorrectly":"Answered incorrectly","solutionLabel":"Correct answer:","inputLabel":"Blank input @num of @total","inputHasTipLabel":"Tip available","tipLabel":"Tip","behaviour":{"enableRetry":true,"enableSolutionsButton":true,"enableCheckButton":true,"autoCheck":false,"caseSensitive":false,"showSolutionsRequiresInput":true,"separateLines":false,"confirmCheckDialog":false,"confirmRetryDialog":false,"acceptSpellingErrors":false},"scoreBarLabel":"You got :num out of :total points","a11yCheck":"Check the answers. The responses will be marked as correct, incorrect, or unanswered.","a11yShowSolution":"Show the solution. The task will be marked with its correct solution.","a11yRetry":"Retry the task. Reset all responses and start the task over again.","a11yCheckingModeHeader":"Checking mode","confirmCheck":{"header":"Finish ?","body":"Are you sure you wish to finish ?","cancelLabel":"Cancel","confirmLabel":"Finish"},"confirmRetry":{"header":"Retry ?","body":"Are you sure you wish to retry ?","cancelLabel":"Cancel","confirmLabel":"Confirm"},"questions":["<p style=\"text-align: center;\"><strong>The process of identifying the problems to be solved before a program<br>\nis developed is known as *Problem analysis\/Program analysis*.<\/strong><\/p>\n"]},"library":"H5P.Blanks 1.14","metadata":{"contentType":"Fill in the Blanks","license":"U","title":"Untitled Fill in the Blanks"},"subContentId":"b6643e9c-5a36-4d1a-ac81-288d11c32bbb"},"useSeparator":"auto"}]}