{"cards":[{"text":"What are the things having life called? [Living things\/Non-living things]","answer":"Living things","tip":"","image":{"path":"images\/image-60f04c1de1da3.jpg","mime":"image\/jpeg","copyright":{"license":"U"},"width":565,"height":497,"originalImage":{"path":"images\/image-60f04c0c150c0.jpg#tmp","mime":"image\/jpeg","height":971,"width":1000}}},{"text":"What are the things which do not have life called? [Living things\/Non-living things]","answer":"Non-living things","tip":"","image":{"path":"images\/image-60f04c3bc3e1d.jpg","mime":"image\/jpeg","copyright":{"license":"U"},"width":685,"height":497,"originalImage":{"path":"images\/image-60f04be766b49.jpg#tmp","mime":"image\/jpeg","height":811,"width":1000}}},{"text":"Stone is an example of a living being. Is it true or false?","answer":"False","tip":"","image":{"path":"images\/image-60f04c4612fe1.jpg","mime":"image\/jpeg","copyright":{"license":"U"},"width":572,"height":497,"originalImage":{"path":"images\/image-60f04bddbaa7a.jpg#tmp","mime":"image\/jpeg","height":1080,"width":1000}}},{"text":"How many sense organs do living beings have?","answer":"5\/Five","tip":"","image":{"path":"images\/image-60f40e4076a1a.jpg","mime":"image\/jpeg","copyright":{"license":"U"},"width":1000,"height":761}},{"text":"What do living beings release while breathing? [Oxygen\/Carbondioxide]","answer":"Carbon dioxide","tip":"","image":{"path":"images\/image-60f04c606e024.jpg","mime":"image\/jpeg","copyright":{"license":"U"},"width":506,"height":497,"originalImage":{"path":"images\/image-60f04ba78d191.jpg#tmp","mime":"image\/jpeg","height":1080,"width":998}}},{"text":"Living beings do not show the features of living beings after they die. [True\/False]","answer":"True","tip":"","image":{"path":"images\/image-60f04c7e4c172.jpg","mime":"image\/jpeg","copyright":{"license":"U"},"width":471,"height":497,"originalImage":{"path":"images\/image-60f04ba16765b.jpg#tmp","mime":"image\/jpeg","height":1080,"width":1000}}},{"text":"What are the small holes present on the surface of leaves called? (Stomata \/ Vein)","answer":"Stomata","tip":"","image":{"path":"images\/image-60f04d830143e.jpg","mime":"image\/jpeg","copyright":{"license":"U"},"width":754,"height":497,"originalImage":{"path":"images\/image-60f04b9c69494.jpg#tmp","mime":"image\/jpeg","height":780,"width":1000}}},{"text":"Fish breathe air with the help of gills.[Yes\/No]","answer":"Yes","tip":"","image":{"path":"images\/image-6571a4bb635f4.png","mime":"image\/png","copyright":{"license":"U"},"width":900,"height":700}},{"text":"Plants also feel the changes around them. Is it true or false?","answer":"True","tip":"","image":{"path":"images\/image-60f04d9bd8d7a.jpg","mime":"image\/jpeg","copyright":{"license":"U"},"width":512,"height":497,"originalImage":{"path":"images\/image-60f04b8b6cf97.jpg#tmp","mime":"image\/jpeg","height":1080,"width":1000}}},{"text":"What helps fish to swim?","answer":"Fins","tip":"","image":{"path":"images\/image-60f04da609fcc.jpg","mime":"image\/jpeg","copyright":{"license":"U"},"width":518,"height":497,"originalImage":{"path":"images\/image-60f04b86aa3a6.jpg#tmp","mime":"image\/jpeg","height":1080,"width":1000}}}],"progressText":"Card @card of @total","next":"Next","previous":"Previous","checkAnswerText":"Check","showSolutionsRequiresInput":true,"defaultAnswerText":"Your answer","correctAnswerText":"Correct","incorrectAnswerText":"Incorrect","showSolutionText":"Correct answer","results":"Results","ofCorrect":"@score of @total correct","showResults":"Show results","answerShortText":"A:","retry":"Retry","caseSensitive":false,"cardAnnouncement":"Incorrect answer. Correct answer was @answer","pageAnnouncement":"Page @current of @total","description":"Read the questions carefully and answer the questions.","correctAnswerAnnouncement":"@answer is correct.","randomCards":true}