{"cards":[{"text":"What do we call the nature world around us?","answer":"Environment","image":{"path":"images\/image-60e70a6599888.jpg","mime":"image\/jpeg","copyright":{"license":"U"},"width":1200,"height":800},"tip":""},{"text":"___ wastes are those that exist in a solid state in our surroundings.","answer":"Solid","image":{"path":"images\/image-60e70ad24c131.jpg","mime":"image\/jpeg","copyright":{"license":"U"},"width":474,"height":394},"tip":""},{"text":"______ wastes are those that can decay easily in the environment.","answer":"Biodegradable","image":{"path":"images\/image-658c22038027e.png","mime":"image\/png","copyright":{"license":"U"},"width":512,"height":512},"tip":""},{"text":"______ wastes are those that cannot decay easily in the environment.","answer":"Non-biodegradable","image":{"path":"images\/image-60e710ff0989f.jpg","mime":"image\/jpeg","copyright":{"license":"U"},"width":1665,"height":874},"tip":""},{"text":"Recycling is the process of collecting, processing, and transforming discarded materials into new products. Is it true or false?","answer":"True","image":{"path":"images\/image-658c21cbd8383.jpg","mime":"image\/jpeg","copyright":{"license":"U"},"width":500,"height":437},"tip":""},{"text":"A ______ is a designated area where solid waste is disposed of in a controlled and environmentally sound manner.","answer":"Sanitary landfill","image":{"path":"images\/image-60e7120bc465f.jpg","mime":"image\/jpeg","copyright":{"license":"U"},"width":810,"height":540},"tip":""},{"text":"3R&#039;s is the most effective technique of waste management. Is it true or false?","answer":"True","tip":"<p><strong>3R's=Reuse,Reduce,Recycle<\/strong><\/p>\n","image":{"path":"images\/image-60e713669a672.jpg","mime":"image\/jpeg","copyright":{"license":"U"},"width":1000,"height":1000}},{"text":"Am I one of the example of biodegradable waste? [Yes\/No]","answer":"Yes","image":{"path":"images\/image-60e7124cd9083.jpg","mime":"image\/jpeg","copyright":{"license":"U"},"width":326,"height":309,"originalImage":{"path":"images\/image-60e7123946971.jpg#tmp","mime":"image\/jpeg","height":350,"width":526}},"tip":""},{"text":"Am I a result of recycling? [Yes\/No]","answer":"Yes","image":{"path":"images\/image-60e712e181092.jpg","mime":"image\/jpeg","copyright":{"license":"U"},"width":467,"height":317,"originalImage":{"path":"images\/image-60e712d4b4a43.jpg#tmp","mime":"image\/jpeg","height":1279,"width":474}},"tip":""},{"text":"Am I a good outcome or bad outcome?","answer":"Bad outcome","image":{"path":"images\/image-60e71319de41f.jpg","mime":"image\/jpeg","copyright":{"license":"U"},"width":1354,"height":774},"tip":""}],"progressText":"Card @card of @total","next":"Next","previous":"Previous","checkAnswerText":"Check","showSolutionsRequiresInput":true,"defaultAnswerText":"Your answer","correctAnswerText":"Correct","incorrectAnswerText":"Incorrect","showSolutionText":"Correct answer","results":"Results","ofCorrect":"@score of @total correct","showResults":"Show results","answerShortText":"A:","retry":"Retry","caseSensitive":false,"cardAnnouncement":"Incorrect answer. Correct answer was @answer","pageAnnouncement":"Page @current of @total","description":"Answer the questions with the help of given flashcards.","correctAnswerAnnouncement":"@answer is correct.","randomCards":true}