{"mode":"repetition","description":"<p style=\"text-align: center;\"><strong>Answer according to the given instructions.<\/strong><\/p>\n","dialogs":[{"tips":{},"text":"<p style=\"text-align: center;\"><strong>You must always put the ____ sign before a formula<\/strong><\/p>\n","answer":"<p style=\"text-align: center;\"><strong>Equals to (=)<\/strong><\/p>\n","image":{"path":"images\/image-60ec29086e8f2.png","mime":"image\/png","copyright":{"license":"U"},"width":303,"height":161}},{"tips":{},"text":"<p style=\"text-align: center;\"><strong>Which sign is used for addition operation?<\/strong><\/p>\n","answer":"<p style=\"text-align: center;\"><strong>+<\/strong><\/p>\n","image":{"path":"images\/image-60ec29659fcdd.png","mime":"image\/png","copyright":{"license":"U"},"width":188,"height":125}},{"tips":{},"text":"<p style=\"text-align: center;\"><strong>Built in formula is called...<\/strong><\/p>\n","answer":"<p style=\"text-align: center;\"><strong>Function<\/strong><\/p>\n","image":{"path":"images\/image-60ec23f03bc4e.png","mime":"image\/png","copyright":{"license":"U"},"width":188,"height":208}},{"tips":{},"text":"<p style=\"text-align: center;\"><strong>What type of function is upper?<\/strong><\/p>\n","answer":"<p style=\"text-align: center;\"><strong>Text function<\/strong><\/p>\n","image":{"path":"images\/image-60ec2b0c05a51.png","mime":"image\/png","copyright":{"license":"U"},"width":381,"height":118}},{"tips":{},"text":"<p style=\"text-align: center;\"><strong>Which sign is used for combination operation?<\/strong><\/p>\n","answer":"<p style=\"text-align: center;\"><strong>( )<\/strong><\/p>\n","image":{"path":"images\/image-60ec2a32122d4.png","mime":"image\/png","copyright":{"license":"U"},"width":188,"height":125}},{"tips":{},"text":"<p style=\"text-align: center;\"><strong>What type of funcion is \"if\"?<\/strong><\/p>\n","answer":"<p style=\"text-align: center;\"><strong>Logical function<\/strong><\/p>\n","image":{"path":"images\/image-60ec26054f2ac.png","mime":"image\/png","copyright":{"license":"U"},"width":512,"height":512}},{"tips":{},"text":"<p style=\"text-align: center;\"><strong>A formula is an ______ that performs a calculation.<\/strong><\/p>\n","answer":"<p style=\"text-align: center;\"><strong>Equation<\/strong><\/p>\n","image":{"path":"images\/image-60ec257fea227.png","mime":"image\/png","copyright":{"license":"U"},"width":267,"height":184}},{"tips":{},"answer":"<p style=\"text-align: center;\"><strong>pound(#####)<\/strong><\/p>\n","text":"<p style=\"text-align: center;\"><strong>If the result of a formula is too large to be displayed in a cell, it may appear as ____ signs instead of a value.<\/strong><\/p>\n","image":{"path":"images\/image-60ec2a20eab8c.png","mime":"image\/png","copyright":{"license":"U"},"width":166,"height":173}},{"tips":{},"text":"<p style=\"text-align: center;\"><strong>What does SQRT function find?&nbsp;<\/strong><\/p>\n","answer":"<p style=\"text-align: center;\"><strong>The square root of a number<\/strong><\/p>\n","image":{"path":"images\/image-60ec2502df3b4.png","mime":"image\/png","copyright":{"license":"U"},"width":219,"height":230}},{"tips":{},"text":"<p style=\"text-align: center;\"><strong>What is the formula to find the sum of cells from A1 to A100?<\/strong><\/p>\n","answer":"<p style=\"text-align: center;\"><strong>=SUM(A1:A100)<\/strong><\/p>\n","image":{"path":"images\/image-60ec24d5791a7.png","mime":"image\/png","copyright":{"license":"U"},"width":173,"height":164}}],"behaviour":{"enableRetry":true,"disableBackwardsNavigation":false,"scaleTextNotCard":false,"randomCards":false,"maxProficiency":5,"quickProgression":false},"answer":"Turn","next":"Next","prev":"Previous","retry":"Retry","correctAnswer":"I got it right!","incorrectAnswer":"I got it wrong","round":"Round @round","cardsLeft":"Cards left: @number","nextRound":"Proceed to round @round","startOver":"Start over","showSummary":"Next","summary":"Summary","summaryCardsRight":"Cards you got right:","summaryCardsWrong":"Cards you got wrong:","summaryCardsNotShown":"Cards in pool not shown:","summaryOverallScore":"Overall Score","summaryCardsCompleted":"Cards you have completed learning:","summaryCompletedRounds":"Completed rounds:","summaryAllDone":"Well done! You got all @cards cards correct @max times in a row!","progressText":"Card @card of @total","cardFrontLabel":"Card front","cardBackLabel":"Card back","tipButtonLabel":"Show tip","audioNotSupported":"Your browser does not support this audio","confirmStartingOver":{"header":"Start over?","body":"All progress will be lost. Are you sure you want to start over?","cancelLabel":"Cancel","confirmLabel":"Start over"},"title":"<p style=\"text-align: center;\"><strong>Formula in worksheet<\/strong><\/p>\n"}