{"cards":[{"text":"A network consisting of a computer network at a single site, or individual building is called ____.","answer":"LAN\/Local Area Network","tip":"","image":{"path":"images\/image-60f17f167f179.jpg","mime":"image\/jpeg","copyright":{"license":"U"},"width":500,"height":500}},{"text":"_____ consists of a computer network across an entire city, college campus or small region.","answer":"MAN\/Metropolitan Area Network","tip":"","image":{"path":"images\/image-60f17f3d33d3c.png","mime":"image\/png","copyright":{"license":"U"},"width":586,"height":376}},{"text":"Network of wide geographical area is________.","answer":"WAN\/Wide Area Network","tip":"","image":{"path":"images\/image-60f17f7500d87.jpeg","mime":"image\/jpeg","copyright":{"license":"U"},"width":602,"height":339}},{"text":"A network for interconnecting electronic devices within an individual person&#039;s workspace is ___.","answer":"PAN\/Personal Area Network","tip":"<p style=\"text-align: center;\"><strong>Its personal network.<\/strong><\/p>\n","image":{"path":"images\/image-60f17f933de63.jpeg","mime":"image\/jpeg","copyright":{"license":"U"},"width":680,"height":486}},{"text":"WAN is the biggest computer network. Is this statement true? (True\/False)","answer":"True","tip":"","image":{"path":"images\/image-60f17fe026d49.jpg","mime":"image\/jpeg","copyright":{"license":"U"},"width":802,"height":720}},{"text":"Smallest LAN has at least  ____ computers.","answer":"2\/Two","tip":"<p style=\"text-align: center;\"><strong>Whats the minimum number of computer needed to be called a LAN?<\/strong><\/p>\n","image":{"path":"images\/image-60f17ff4926e3.jpg","mime":"image\/jpeg","copyright":{"license":"U"},"width":1200,"height":675}},{"text":"Internet is an example of public ____.","answer":"WAN\/Wide Area Network","tip":"<p style=\"text-align: center;\"><strong>A type of network<\/strong><\/p>\n","image":{"path":"images\/image-60f1800ed3540.jpg","mime":"image\/jpeg","copyright":{"license":"U"},"width":1000,"height":667}},{"text":"MAN is larger than LAN and smaller than WAN. Is this statement true? (True\/False)","answer":"True","tip":"","image":{"path":"images\/image-60f18033bfec3.png","mime":"image\/png","copyright":{"license":"U"},"width":439,"height":366}},{"text":"LAN uses satellite links. Is this statement true? (True\/False)","answer":"False","tip":"<p style=\"text-align: center;\"><strong>Satellite links are used for very long distance communication.<\/strong><\/p>\n","image":{"path":"images\/image-60f1806108230.jpg","mime":"image\/jpeg","copyright":{"license":"U"},"width":940,"height":529}},{"text":"Campus Area Network(CAN) is a network designed for ___.","answer":"College\/Campus","tip":"<p style=\"text-align: center;\"><strong>An educational area.<\/strong><\/p>\n","image":{"path":"images\/image-60f1809263ae7.jpg","mime":"image\/jpeg","copyright":{"license":"U"},"width":1920,"height":1080}}],"progressText":"Card @card of @total","next":"Next","previous":"Previous","checkAnswerText":"Check","showSolutionsRequiresInput":true,"defaultAnswerText":"Your answer","correctAnswerText":"Correct","incorrectAnswerText":"Incorrect","showSolutionText":"Correct answer","results":"Results","ofCorrect":"@score of @total correct","showResults":"Show results","answerShortText":"A:","retry":"Retry","caseSensitive":false,"cardAnnouncement":"Incorrect answer. Correct answer was @answer","pageAnnouncement":"Page @current of @total","description":"Answer these computer networks questions.","correctAnswerAnnouncement":"@answer is correct.","randomCards":false}