{"content":[{"content":{"params":{"media":{"disableImageZooming":true,"type":{"params":{"contentName":"Image","file":{"path":"images\/file-659a627e35b26.jpeg","mime":"image\/jpeg","copyright":{"license":"U"},"width":1300,"height":270},"decorative":false,"expandImage":"Expand Image","minimizeImage":"Minimize Image"},"library":"H5P.Image 1.1","metadata":{"contentType":"Image","license":"U","title":"Untitled Image"},"subContentId":"c5413041-c625-49db-9a20-c134bcd75eb7"}},"text":"<h3>1. Fill in the correct answer.<\/h3>\n","overallFeedback":[{"from":0,"to":50,"feedback":"Sorry, it is incorrect."},{"from":51,"to":100,"feedback":"Well done ! It is the correct answer."}],"showSolutions":"Show solution","tryAgain":"Retry","checkAnswer":"Check","notFilledOut":"Please fill in all blanks to view solution","answerIsCorrect":"&#039;:ans&#039; is correct","answerIsWrong":"&#039;:ans&#039; is wrong","answeredCorrectly":"Answered correctly","answeredIncorrectly":"Answered incorrectly","solutionLabel":"Correct answer:","inputLabel":"Blank input @num of @total","inputHasTipLabel":"Tip available","tipLabel":"Tip","behaviour":{"enableRetry":false,"enableSolutionsButton":true,"enableCheckButton":true,"autoCheck":false,"caseSensitive":false,"showSolutionsRequiresInput":true,"separateLines":false,"confirmCheckDialog":false,"confirmRetryDialog":false,"acceptSpellingErrors":false},"scoreBarLabel":"You got :num out of :total points","a11yCheck":"Check the answers. The responses will be marked as correct, incorrect, or unanswered.","a11yShowSolution":"Show the solution. The task will be marked with its correct solution.","a11yRetry":"Retry the task. Reset all responses and start the task over again.","a11yCheckingModeHeader":"Checking mode","confirmCheck":{"header":"Finish ?","body":"Are you sure you wish to finish ?","cancelLabel":"Cancel","confirmLabel":"Finish"},"confirmRetry":{"header":"Retry ?","body":"Are you sure you wish to retry ?","cancelLabel":"Cancel","confirmLabel":"Confirm"},"questions":["<p><strong>In a locality, the group of people living together is called *community*.<\/strong><\/p>\n"],"submitAnswer":"Submit"},"library":"H5P.Blanks 1.14","metadata":{"contentType":"Fill in the Blanks","license":"U","title":"Fill in the Blanks."},"subContentId":"cff0a036-a162-4c65-b4eb-d0c42c03b9dc"},"useSeparator":"auto"},{"content":{"params":{"media":{"disableImageZooming":true,"type":{"params":{"contentName":"Image","file":{"path":"images\/file-60ea891e771a2.jpeg","mime":"image\/jpeg","copyright":{"license":"U"},"width":1280,"height":312},"decorative":false,"expandImage":"Expand Image","minimizeImage":"Minimize Image"},"library":"H5P.Image 1.1","metadata":{"contentType":"Image","license":"U","title":"Untitled Image"},"subContentId":"a2c64a25-881e-45bd-9976-019fe957e321"}},"answers":[{"correct":true,"tipsAndFeedback":{"tip":"","chosenFeedback":"","notChosenFeedback":""},"text":"<div><strong>Health services<\/strong><\/div>\n"},{"correct":false,"tipsAndFeedback":{"tip":"","chosenFeedback":"","notChosenFeedback":""},"text":"<div><strong>Community health<\/strong><\/div>\n"},{"correct":false,"tipsAndFeedback":{"tip":"","chosenFeedback":"","notChosenFeedback":""},"text":"<div><strong>Community service<\/strong><\/div>\n"}],"overallFeedback":[{"from":0,"to":50,"feedback":"Sorry, it is incorrect."},{"from":51,"to":100,"feedback":"Good work ! It is the correct answer."}],"behaviour":{"enableRetry":false,"enableSolutionsButton":true,"enableCheckButton":true,"type":"auto","singlePoint":false,"randomAnswers":true,"showSolutionsRequiresInput":true,"confirmCheckDialog":false,"confirmRetryDialog":false,"autoCheck":false,"passPercentage":100,"showScorePoints":true},"UI":{"checkAnswerButton":"Check","showSolutionButton":"Show solution","tryAgainButton":"Retry","tipsLabel":"Show tip","scoreBarLabel":"You got :num out of :total points","tipAvailable":"Tip available","feedbackAvailable":"Feedback available","readFeedback":"Read feedback","wrongAnswer":"Wrong answer","correctAnswer":"Correct answer","shouldCheck":"Should have been checked","shouldNotCheck":"Should not have been checked","noInput":"Please answer before viewing the solution","a11yCheck":"Check the answers. The responses will be marked as correct, incorrect, or unanswered.","a11yShowSolution":"Show the solution. The task will be marked with its correct solution.","a11yRetry":"Retry the task. Reset all responses and start the task over again.","submitAnswerButton":"Submit"},"confirmCheck":{"header":"Finish ?","body":"Are you sure you wish to finish ?","cancelLabel":"Cancel","confirmLabel":"Finish"},"confirmRetry":{"header":"Retry ?","body":"Are you sure you wish to retry ?","cancelLabel":"Cancel","confirmLabel":"Confirm"},"question":"<h3>2. The services that we receive from health institutions to prevent and control various diseases and to cure our illness are called:<\/h3>\n"},"library":"H5P.MultiChoice 1.16","metadata":{"contentType":"Multiple Choice","license":"U","title":"Multiple Choice"},"subContentId":"8c003df7-ef34-40fa-aa0e-85a0edd252b2"},"useSeparator":"auto"},{"content":{"params":{"taskDescription":"<h3>3. Drag the words into the correct boxes.<\/h3>\n","overallFeedback":[{"from":0,"to":98,"feedback":"Sorry, it is incorrect."},{"from":99,"to":100,"feedback":"Bravo ! You got it right."}],"checkAnswer":"Check","tryAgain":"Retry","showSolution":"Show solution","dropZoneIndex":"Drop Zone @index.","empty":"Drop Zone @index is empty.","contains":"Drop Zone @index contains draggable @draggable.","ariaDraggableIndex":"@index of @count draggables.","tipLabel":"Show tip","correctText":"Correct!","incorrectText":"Incorrect!","resetDropTitle":"Reset drop","resetDropDescription":"Are you sure you want to reset this drop zone?","grabbed":"Draggable is grabbed.","cancelledDragging":"Cancelled dragging.","correctAnswer":"Correct answer:","feedbackHeader":"Feedback","behaviour":{"enableRetry":false,"enableSolutionsButton":true,"enableCheckButton":true,"instantFeedback":false},"scoreBarLabel":"You got :num out of :total points","a11yCheck":"Check the answers. The responses will be marked as correct, incorrect, or unanswered.","a11yShowSolution":"Show the solution. The task will be marked with its correct solution.","a11yRetry":"Retry the task. Reset all responses and start the task over again.","textField":"a. The combined effort of the community to provide health services to the people is called *community health\\+Correct! \\-Incorrect!*.\nb. We study about various problems existing in our *community\\+Correct! \\-Incorrect!* under community health.","submitAnswer":"Submit","media":{"disableImageZooming":false}},"library":"H5P.DragText 1.10","metadata":{"contentType":"Drag the Words","license":"U","title":"Untitled Drag Text"},"subContentId":"f8f5c853-a7a3-4f28-8e3b-c115424f6506"},"useSeparator":"auto"},{"content":{"params":{"media":{"disableImageZooming":true,"type":{"params":{"contentName":"Image","file":{"path":"images\/file-60ea893f84d21.jpeg","mime":"image\/jpeg","copyright":{"license":"U"},"width":1280,"height":312},"decorative":false,"expandImage":"Expand Image","minimizeImage":"Minimize Image"},"library":"H5P.Image 1.1","metadata":{"contentType":"Image","license":"U","title":"Untitled Image"},"subContentId":"766110c5-9766-4e28-8771-804ee3d260fa"}},"correct":"false","behaviour":{"enableRetry":false,"enableSolutionsButton":true,"enableCheckButton":true,"confirmCheckDialog":false,"confirmRetryDialog":false,"autoCheck":false},"l10n":{"trueText":"True","falseText":"False","score":"You got @score of @total points","checkAnswer":"Check","showSolutionButton":"Show solution","tryAgain":"Retry","wrongAnswerMessage":"Wrong answer","correctAnswerMessage":"Correct answer","scoreBarLabel":"You got :num out of :total points","a11yCheck":"Check the answers. The responses will be marked as correct, incorrect, or unanswered.","a11yShowSolution":"Show the solution. The task will be marked with its correct solution.","a11yRetry":"Retry the task. Reset all responses and start the task over again.","submitAnswer":"Submit"},"confirmCheck":{"header":"Finish ?","body":"Are you sure you wish to finish ?","cancelLabel":"Cancel","confirmLabel":"Finish"},"confirmRetry":{"header":"Retry ?","body":"Are you sure you wish to retry ?","cancelLabel":"Cancel","confirmLabel":"Confirm"},"question":"<h3>4. An individual's effort will be sufficient to solve all the health problems in a community.<\/h3>\n"},"library":"H5P.TrueFalse 1.8","metadata":{"contentType":"True\/False Question","license":"U","title":"True\/False Question"},"subContentId":"35c66ef3-0ff1-41b8-ba06-1e0885aef28f"},"useSeparator":"auto"},{"content":{"params":{"media":{"disableImageZooming":true,"type":{"params":{"contentName":"Image","file":{"path":"images\/file-60ea89706402b.jpeg","mime":"image\/jpeg","copyright":{"license":"U"},"width":1280,"height":312},"decorative":false,"expandImage":"Expand Image","minimizeImage":"Minimize Image"},"library":"H5P.Image 1.1","metadata":{"contentType":"Image","license":"U","title":"Untitled Image"},"subContentId":"5431a479-6f54-45f8-b80e-1ac75a179980"}},"answers":[{"correct":true,"tipsAndFeedback":{"tip":"","chosenFeedback":"","notChosenFeedback":""},"text":"<div><strong>Health institutions<\/strong><\/div>\n"},{"correct":false,"tipsAndFeedback":{"tip":"","chosenFeedback":"","notChosenFeedback":""},"text":"<div><strong>Dhami, Jhankri, and Tantrik<\/strong><\/div>\n"},{"correct":false,"tipsAndFeedback":{"tip":"","chosenFeedback":"","notChosenFeedback":""},"text":"<div><strong>Stay home and hide the disease<\/strong><\/div>\n"}],"overallFeedback":[{"from":0,"to":50,"feedback":"Sorry, it is incorrect."},{"from":51,"to":100,"feedback":"Fantastic ! It is the correct answer."}],"behaviour":{"enableRetry":false,"enableSolutionsButton":true,"enableCheckButton":true,"type":"auto","singlePoint":false,"randomAnswers":true,"showSolutionsRequiresInput":true,"confirmCheckDialog":false,"confirmRetryDialog":false,"autoCheck":false,"passPercentage":100,"showScorePoints":true},"UI":{"checkAnswerButton":"Check","showSolutionButton":"Show solution","tryAgainButton":"Retry","tipsLabel":"Show tip","scoreBarLabel":"You got :num out of :total points","tipAvailable":"Tip available","feedbackAvailable":"Feedback available","readFeedback":"Read feedback","wrongAnswer":"Wrong answer","correctAnswer":"Correct answer","shouldCheck":"Should have been checked","shouldNotCheck":"Should not have been checked","noInput":"Please answer before viewing the solution","a11yCheck":"Check the answers. The responses will be marked as correct, incorrect, or unanswered.","a11yShowSolution":"Show the solution. The task will be marked with its correct solution.","a11yRetry":"Retry the task. Reset all responses and start the task over again.","submitAnswerButton":"Submit"},"confirmCheck":{"header":"Finish ?","body":"Are you sure you wish to finish ?","cancelLabel":"Cancel","confirmLabel":"Finish"},"confirmRetry":{"header":"Retry ?","body":"Are you sure you wish to retry ?","cancelLabel":"Cancel","confirmLabel":"Confirm"},"question":"<h3>5. Where should we go for treatment when we fall sick?<\/h3>\n"},"library":"H5P.MultiChoice 1.16","metadata":{"contentType":"Multiple Choice","license":"U","title":"Untitled Multiple Choice"},"subContentId":"d88ce5bb-a1a3-4d61-9674-aeec950d5252"},"useSeparator":"auto"},{"content":{"params":{"media":{"disableImageZooming":true,"type":{"params":{"contentName":"Image","file":{"path":"images\/file-60ea898319943.jpeg","mime":"image\/jpeg","copyright":{"license":"U"},"width":1280,"height":312},"decorative":false,"expandImage":"Expand Image","minimizeImage":"Minimize Image"},"library":"H5P.Image 1.1","metadata":{"contentType":"Image","license":"U","title":"Untitled Image"},"subContentId":"4f127d81-d29a-434b-b91c-8ccfcb6b8187"}},"text":"<h3>6. Fill in the correct answer.<\/h3>\n","overallFeedback":[{"from":0,"to":50,"feedback":"Sorry, it is incorrect."},{"from":51,"to":100,"feedback":"Awesome ! It is the correct answer."}],"showSolutions":"Show solution","tryAgain":"Retry","checkAnswer":"Check","notFilledOut":"Please fill in all blanks to view solution","answerIsCorrect":"&#039;:ans&#039; is correct","answerIsWrong":"&#039;:ans&#039; is wrong","answeredCorrectly":"Answered correctly","answeredIncorrectly":"Answered incorrectly","solutionLabel":"Correct answer:","inputLabel":"Blank input @num of @total","inputHasTipLabel":"Tip available","tipLabel":"Tip","behaviour":{"enableRetry":false,"enableSolutionsButton":true,"enableCheckButton":true,"autoCheck":false,"caseSensitive":false,"showSolutionsRequiresInput":true,"separateLines":false,"confirmCheckDialog":false,"confirmRetryDialog":false,"acceptSpellingErrors":false},"scoreBarLabel":"You got :num out of :total points","a11yCheck":"Check the answers. The responses will be marked as correct, incorrect, or unanswered.","a11yShowSolution":"Show the solution. The task will be marked with its correct solution.","a11yRetry":"Retry the task. Reset all responses and start the task over again.","a11yCheckingModeHeader":"Checking mode","confirmCheck":{"header":"Finish ?","body":"Are you sure you wish to finish ?","cancelLabel":"Cancel","confirmLabel":"Finish"},"confirmRetry":{"header":"Retry ?","body":"Are you sure you wish to retry ?","cancelLabel":"Cancel","confirmLabel":"Confirm"},"questions":["<p><strong>We should *vaccinate* our children which helps to develop immunity against diseases. [expose\/vaccinate]<\/strong><\/p>\n"],"submitAnswer":"Submit"},"library":"H5P.Blanks 1.14","metadata":{"contentType":"Fill in the Blanks","license":"U","title":"Untitled Fill in the Blanks"},"subContentId":"d9269c06-ab7f-4de0-bad4-3f441d4e1a89"},"useSeparator":"auto"},{"content":{"params":{"media":{"disableImageZooming":true,"type":{"params":{"contentName":"Image","file":{"path":"images\/file-60ea8991acc18.jpeg","mime":"image\/jpeg","copyright":{"license":"U"},"width":1280,"height":312},"decorative":false,"expandImage":"Expand Image","minimizeImage":"Minimize Image"},"library":"H5P.Image 1.1","metadata":{"contentType":"Image","license":"U","title":"Untitled Image"},"subContentId":"059770d1-ef02-4e65-9efb-20bc78eac40d"}},"correct":"true","behaviour":{"enableRetry":false,"enableSolutionsButton":true,"enableCheckButton":true,"confirmCheckDialog":false,"confirmRetryDialog":false,"autoCheck":false},"l10n":{"trueText":"True","falseText":"False","score":"You got @score of @total points","checkAnswer":"Check","showSolutionButton":"Show solution","tryAgain":"Retry","wrongAnswerMessage":"Wrong answer","correctAnswerMessage":"Correct answer","scoreBarLabel":"You got :num out of :total points","a11yCheck":"Check the answers. The responses will be marked as correct, incorrect, or unanswered.","a11yShowSolution":"Show the solution. The task will be marked with its correct solution.","a11yRetry":"Retry the task. Reset all responses and start the task over again.","submitAnswer":"Submit"},"confirmCheck":{"header":"Finish ?","body":"Are you sure you wish to finish ?","cancelLabel":"Cancel","confirmLabel":"Finish"},"confirmRetry":{"header":"Retry ?","body":"Are you sure you wish to retry ?","cancelLabel":"Cancel","confirmLabel":"Confirm"},"question":"<h3>7. In health institutions doctors, nurses, and health assistants not only cure diseases but also suggest preventive and control measures for various diseases.<\/h3>\n"},"library":"H5P.TrueFalse 1.8","metadata":{"contentType":"True\/False Question","license":"U","title":"True\/False Question"},"subContentId":"c04e641b-53f1-418a-89bd-5580bbab6530"},"useSeparator":"auto"},{"content":{"params":{"media":{"disableImageZooming":true,"type":{"params":{"contentName":"Image","file":{"path":"images\/file-60ea89ae086c4.jpeg","mime":"image\/jpeg","copyright":{"license":"U"},"width":1280,"height":312},"decorative":false,"expandImage":"Expand Image","minimizeImage":"Minimize Image"},"library":"H5P.Image 1.1","metadata":{"contentType":"Image","license":"U","title":"Untitled Image"},"subContentId":"a2e1dbc7-2f92-4b51-b287-9947fc753cad"}},"answers":[{"correct":true,"tipsAndFeedback":{"tip":"","chosenFeedback":"","notChosenFeedback":""},"text":"<div><strong>Regularly<\/strong><\/div>\n"},{"correct":false,"tipsAndFeedback":{"tip":"","chosenFeedback":"","notChosenFeedback":""},"text":"<div><strong>Only when we fall sick<\/strong><\/div>\n"},{"correct":false,"tipsAndFeedback":{"tip":"","chosenFeedback":"","notChosenFeedback":""},"text":"<div><strong>Once in a year<\/strong><\/div>\n"}],"overallFeedback":[{"from":0,"to":50,"feedback":"Sorry, it is incorrect."},{"from":51,"to":100,"feedback":"Brilliant ! It is the correct answer."}],"behaviour":{"enableRetry":false,"enableSolutionsButton":true,"enableCheckButton":true,"type":"auto","singlePoint":false,"randomAnswers":true,"showSolutionsRequiresInput":true,"confirmCheckDialog":false,"confirmRetryDialog":false,"autoCheck":false,"passPercentage":100,"showScorePoints":true},"UI":{"checkAnswerButton":"Check","showSolutionButton":"Show solution","tryAgainButton":"Retry","tipsLabel":"Show tip","scoreBarLabel":"You got :num out of :total points","tipAvailable":"Tip available","feedbackAvailable":"Feedback available","readFeedback":"Read feedback","wrongAnswer":"Wrong answer","correctAnswer":"Correct answer","shouldCheck":"Should have been checked","shouldNotCheck":"Should not have been checked","noInput":"Please answer before viewing the solution","a11yCheck":"Check the answers. The responses will be marked as correct, incorrect, or unanswered.","a11yShowSolution":"Show the solution. The task will be marked with its correct solution.","a11yRetry":"Retry the task. Reset all responses and start the task over again.","submitAnswerButton":"Submit"},"confirmCheck":{"header":"Finish ?","body":"Are you sure you wish to finish ?","cancelLabel":"Cancel","confirmLabel":"Finish"},"confirmRetry":{"header":"Retry ?","body":"Are you sure you wish to retry ?","cancelLabel":"Cancel","confirmLabel":"Confirm"},"question":"<h3>8. How often should we visit health institutions for health checkup?<\/h3>\n"},"library":"H5P.MultiChoice 1.16","metadata":{"contentType":"Multiple Choice","license":"U","title":"Multiple Choice"},"subContentId":"12ef6b7e-a918-498c-8208-80b9a9ec9f98"},"useSeparator":"auto"},{"content":{"params":{"contentName":"Image","file":{"path":"images\/file-659a62fd7a557.jpeg","mime":"image\/jpeg","copyright":{"license":"U"},"width":1300,"height":273},"decorative":false,"expandImage":"Expand Image","minimizeImage":"Minimize Image"},"library":"H5P.Image 1.1","metadata":{"contentType":"Image","license":"U","title":"Untitled Image"},"subContentId":"3f4d1c1e-4114-498b-9c67-761c22261a24"},"useSeparator":"enabled"},{"content":{"params":{"overallFeedback":[{"from":0,"to":50,"feedback":"Sorry, it is incorrect."},{"from":51,"to":100,"feedback":"Impressive ! You got it right."}],"checkAnswerButton":"Check","tryAgainButton":"Retry","showSolutionButton":"Show solution","behaviour":{"enableRetry":false,"enableSolutionsButton":true,"enableCheckButton":true,"showScorePoints":true},"correctAnswer":"Correct!","incorrectAnswer":"Incorrect!","missedAnswer":"Answer not found!","displaySolutionDescription":"Task is updated to contain the solution.","scoreBarLabel":"You got :num out of :total points","a11yFullTextLabel":"Full readable text","a11yClickableTextLabel":"Full text where words can be marked","a11ySolutionModeHeader":"Solution mode","a11yCheckingHeader":"Checking mode","a11yCheck":"Check the answers. The responses will be marked as correct, incorrect, or unanswered.","a11yShowSolution":"Show the solution. The task will be marked with its correct solution.","a11yRetry":"Retry the task. Reset all responses and start the task over again.","taskDescription":"<h3>9. We can live an able-bodied life by adopting behaviors that are:<\/h3>\n","textField":"<p><strong>*Healthy*&nbsp; |&nbsp; Unhealthy<\/strong><\/p>\n","submitAnswerButton":"Submit","media":{"disableImageZooming":false}},"library":"H5P.MarkTheWords 1.11","metadata":{"contentType":"Mark the Words","license":"U","title":"Mark the Words"},"subContentId":"c68fe386-4641-46ae-823d-a7049fcb98e7"},"useSeparator":"auto"},{"content":{"params":{"media":{"disableImageZooming":true,"type":{"params":{"contentName":"Image","file":{"path":"images\/file-60ea8a5c77a3b.jpeg","mime":"image\/jpeg","copyright":{"license":"U"},"width":1280,"height":312},"decorative":false,"expandImage":"Expand Image","minimizeImage":"Minimize Image"},"library":"H5P.Image 1.1","metadata":{"contentType":"Image","license":"U","title":"Untitled Image"},"subContentId":"950b1c25-3b30-4f18-94de-f387ad0a506d"}},"answers":[{"correct":false,"tipsAndFeedback":{"tip":"","chosenFeedback":"","notChosenFeedback":""},"text":"<div><strong>To improve individual health in community<\/strong><\/div>\n"},{"correct":false,"tipsAndFeedback":{"tip":"","chosenFeedback":"","notChosenFeedback":""},"text":"<div><strong>To improve environmental health of the community<\/strong><\/div>\n"},{"correct":true,"tipsAndFeedback":{"tip":"","chosenFeedback":"","notChosenFeedback":""},"text":"<div><strong>To improve individual health as well as environmental health of the community<\/strong><\/div>\n"}],"overallFeedback":[{"from":0,"to":50,"feedback":"Sorry, it is incorrect."},{"from":51,"to":100,"feedback":"Excellent ! Keep up the good performance."}],"behaviour":{"enableRetry":false,"enableSolutionsButton":true,"enableCheckButton":true,"type":"auto","singlePoint":false,"randomAnswers":true,"showSolutionsRequiresInput":true,"confirmCheckDialog":false,"confirmRetryDialog":false,"autoCheck":false,"passPercentage":100,"showScorePoints":true},"UI":{"checkAnswerButton":"Check","showSolutionButton":"Show solution","tryAgainButton":"Retry","tipsLabel":"Show tip","scoreBarLabel":"You got :num out of :total points","tipAvailable":"Tip available","feedbackAvailable":"Feedback available","readFeedback":"Read feedback","wrongAnswer":"Wrong answer","correctAnswer":"Correct answer","shouldCheck":"Should have been checked","shouldNotCheck":"Should not have been checked","noInput":"Please answer before viewing the solution","a11yCheck":"Check the answers. The responses will be marked as correct, incorrect, or unanswered.","a11yShowSolution":"Show the solution. The task will be marked with its correct solution.","a11yRetry":"Retry the task. Reset all responses and start the task over again.","submitAnswerButton":"Submit"},"confirmCheck":{"header":"Finish ?","body":"Are you sure you wish to finish ?","cancelLabel":"Cancel","confirmLabel":"Finish"},"confirmRetry":{"header":"Retry ?","body":"Are you sure you wish to retry ?","cancelLabel":"Cancel","confirmLabel":"Confirm"},"question":"<h3>10. The main objective of community health is:<\/h3>\n"},"library":"H5P.MultiChoice 1.16","metadata":{"contentType":"Multiple Choice","license":"U","title":"Multiple Choice"},"subContentId":"335fcdd2-cbfc-4349-9849-b297893253f9"},"useSeparator":"auto"}]}