{"mode":"repetition","description":"<p style=\"text-align: center;\"><strong>Guess the answers.<\/strong><\/p>\n","dialogs":[{"tips":{},"text":"<p style=\"text-align: center;\"><strong>The combination of operators, variables and constants is known as ______.<\/strong><\/p>\n","answer":"<p style=\"text-align: center;\"><strong>Expression<\/strong><\/p>\n","image":{"path":"images\/image-60f587511c0c2.jpg","mime":"image\/jpeg","copyright":{"license":"U"},"width":310,"height":163}},{"tips":{},"text":"<p style=\"text-align: center;\">________<strong> are constant values or variables on which mathematical or logical operations take place.<\/strong><\/p>\n","answer":"<p style=\"text-align: center;\"><strong>Operands<\/strong><\/p>\n","image":{"path":"images\/image-60f5870930e5b.png","mime":"image\/png","copyright":{"license":"U"},"width":244,"height":134}},{"tips":{},"text":"<p style=\"text-align: center;\"><strong>______ combines text with the \" + \" sign.<\/strong><\/p>\n","answer":"<p style=\"text-align: center;\"><strong>String Operator<\/strong><\/p>\n","image":{"path":"images\/image-60f586c3f06a2.png","mime":"image\/png","copyright":{"license":"U"},"width":237,"height":241,"originalImage":{"path":"images\/image-60f586b0cf08f.png#tmp","mime":"image\/png","height":250,"width":1200}}},{"tips":{},"text":"<p style=\"text-align: center;\"><strong>___ shows the outputs obtained from a logic circuit or gate as consequences of specific inputs.<\/strong><\/p>\n","answer":"<p style=\"text-align: center;\"><strong>Truth table<\/strong><\/p>\n","image":{"path":"images\/image-60f58683de53d.png","mime":"image\/png","copyright":{"license":"U"},"width":196,"height":166}},{"tips":{},"text":"<p style=\"text-align: center;\">______ <strong>help to make decisions as True or False.&nbsp;<\/strong><\/p>\n","answer":"<p style=\"text-align: center;\"><strong>Logical Operators<\/strong><\/p>\n","image":{"path":"images\/image-60f586439a317.png","mime":"image\/png","copyright":{"license":"U"},"width":211,"height":167}},{"tips":{},"text":"<p style=\"text-align: center;\"><strong>______ compare the values and give result as True or False. They are used to make decisions in the program.<\/strong><\/p>\n","answer":"<p style=\"text-align: center;\"><strong>Relational Operators<\/strong><\/p>\n","image":{"path":"images\/image-60f585979be61.png","mime":"image\/png","copyright":{"license":"U"},"width":1644,"height":425}},{"tips":{},"text":"<p style=\"text-align: center;\"><strong>Which operator calculates remainder?<\/strong><\/p>\n","answer":"<p style=\"text-align: center;\"><strong>MOD<\/strong><\/p>\n","image":{"path":"images\/image-60f5855744e03.png","mime":"image\/png","copyright":{"license":"U"},"width":454,"height":243,"originalImage":{"path":"images\/image-60f5854e85fcd.png#tmp","mime":"image\/png","height":250,"width":1200}}},{"tips":{},"text":"<p style=\"text-align: center;\">_______<strong> multiplies the numbers.<\/strong><\/p>\n","answer":"<p style=\"text-align: center;\"><strong>Asterisk (*)<\/strong><\/p>\n","image":{"path":"images\/image-60f5852922c00.png","mime":"image\/png","copyright":{"license":"U"},"width":216,"height":234}},{"tips":{},"text":"<p style=\"text-align: center;\"><strong>______ perform mathematical calculations like addition, subtraction, multiplication, division, etc<\/strong><\/p>\n","answer":"<p style=\"text-align: center;\"><strong>Arithemetic operators<\/strong><\/p>\n","image":{"path":"images\/image-60f584e17fd2d.png","mime":"image\/png","copyright":{"license":"U"},"width":1200,"height":1200}},{"tips":{},"text":"<p style=\"text-align: center;\">_______<strong> are signs or symbols that perform mathematical and logical operation such as addition, multiplication, comparisons, assign values and make logical decisions<\/strong><\/p>\n","answer":"<p style=\"text-align: center;\"><strong>Operators<\/strong><\/p>\n","image":{"path":"images\/image-60f584ae49512.png","mime":"image\/png","copyright":{"license":"U"},"width":1200,"height":1200}}],"behaviour":{"enableRetry":true,"disableBackwardsNavigation":false,"scaleTextNotCard":false,"randomCards":false,"maxProficiency":5,"quickProgression":false},"answer":"Turn","next":"Next","prev":"Previous","retry":"Retry","correctAnswer":"I got it right!","incorrectAnswer":"I got it wrong","round":"Round @round","cardsLeft":"Cards left: @number","nextRound":"Proceed to round @round","startOver":"Start over","showSummary":"Next","summary":"Summary","summaryCardsRight":"Cards you got right:","summaryCardsWrong":"Cards you got wrong:","summaryCardsNotShown":"Cards in pool not shown:","summaryOverallScore":"Overall Score","summaryCardsCompleted":"Cards you have completed learning:","summaryCompletedRounds":"Completed rounds:","summaryAllDone":"Well done! You got all @cards cards correct @max times in a row!","progressText":"Card @card of @total","cardFrontLabel":"Card front","cardBackLabel":"Card back","tipButtonLabel":"Show tip","audioNotSupported":"Your browser does not support this audio","confirmStartingOver":{"header":"Start over?","body":"All progress will be lost. Are you sure you want to start over?","cancelLabel":"Cancel","confirmLabel":"Start over"},"title":"<p>&nbsp;&nbsp;<\/p>\n"}