{"cards":[{"text":"Which device is used to convert mechanical energy into electrical energy? (Transformer\/Generator)","answer":"Generator","image":{"path":"images\/image-60ea75174b0fd.jpg","mime":"image\/jpeg","copyright":{"license":"U"},"width":500,"height":500},"tip":""},{"text":"What is a material that allows electricity to pass through it? (Insulator\/Conductor)","answer":"Conductor","image":{"path":"images\/image-60ea75eae2a20.jpg","mime":"image\/jpeg","copyright":{"license":"U"},"width":480,"height":300},"tip":""},{"text":"Which material is the opposite of a conductor and prevents or blocks the flow of electricity? (Insulator\/Conductor)","answer":"Insulator","image":{"path":"images\/image-60ea76a33dc6c.jpg","mime":"image\/jpeg","copyright":{"license":"U"},"width":500,"height":500},"tip":""},{"text":"What device opens and closes an electric circuit?","answer":"Switch","image":{"path":"images\/image-60ea774ab1482.jpg","mime":"image\/jpeg","copyright":{"license":"U"},"width":500,"height":500},"tip":""},{"image":{"path":"images\/image-60ea778bcb0aa.jpg","mime":"image\/jpeg","copyright":{"license":"U"},"width":1440,"height":810},"answer":"Gold","text":"Which one of these materials is a good conductor of electricity, gold or plastic?","tip":""},{"text":"State True or False: Electric wires are coated with plastic or rubber because those materials are good insulators.","answer":"True","image":{"path":"images\/image-60ea78b795fc5.jpg","mime":"image\/jpeg","copyright":{"license":"U"},"width":500,"height":500},"tip":""},{"text":"What helps to convert chemical energy into electrical energy, a cell or a dynamo?","answer":"A cell\/Cell","image":{"path":"images\/image-60ea7a1d58d1c.jpeg","mime":"image\/jpeg","copyright":{"license":"U"},"width":500,"height":500},"tip":""},{"text":"State True or False: Two batteries in a circuit could make the lights in the circuit brighter than one battery.","answer":"True","tip":"","image":{"path":"images\/image-60f1deebb2430.jpg","mime":"image\/jpeg","copyright":{"license":"U"},"width":613,"height":524}},{"answer":"circuit\/a circuit","text":"What is the path along which current needs to flow called, a circuit or resistor?","tip":"","image":{"path":"images\/image-60f1df3174bd8.jpg","mime":"image\/jpeg","copyright":{"license":"U"},"width":734,"height":549}},{"answer":"negative","text":"What kind of charge does an electron have, negative or positive?","tip":"","image":{"path":"images\/image-60f1e03e556e5.jpg","mime":"image\/jpeg","copyright":{"license":"U"},"width":637,"height":553}}],"progressText":"Card @card of @total","next":"Next","previous":"Previous","checkAnswerText":"Check","showSolutionsRequiresInput":true,"defaultAnswerText":"Your answer","correctAnswerText":"Correct","incorrectAnswerText":"Incorrect","showSolutionText":"Correct answer","results":"Results","ofCorrect":"@score of @total correct","showResults":"Show results","answerShortText":"A:","retry":"Retry","caseSensitive":false,"cardAnnouncement":"Incorrect answer. Correct answer was @answer","pageAnnouncement":"Page @current of @total","description":"Learn about electricity by answering the given questions.","correctAnswerAnnouncement":"@answer is correct.","randomCards":true}