{"content":[{"content":{"params":{"media":{"type":{"params":{"contentName":"Image","file":{"path":"images\/file-6102c68301ed3.png","mime":"image\/png","copyright":{"license":"U"},"width":1300,"height":250},"decorative":false,"expandImage":"Expand Image","minimizeImage":"Minimize Image"},"library":"H5P.Image 1.1","metadata":{"contentType":"Image","license":"U","title":"Untitled Image"},"subContentId":"4e7b7404-36d0-4d23-9295-7b44487f0605"},"disableImageZooming":true},"correct":"true","behaviour":{"enableRetry":true,"enableSolutionsButton":true,"enableCheckButton":true,"confirmCheckDialog":false,"confirmRetryDialog":false,"autoCheck":false},"l10n":{"trueText":"True","falseText":"False","score":"You got @score of @total points","checkAnswer":"Check","showSolutionButton":"Show solution","tryAgain":"Retry","wrongAnswerMessage":"Wrong answer","correctAnswerMessage":"Correct answer","scoreBarLabel":"You got :num out of :total points","a11yCheck":"Check the answers. The responses will be marked as correct, incorrect, or unanswered.","a11yShowSolution":"Show the solution. The task will be marked with its correct solution.","a11yRetry":"Retry the task. Reset all responses and start the task over again.","submitAnswer":"Submit"},"confirmCheck":{"header":"Finish ?","body":"Are you sure you wish to finish ?","cancelLabel":"Cancel","confirmLabel":"Finish"},"confirmRetry":{"header":"Retry ?","body":"Are you sure you wish to retry ?","cancelLabel":"Cancel","confirmLabel":"Confirm"},"question":"<p style=\"text-align: center;\"><strong>1. Click on Tools menu.<br>\n2. Click on AutoCorrect Options.<br>\n3. Un-tick the required options at thetop of the box.<br>\n4. Click OK.<\/strong><\/p>\n\n<p style=\"text-align: center;\"><strong>There are the steps for switching autocorrect off.<\/strong><\/p>\n"},"library":"H5P.TrueFalse 1.8","metadata":{"contentType":"True\/False Question","license":"U","title":"Untitled True\/False Question"},"subContentId":"1ef68f08-802c-41b6-bf5d-38bc17f0a715"},"useSeparator":"auto"},{"content":{"params":{"media":{"type":{"params":{"contentName":"Image","file":{"path":"images\/file-60f0144e1659f.png","mime":"image\/png","copyright":{"license":"U"},"width":1300,"height":250},"decorative":false,"expandImage":"Expand Image","minimizeImage":"Minimize Image"},"library":"H5P.Image 1.1","metadata":{"contentType":"Image","license":"U","title":"Untitled Image"},"subContentId":"9562c5f3-1c58-40fb-968f-d3262eb16867"},"disableImageZooming":true},"correct":"true","behaviour":{"enableRetry":true,"enableSolutionsButton":true,"enableCheckButton":true,"confirmCheckDialog":false,"confirmRetryDialog":false,"autoCheck":false},"l10n":{"trueText":"True","falseText":"False","score":"You got @score of @total points","checkAnswer":"Check","showSolutionButton":"Show solution","tryAgain":"Retry","wrongAnswerMessage":"Wrong answer","correctAnswerMessage":"Correct answer","scoreBarLabel":"You got :num out of :total points","a11yCheck":"Check the answers. The responses will be marked as correct, incorrect, or unanswered.","a11yShowSolution":"Show the solution. The task will be marked with its correct solution.","a11yRetry":"Retry the task. Reset all responses and start the task over again.","submitAnswer":"Submit"},"confirmCheck":{"header":"Finish ?","body":"Are you sure you wish to finish ?","cancelLabel":"Cancel","confirmLabel":"Finish"},"confirmRetry":{"header":"Retry ?","body":"Are you sure you wish to retry ?","cancelLabel":"Cancel","confirmLabel":"Confirm"},"question":"<p style=\"text-align: center;\"><strong>You can turn auto-correct on and off according to your convinence.<\/strong><\/p>\n"},"library":"H5P.TrueFalse 1.8","metadata":{"contentType":"True\/False Question","license":"U","title":"Untitled True\/False Question"},"subContentId":"b9a0ecbf-e1da-496c-a8aa-c11474bea54f"},"useSeparator":"auto"},{"content":{"params":{"media":{"type":{"params":{"contentName":"Image","file":{"path":"images\/file-60f0137b49b66.png","mime":"image\/png","copyright":{"license":"U"},"width":1300,"height":250},"decorative":false,"expandImage":"Expand Image","minimizeImage":"Minimize Image"},"library":"H5P.Image 1.1","metadata":{"contentType":"Image","license":"U","title":"Untitled Image"},"subContentId":"d3db27ab-a69d-4461-a3c0-54862198268e"},"disableImageZooming":true},"text":"<p>&nbsp;&nbsp;<\/p>\n","overallFeedback":[{"from":0,"to":100}],"showSolutions":"Show solution","tryAgain":"Retry","checkAnswer":"Check","notFilledOut":"Please fill in all blanks to view solution","answerIsCorrect":"&#039;:ans&#039; is correct","answerIsWrong":"&#039;:ans&#039; is wrong","answeredCorrectly":"Answered correctly","answeredIncorrectly":"Answered incorrectly","solutionLabel":"Correct answer:","inputLabel":"Blank input @num of @total","inputHasTipLabel":"Tip available","tipLabel":"Tip","behaviour":{"enableRetry":true,"enableSolutionsButton":true,"enableCheckButton":true,"autoCheck":false,"caseSensitive":false,"showSolutionsRequiresInput":true,"separateLines":false,"confirmCheckDialog":false,"confirmRetryDialog":false,"acceptSpellingErrors":false},"scoreBarLabel":"You got :num out of :total points","a11yCheck":"Check the answers. The responses will be marked as correct, incorrect, or unanswered.","a11yShowSolution":"Show the solution. The task will be marked with its correct solution.","a11yRetry":"Retry the task. Reset all responses and start the task over again.","a11yCheckingModeHeader":"Checking mode","confirmCheck":{"header":"Finish ?","body":"Are you sure you wish to finish ?","cancelLabel":"Cancel","confirmLabel":"Finish"},"confirmRetry":{"header":"Retry ?","body":"Are you sure you wish to retry ?","cancelLabel":"Cancel","confirmLabel":"Confirm"},"questions":["<p style=\"text-align: center;\"><strong>1. Click on the Page Layout tab.<br>\n2. Within the Page Setup group, click on the Margins button.<br>\n3. Choose one of the Preset settings.&nbsp;<br>\n4. Change the margins by either typing inthe number or using the up and downarrows.<br>\n5. Click OK.<\/strong><\/p>\n\n<p style=\"text-align: center;\"><strong>There are the steps for changing the *margin\/margins* using the page Layout tab.<\/strong><\/p>\n"]},"library":"H5P.Blanks 1.14","metadata":{"contentType":"Fill in the Blanks","license":"U","title":"Untitled Fill in the Blanks"},"subContentId":"b2eb7f26-bee6-4191-99ef-4971b31d5de2"},"useSeparator":"auto"},{"content":{"params":{"media":{"type":{"params":{"contentName":"Image","file":{"path":"images\/file-60f0153135c48.png","mime":"image\/png","copyright":{"license":"U"},"width":1300,"height":250},"decorative":false,"expandImage":"Expand Image","minimizeImage":"Minimize Image"},"library":"H5P.Image 1.1","metadata":{"contentType":"Image","license":"U","title":"Untitled Image"},"subContentId":"f90eb1d8-5b50-493b-a83b-a185cd3ca3e5"},"disableImageZooming":true},"correct":"false","behaviour":{"enableRetry":true,"enableSolutionsButton":true,"enableCheckButton":true,"confirmCheckDialog":false,"confirmRetryDialog":false,"autoCheck":false},"l10n":{"trueText":"True","falseText":"False","score":"You got @score of @total points","checkAnswer":"Check","showSolutionButton":"Show solution","tryAgain":"Retry","wrongAnswerMessage":"Wrong answer","correctAnswerMessage":"Correct answer","scoreBarLabel":"You got :num out of :total points","a11yCheck":"Check the answers. The responses will be marked as correct, incorrect, or unanswered.","a11yShowSolution":"Show the solution. The task will be marked with its correct solution.","a11yRetry":"Retry the task. Reset all responses and start the task over again.","submitAnswer":"Submit"},"confirmCheck":{"header":"Finish ?","body":"Are you sure you wish to finish ?","cancelLabel":"Cancel","confirmLabel":"Finish"},"confirmRetry":{"header":"Retry ?","body":"Are you sure you wish to retry ?","cancelLabel":"Cancel","confirmLabel":"Confirm"},"question":"<p style=\"text-align: center;\"><strong>You cannot encrypt your files in MS Word.<\/strong><\/p>\n"},"library":"H5P.TrueFalse 1.8","metadata":{"contentType":"True\/False Question","license":"U","title":"Untitled True\/False Question"},"subContentId":"634e8d4f-13a4-4c33-b993-358623feb969"},"useSeparator":"auto"},{"content":{"params":{"media":{"type":{"params":{"contentName":"Image","file":{"path":"images\/file-60f01669df017.png","mime":"image\/png","copyright":{"license":"U"},"width":1300,"height":250},"decorative":false,"expandImage":"Expand Image","minimizeImage":"Minimize Image"},"library":"H5P.Image 1.1","metadata":{"contentType":"Image","license":"U","title":"Untitled Image"},"subContentId":"0a3ff41b-15d9-4d5d-854c-16e181b76bee"},"disableImageZooming":true},"text":"<p>&nbsp;&nbsp;<\/p>\n","overallFeedback":[{"from":0,"to":100}],"showSolutions":"Show solution","tryAgain":"Retry","checkAnswer":"Check","notFilledOut":"Please fill in all blanks to view solution","answerIsCorrect":"&#039;:ans&#039; is correct","answerIsWrong":"&#039;:ans&#039; is wrong","answeredCorrectly":"Answered correctly","answeredIncorrectly":"Answered incorrectly","solutionLabel":"Correct answer:","inputLabel":"Blank input @num of @total","inputHasTipLabel":"Tip available","tipLabel":"Tip","behaviour":{"enableRetry":true,"enableSolutionsButton":true,"enableCheckButton":true,"autoCheck":false,"caseSensitive":true,"showSolutionsRequiresInput":true,"separateLines":false,"confirmCheckDialog":false,"confirmRetryDialog":false,"acceptSpellingErrors":false},"scoreBarLabel":"You got :num out of :total points","a11yCheck":"Check the answers. The responses will be marked as correct, incorrect, or unanswered.","a11yShowSolution":"Show the solution. The task will be marked with its correct solution.","a11yRetry":"Retry the task. Reset all responses and start the task over again.","a11yCheckingModeHeader":"Checking mode","confirmCheck":{"header":"Finish ?","body":"Are you sure you wish to finish ?","cancelLabel":"Cancel","confirmLabel":"Finish"},"confirmRetry":{"header":"Retry ?","body":"Are you sure you wish to retry ?","cancelLabel":"Cancel","confirmLabel":"Confirm"},"questions":["<p style=\"text-align: center;\"><strong>The password can be upto *255* characters.<\/strong><\/p>\n"]},"library":"H5P.Blanks 1.14","metadata":{"contentType":"Fill in the Blanks","license":"U","title":"Untitled Fill in the Blanks"},"subContentId":"1210d1a7-3f24-4ef0-8583-d556736db65f"},"useSeparator":"auto"},{"content":{"params":{"media":{"type":{"params":{"contentName":"Image","file":{"path":"images\/file-60f017043e184.png","mime":"image\/png","copyright":{"license":"U"},"width":1300,"height":250},"decorative":false,"expandImage":"Expand Image","minimizeImage":"Minimize Image"},"library":"H5P.Image 1.1","metadata":{"contentType":"Image","license":"U","title":"Untitled Image"},"subContentId":"94f09fd8-d244-46a0-b7d2-40e8ab1d7d0c"},"disableImageZooming":true},"text":"<p>&nbsp;&nbsp;<\/p>\n","overallFeedback":[{"from":0,"to":100}],"showSolutions":"Show solution","tryAgain":"Retry","checkAnswer":"Check","notFilledOut":"Please fill in all blanks to view solution","answerIsCorrect":"&#039;:ans&#039; is correct","answerIsWrong":"&#039;:ans&#039; is wrong","answeredCorrectly":"Answered correctly","answeredIncorrectly":"Answered incorrectly","solutionLabel":"Correct answer:","inputLabel":"Blank input @num of @total","inputHasTipLabel":"Tip available","tipLabel":"Tip","behaviour":{"enableRetry":true,"enableSolutionsButton":true,"enableCheckButton":true,"autoCheck":false,"caseSensitive":false,"showSolutionsRequiresInput":true,"separateLines":false,"confirmCheckDialog":false,"confirmRetryDialog":false,"acceptSpellingErrors":false},"scoreBarLabel":"You got :num out of :total points","a11yCheck":"Check the answers. The responses will be marked as correct, incorrect, or unanswered.","a11yShowSolution":"Show the solution. The task will be marked with its correct solution.","a11yRetry":"Retry the task. Reset all responses and start the task over again.","a11yCheckingModeHeader":"Checking mode","confirmCheck":{"header":"Finish ?","body":"Are you sure you wish to finish ?","cancelLabel":"Cancel","confirmLabel":"Finish"},"confirmRetry":{"header":"Retry ?","body":"Are you sure you wish to retry ?","cancelLabel":"Cancel","confirmLabel":"Confirm"},"questions":["<p style=\"text-align: center;\"><strong>If you lose or forget the password, it *can't:can or can't*&nbsp;be recovered.<\/strong><\/p>\n"]},"library":"H5P.Blanks 1.14","metadata":{"contentType":"Fill in the Blanks","license":"U","title":"Untitled Fill in the Blanks"},"subContentId":"998aeaa1-1d69-4703-b872-94384c271db8"},"useSeparator":"auto"},{"content":{"params":{"media":{"type":{"params":{"contentName":"Image","file":{"path":"images\/file-60f015a12a67d.png","mime":"image\/png","copyright":{"license":"U"},"width":1300,"height":250},"decorative":false,"expandImage":"Expand Image","minimizeImage":"Minimize Image"},"library":"H5P.Image 1.1","metadata":{"contentType":"Image","license":"U","title":"Untitled Image"},"subContentId":"d97568ac-396b-485d-85ef-e92ab70d8113"},"disableImageZooming":true},"text":"<p>&nbsp;&nbsp;<\/p>\n","overallFeedback":[{"from":0,"to":100}],"showSolutions":"Show solution","tryAgain":"Retry","checkAnswer":"Check","notFilledOut":"Please fill in all blanks to view solution","answerIsCorrect":"&#039;:ans&#039; is correct","answerIsWrong":"&#039;:ans&#039; is wrong","answeredCorrectly":"Answered correctly","answeredIncorrectly":"Answered incorrectly","solutionLabel":"Correct answer:","inputLabel":"Blank input @num of @total","inputHasTipLabel":"Tip available","tipLabel":"Tip","behaviour":{"enableRetry":true,"enableSolutionsButton":true,"enableCheckButton":true,"autoCheck":false,"caseSensitive":false,"showSolutionsRequiresInput":true,"separateLines":false,"confirmCheckDialog":false,"confirmRetryDialog":false,"acceptSpellingErrors":false},"scoreBarLabel":"You got :num out of :total points","a11yCheck":"Check the answers. The responses will be marked as correct, incorrect, or unanswered.","a11yShowSolution":"Show the solution. The task will be marked with its correct solution.","a11yRetry":"Retry the task. Reset all responses and start the task over again.","a11yCheckingModeHeader":"Checking mode","confirmCheck":{"header":"Finish ?","body":"Are you sure you wish to finish ?","cancelLabel":"Cancel","confirmLabel":"Finish"},"confirmRetry":{"header":"Retry ?","body":"Are you sure you wish to retry ?","cancelLabel":"Cancel","confirmLabel":"Confirm"},"questions":["<p style=\"text-align: center;\"><strong>1. Click the Microsoft Office Button, point to Prepare, and then click Encrypt Document.<br>\n2. In the Encrypt Document dialog box, in the Password box, type a password,&nbsp;and then click OK.<\/strong><\/p>\n\n<p style=\"text-align: center;\"><strong>There are steps to set *password* in MS Word.<\/strong><\/p>\n"]},"library":"H5P.Blanks 1.14","metadata":{"contentType":"Fill in the Blanks","license":"U","title":"Untitled Fill in the Blanks"},"subContentId":"97480efa-a796-48a9-8659-03e46485cc34"},"useSeparator":"auto"},{"content":{"params":{"media":{"type":{"params":{"contentName":"Image","file":{"path":"images\/file-60f01734e26f8.png","mime":"image\/png","copyright":{"license":"U"},"width":1300,"height":250},"decorative":false,"expandImage":"Expand Image","minimizeImage":"Minimize Image"},"library":"H5P.Image 1.1","metadata":{"contentType":"Image","license":"U","title":"Untitled Image"},"subContentId":"c7e3d6cd-e510-41fc-bdc6-b37f0d25982c"},"disableImageZooming":true},"correct":"true","behaviour":{"enableRetry":true,"enableSolutionsButton":true,"enableCheckButton":true,"confirmCheckDialog":false,"confirmRetryDialog":false,"autoCheck":false},"l10n":{"trueText":"True","falseText":"False","score":"You got @score of @total points","checkAnswer":"Check","showSolutionButton":"Show solution","tryAgain":"Retry","wrongAnswerMessage":"Wrong answer","correctAnswerMessage":"Correct answer","scoreBarLabel":"You got :num out of :total points","a11yCheck":"Check the answers. The responses will be marked as correct, incorrect, or unanswered.","a11yShowSolution":"Show the solution. The task will be marked with its correct solution.","a11yRetry":"Retry the task. Reset all responses and start the task over again.","submitAnswer":"Submit"},"confirmCheck":{"header":"Finish ?","body":"Are you sure you wish to finish ?","cancelLabel":"Cancel","confirmLabel":"Finish"},"confirmRetry":{"header":"Retry ?","body":"Are you sure you wish to retry ?","cancelLabel":"Cancel","confirmLabel":"Confirm"},"question":"<p style=\"text-align: center;\"><strong>By default, this feature uses AES 128-bit advanced encryption.<\/strong><\/p>\n"},"library":"H5P.TrueFalse 1.8","metadata":{"contentType":"True\/False Question","license":"U","title":"Untitled True\/False Question"},"subContentId":"95941a1e-7b2e-4946-9613-ab61c6b53317"},"useSeparator":"auto"},{"content":{"params":{"media":{"type":{"params":{"contentName":"Image","file":{"path":"images\/file-60f017bcbce44.png","mime":"image\/png","copyright":{"license":"U"},"width":1300,"height":250},"decorative":false,"expandImage":"Expand Image","minimizeImage":"Minimize Image"},"library":"H5P.Image 1.1","metadata":{"contentType":"Image","license":"U","title":"Untitled Image"},"subContentId":"97c1e9b0-213c-49e4-a871-c8f420e36c6f"},"disableImageZooming":true},"text":"<p>&nbsp;&nbsp;<\/p>\n","overallFeedback":[{"from":0,"to":100}],"showSolutions":"Show solution","tryAgain":"Retry","checkAnswer":"Check","notFilledOut":"Please fill in all blanks to view solution","answerIsCorrect":"&#039;:ans&#039; is correct","answerIsWrong":"&#039;:ans&#039; is wrong","answeredCorrectly":"Answered correctly","answeredIncorrectly":"Answered incorrectly","solutionLabel":"Correct answer:","inputLabel":"Blank input @num of @total","inputHasTipLabel":"Tip available","tipLabel":"Tip","behaviour":{"enableRetry":true,"enableSolutionsButton":true,"enableCheckButton":true,"autoCheck":false,"caseSensitive":true,"showSolutionsRequiresInput":true,"separateLines":false,"confirmCheckDialog":false,"confirmRetryDialog":false,"acceptSpellingErrors":false},"scoreBarLabel":"You got :num out of :total points","a11yCheck":"Check the answers. The responses will be marked as correct, incorrect, or unanswered.","a11yShowSolution":"Show the solution. The task will be marked with its correct solution.","a11yRetry":"Retry the task. Reset all responses and start the task over again.","a11yCheckingModeHeader":"Checking mode","confirmCheck":{"header":"Finish ?","body":"Are you sure you wish to finish ?","cancelLabel":"Cancel","confirmLabel":"Finish"},"confirmRetry":{"header":"Retry ?","body":"Are you sure you wish to retry ?","cancelLabel":"Cancel","confirmLabel":"Confirm"},"questions":["<p style=\"text-align: center;\"><strong>1. Use the password to open the document.<br>\n2. Click the Microsoft Office Button, point to Prepare, and then click Encrypt Document.<br>\n3. In the Encrypt Document dialog box, in the Password box, delete the encrypted password, and then click OK.<br>\n4. Save the file.<\/strong><\/p>\n\n<p style=\"text-align: center;\"><strong>There are the steps to *remove:add\/remove* password.<\/strong><\/p>\n"]},"library":"H5P.Blanks 1.14","metadata":{"contentType":"Fill in the Blanks","license":"U","title":"Untitled Fill in the Blanks"},"subContentId":"1820210e-247f-4b91-9c9b-7dbf1725bd93"},"useSeparator":"auto"},{"content":{"params":{"media":{"type":{"params":{"contentName":"Image","file":{"path":"images\/file-60f018fee267a.png","mime":"image\/png","copyright":{"license":"U"},"width":1300,"height":250},"decorative":false,"expandImage":"Expand Image","minimizeImage":"Minimize Image"},"library":"H5P.Image 1.1","metadata":{"contentType":"Image","license":"U","title":"Untitled Image"},"subContentId":"727e1752-4ef9-4231-9592-2e0b3c00359c"},"disableImageZooming":true},"correct":"true","behaviour":{"enableRetry":true,"enableSolutionsButton":true,"enableCheckButton":true,"confirmCheckDialog":false,"confirmRetryDialog":false,"autoCheck":false},"l10n":{"trueText":"True","falseText":"False","score":"You got @score of @total points","checkAnswer":"Check","showSolutionButton":"Show solution","tryAgain":"Retry","wrongAnswerMessage":"Wrong answer","correctAnswerMessage":"Correct answer","scoreBarLabel":"You got :num out of :total points","a11yCheck":"Check the answers. The responses will be marked as correct, incorrect, or unanswered.","a11yShowSolution":"Show the solution. The task will be marked with its correct solution.","a11yRetry":"Retry the task. Reset all responses and start the task over again.","submitAnswer":"Submit"},"confirmCheck":{"header":"Finish ?","body":"Are you sure you wish to finish ?","cancelLabel":"Cancel","confirmLabel":"Finish"},"confirmRetry":{"header":"Retry ?","body":"Are you sure you wish to retry ?","cancelLabel":"Cancel","confirmLabel":"Confirm"},"question":"<p style=\"text-align: center;\"><strong>MS Word allows you to have a different header in odd and even pages.<\/strong><\/p>\n"},"library":"H5P.TrueFalse 1.8","metadata":{"contentType":"True\/False Question","license":"U","title":"Untitled True\/False Question"},"subContentId":"e84de1d0-530a-4fea-9b05-780bcca19a81"},"useSeparator":"auto"}]}