{"mode":"repetition","description":"<p style=\"text-align: center;\"><strong>Read the questions and guess the correct answers.<\/strong><\/p>\n","dialogs":[{"tips":{},"text":"<p style=\"text-align: center;\"><strong>Is sound wave a longitudinal or a transverse wave?<\/strong><\/p>\n","answer":"<p style=\"text-align: center;\"><strong>Longitudinal wave<\/strong><\/p>\n","image":{"path":"images\/image-60ed17acdab5b.png","mime":"image\/png","copyright":{"license":"U"},"width":552,"height":452}},{"tips":{},"text":"<p style=\"text-align: center;\"><strong>The distance between an two successive compression or rarefaction is called?<\/strong><\/p>\n","answer":"<p style=\"text-align: center;\"><strong>Wavelength<\/strong><\/p>\n","image":{"path":"images\/image-60ea69e71dd58.png","mime":"image\/png","copyright":{"license":"U"},"width":721,"height":310}},{"tips":{},"text":"<p style=\"text-align: center;\"><strong>Frequency is defined as:<\/strong><\/p>\n","answer":"<p style=\"text-align: center;\"><strong>The number of waves produced per second.<\/strong><\/p>\n","image":{"path":"images\/image-60ed17b512f8e.png","mime":"image\/png","copyright":{"license":"U"},"width":530,"height":471}},{"tips":{},"text":"<p style=\"text-align: center;\"><strong>1KHz is equivalent to:<\/strong><\/p>\n","answer":"<p style=\"text-align: center;\"><strong>1000 Hz<\/strong><\/p>\n","image":{"path":"images\/image-60ec101f8f84e.png","mime":"image\/png","copyright":{"license":"U"},"width":640,"height":640}},{"tips":{},"text":"<p style=\"text-align: center;\"><strong>Speed of sound is given by:<\/strong><\/p>\n","answer":"<p style=\"text-align: center;\"><strong>Speed(v) = frequency(f)&nbsp;\u00d7 wavelength(\u03bb)<\/strong><\/p>\n","image":{"path":"images\/image-60ec103604d72.png","mime":"image\/png","copyright":{"license":"U"},"width":600,"height":315}},{"tips":{},"text":"<p style=\"text-align: center;\"><strong>What is the maximum distance required for the reverberation?<\/strong><\/p>\n","answer":"<p style=\"text-align: center;\"><strong>17 m<\/strong><\/p>\n","image":{"path":"images\/image-60ec1045d5c07.png","mime":"image\/png","copyright":{"license":"U"},"width":640,"height":640}},{"tips":{},"text":"<p style=\"text-align: center;\"><strong>What frequency of sound waves can be heard by human ear?<\/strong><\/p>\n","answer":"<p style=\"text-align: center;\"><strong>20Hz to 20KHz<\/strong><\/p>\n","image":{"path":"images\/image-60ed17bf78637.png","mime":"image\/png","copyright":{"license":"U"},"width":512,"height":417}},{"tips":{},"text":"<p style=\"text-align: center;\"><strong>Ram can hear the echo after 0.3 seconds. Find the distance between Ram and the reflecting surface. (v=332 m\/s)<\/strong><\/p>\n","answer":"<p style=\"text-align: center;\"><strong>49.8 m<\/strong><\/p>\n","image":{"path":"images\/image-60ed17c92b861.png","mime":"image\/png","copyright":{"license":"U"},"width":631,"height":395}},{"tips":{},"text":"<p style=\"text-align: center;\"><strong>If a sound produced by the dog has wavelength 0.6m, find the frequency . (velocity of sound in air= 332m\/s)<\/strong><\/p>\n","answer":"<p style=\"text-align: center;\"><strong>553.33 Hz<\/strong><\/p>\n","image":{"path":"images\/image-60ea68675bc4b.jpg","mime":"image\/jpeg","copyright":{"license":"U"},"width":612,"height":476}},{"tips":{},"text":"<p style=\"text-align: center;\"><strong>What kind of sounds can be heard by dolphins ?<\/strong><\/p>\n","answer":"<p style=\"text-align: center;\"><strong>Ultrasound<\/strong><\/p>\n","image":{"path":"images\/image-60ea6814b619b.jpg","mime":"image\/jpeg","copyright":{"license":"U"},"width":210,"height":199}}],"behaviour":{"enableRetry":true,"disableBackwardsNavigation":false,"scaleTextNotCard":false,"randomCards":false,"maxProficiency":5,"quickProgression":false},"answer":"Turn","next":"Next","prev":"Previous","retry":"Retry","correctAnswer":"I got it right!","incorrectAnswer":"I got it wrong","round":"Round @round","cardsLeft":"Cards left: @number","nextRound":"Proceed to round @round","startOver":"Start over","showSummary":"Next","summary":"Summary","summaryCardsRight":"Cards you got right:","summaryCardsWrong":"Cards you got wrong:","summaryCardsNotShown":"Cards in pool not shown:","summaryOverallScore":"Overall Score","summaryCardsCompleted":"Cards you have completed learning:","summaryCompletedRounds":"Completed rounds:","summaryAllDone":"Well done! You got all @cards cards correct @max times in a row!","progressText":"Card @card of @total","cardFrontLabel":"Card front","cardBackLabel":"Card back","tipButtonLabel":"Show tip","audioNotSupported":"Your browser does not support this audio","confirmStartingOver":{"header":"Start over?","body":"All progress will be lost. Are you sure you want to start over?","cancelLabel":"Cancel","confirmLabel":"Start over"},"title":"<p style=\"text-align: center;\"><strong>Sound<\/strong><\/p>\n"}