{"mode":"repetition","description":"<p style=\"text-align: center;\"><strong>Read the following Dialog Cards and flip to reveal the answer<\/strong><\/p>\n","dialogs":[{"tips":{},"text":"<p style=\"text-align: center;\"><strong>Outputs are categorized into two:<\/strong><br>\n&nbsp;<\/p>\n","answer":"<p style=\"text-align: center;\"><strong>1. Softcopy Output <\/strong><\/p>\n\n<p style=\"text-align: center;\"><strong>2. Hardcopy Output<\/strong><br>\n&nbsp;<\/p>\n","image":{"path":"images\/image-60ec1b54489fb.png","mime":"image\/png","copyright":{"license":"U"},"width":347,"height":253}},{"tips":{},"text":"<p style=\"text-align: center;\"><strong>Which technology does a CRT monitors use?<\/strong><\/p>\n","answer":"<p style=\"text-align: center;\"><strong>Cathode Ray Tube Technology<\/strong><br>\n&nbsp;<\/p>\n","image":{"path":"images\/image-60ec1b5d94cde.png","mime":"image\/png","copyright":{"license":"U"},"width":1280,"height":1112}},{"tips":{},"text":"<p style=\"text-align: center;\"><strong>It is a non-emissive display that uses optical effects to convert light<br>\nfrom some other source into graphics patterns. What is it?<\/strong><\/p>\n","answer":"<p style=\"text-align: center;\"><strong>Liquid Crystal Display (LCD)<\/strong><\/p>\n","image":{"path":"images\/image-60ec1baa6ddce.jpg","mime":"image\/jpeg","copyright":{"license":"U"},"width":820,"height":554}},{"tips":{},"text":"<p style=\"text-align: center;\"><strong>What is an LED?<\/strong><\/p>\n","image":{"path":"images\/image-60ec1bb0973be.png","mime":"image\/png","copyright":{"license":"U"},"width":259,"height":194},"answer":"<p style=\"text-align: center;\"><strong>LED is the emissive displays devices that convert <\/strong><\/p>\n\n<p style=\"text-align: center;\"><strong>electrical energy into light.<\/strong><\/p>\n"},{"tips":{},"text":"<p style=\"text-align: center;\"><strong>The output in the permanent form or printed form is called<\/strong><\/p>\n","answer":"<p style=\"text-align: center;\"><strong>Hard copy<\/strong><\/p>\n","image":{"path":"images\/image-60ec1bb37e39d.jpg","mime":"image\/jpeg","copyright":{"license":"U"},"width":1000,"height":773}},{"tips":{},"answer":"<p style=\"text-align: center;\"><strong>Non-impact printer <\/strong><\/p>\n","text":"<p style=\"text-align: center;\"><strong>The printer in which the printing is done with ink-jet,<br>\nelectrostatic, chemical and thermal technology is catergorized as:<\/strong><\/p>\n","image":{"path":"images\/image-60ec1bb713bfd.jpg","mime":"image\/jpeg","copyright":{"license":"U"},"width":424,"height":351}},{"tips":{},"text":"<p style=\"text-align: center;\"><strong>Lazer printer uses the _______ to print the<\/strong><\/p>\n\n<p style=\"text-align: center;\"><strong>output at a high speed<\/strong><br>\n&nbsp;<\/p>\n","answer":"<p style=\"text-align: center;\"><strong>Lazer Beams<\/strong><\/p>\n","image":{"path":"images\/image-60ec1bb9bdef0.png","mime":"image\/png","copyright":{"license":"U"},"width":474,"height":356}},{"tips":{},"text":"<p style=\"text-align: center;\"><strong>These output unit are used to produce a<br>\nhard copy of schematics. What are these output units?<\/strong><br>\n&nbsp;<\/p>\n","answer":"<p style=\"text-align: center;\"><strong>Plotters <\/strong><\/p>\n","image":{"path":"images\/image-60ec1bbc8000a.jpg","mime":"image\/jpeg","copyright":{"license":"U"},"width":820,"height":519}},{"tips":{},"text":"<p style=\"text-align: center;\"><strong>What kind of printer uses tiny hammers which strike against the <\/strong><\/p>\n\n<p style=\"text-align: center;\"><strong>ink ribbon and paper to produce characters on the sheet of paper?<\/strong><\/p>\n","answer":"<p style=\"text-align: center;\"><strong>An impact printer <\/strong><\/p>\n","image":{"path":"images\/image-60ec1bbebce11.jpg","mime":"image\/jpeg","copyright":{"license":"U"},"width":500,"height":500}},{"tips":{},"text":"<p style=\"text-align: center;\"><strong>In a _______ printer, there are a number of small rods arranged in<br>\na specific number of rows and columns.<\/strong><br>\n&nbsp;<\/p>\n","answer":"<p style=\"text-align: center;\"><strong>Dot Matrix<\/strong><\/p>\n","image":{"path":"images\/image-60ec1bc18fd12.jpg","mime":"image\/jpeg","copyright":{"license":"U"},"width":1500,"height":707}}],"behaviour":{"enableRetry":true,"disableBackwardsNavigation":false,"scaleTextNotCard":false,"randomCards":false,"maxProficiency":5,"quickProgression":false},"answer":"Turn","next":"Next","prev":"Previous","retry":"Retry","correctAnswer":"I got it right!","incorrectAnswer":"I got it wrong","round":"Round @round","cardsLeft":"Cards left: @number","nextRound":"Proceed to round @round","startOver":"Start over","showSummary":"Next","summary":"Summary","summaryCardsRight":"Cards you got right:","summaryCardsWrong":"Cards you got wrong:","summaryCardsNotShown":"Cards in pool not shown:","summaryOverallScore":"Overall Score","summaryCardsCompleted":"Cards you have completed learning:","summaryCompletedRounds":"Completed rounds:","summaryAllDone":"Well done! You got all @cards cards correct @max times in a row!","progressText":"Card @card of @total","cardFrontLabel":"Card front","cardBackLabel":"Card back","tipButtonLabel":"Show tip","audioNotSupported":"Your browser does not support this audio","confirmStartingOver":{"header":"Start over?","body":"All progress will be lost. Are you sure you want to start over?","cancelLabel":"Cancel","confirmLabel":"Start over"},"title":"<p style=\"text-align: center;\"><strong>Output unit<\/strong><\/p>\n"}