{"content":[{"useSeparator":"auto","content":{"params":{"media":{"type":{"params":{"contentName":"Image","file":{"path":"images\/file-60ebdd5125a16.png","mime":"image\/png","copyright":{"license":"U"},"width":1150,"height":250}},"library":"H5P.Image 1.1","metadata":{"contentType":"Image","license":"U","title":"Untitled Image"},"subContentId":"c1578f06-2075-4d9e-b723-fb6ceecb3c98"},"disableImageZooming":true},"text":"<p style=\"text-align: center;\"><strong>Fill in the missing words<\/strong><\/p>\n","overallFeedback":[{"from":0,"to":100}],"showSolutions":"Show solution","tryAgain":"Retry","checkAnswer":"Check","notFilledOut":"Please fill in all blanks to view solution","answerIsCorrect":"&#039;:ans&#039; is correct","answerIsWrong":"&#039;:ans&#039; is wrong","answeredCorrectly":"Answered correctly","answeredIncorrectly":"Answered incorrectly","solutionLabel":"Correct answer:","inputLabel":"Blank input @num of @total","inputHasTipLabel":"Tip available","tipLabel":"Tip","behaviour":{"enableRetry":true,"enableSolutionsButton":true,"enableCheckButton":true,"autoCheck":false,"caseSensitive":false,"showSolutionsRequiresInput":true,"separateLines":false,"confirmCheckDialog":false,"confirmRetryDialog":false,"acceptSpellingErrors":false},"scoreBarLabel":"You got :num out of :total points","a11yCheck":"Check the answers. The responses will be marked as correct, incorrect, or unanswered.","a11yShowSolution":"Show the solution. The task will be marked with its correct solution.","a11yRetry":"Retry the task. Reset all responses and start the task over again.","a11yCheckingModeHeader":"Checking mode","confirmCheck":{"header":"Finish ?","body":"Are you sure you wish to finish ?","cancelLabel":"Cancel","confirmLabel":"Finish"},"confirmRetry":{"header":"Retry ?","body":"Are you sure you wish to retry ?","cancelLabel":"Cancel","confirmLabel":"Confirm"},"questions":["<p style=\"text-align: center;\"><strong>1.&nbsp;&nbsp; &nbsp;Primary memory is the main memory of a computer <\/strong><\/p>\n\n<p style=\"text-align: center;\"><strong>which is attached directly to the *Motherboard*<\/strong><\/p>\n"]},"library":"H5P.Blanks 1.12","metadata":{"contentType":"Fill in the Blanks","license":"U","title":"1.\tPrimary memory is the main memory of a computer which is attached directly to the motherboard."},"subContentId":"35c40788-9fb0-42db-94c4-d5a26e38c57e"}},{"content":{"params":{"media":{"type":{"params":{"contentName":"Image","file":{"path":"images\/file-60ebdd6915f78.png","mime":"image\/png","copyright":{"license":"U"},"width":1150,"height":250}},"library":"H5P.Image 1.1","metadata":{"contentType":"Image","license":"U","title":"Untitled Image"},"subContentId":"3ae21451-4c77-4e00-9c68-14e59660d577"},"disableImageZooming":true},"correct":"true","behaviour":{"enableRetry":true,"enableSolutionsButton":true,"enableCheckButton":true,"confirmCheckDialog":false,"confirmRetryDialog":false,"autoCheck":false},"l10n":{"trueText":"True","falseText":"False","score":"You got @score of @total points","checkAnswer":"Check","showSolutionButton":"Show solution","tryAgain":"Retry","wrongAnswerMessage":"Wrong answer","correctAnswerMessage":"Correct answer","scoreBarLabel":"You got :num out of :total points","a11yCheck":"Check the answers. The responses will be marked as correct, incorrect, or unanswered.","a11yShowSolution":"Show the solution. The task will be marked with its correct solution.","a11yRetry":"Retry the task. Reset all responses and start the task over again."},"confirmCheck":{"header":"Finish ?","body":"Are you sure you wish to finish ?","cancelLabel":"Cancel","confirmLabel":"Finish"},"confirmRetry":{"header":"Retry ?","body":"Are you sure you wish to retry ?","cancelLabel":"Cancel","confirmLabel":"Confirm"},"question":"<p style=\"text-align: center;\"><strong>2.&nbsp;&nbsp; &nbsp;RAM stands for Random Access Memory<\/strong><\/p>\n"},"library":"H5P.TrueFalse 1.6","metadata":{"contentType":"True\/False Question","license":"U","title":"2.\tRAM stands for Random Access Memory"},"subContentId":"3eb6edc4-b6e2-4686-8606-e3b7db016c16"},"useSeparator":"auto"},{"content":{"params":{"media":{"type":{"params":{"contentName":"Image","file":{"path":"images\/file-60ebdd71c4694.png","mime":"image\/png","copyright":{"license":"U"},"width":1150,"height":250}},"library":"H5P.Image 1.1","metadata":{"contentType":"Image","license":"U","title":"Untitled Image"},"subContentId":"26f410ac-1381-41fc-bce0-d166553f00a4"},"disableImageZooming":true},"correct":"false","behaviour":{"enableRetry":true,"enableSolutionsButton":true,"enableCheckButton":true,"confirmCheckDialog":false,"confirmRetryDialog":false,"autoCheck":false},"l10n":{"trueText":"True","falseText":"False","score":"You got @score of @total points","checkAnswer":"Check","showSolutionButton":"Show solution","tryAgain":"Retry","wrongAnswerMessage":"Wrong answer","correctAnswerMessage":"Correct answer","scoreBarLabel":"You got :num out of :total points","a11yCheck":"Check the answers. The responses will be marked as correct, incorrect, or unanswered.","a11yShowSolution":"Show the solution. The task will be marked with its correct solution.","a11yRetry":"Retry the task. Reset all responses and start the task over again."},"confirmCheck":{"header":"Finish ?","body":"Are you sure you wish to finish ?","cancelLabel":"Cancel","confirmLabel":"Finish"},"confirmRetry":{"header":"Retry ?","body":"Are you sure you wish to retry ?","cancelLabel":"Cancel","confirmLabel":"Confirm"},"question":"<p style=\"text-align: center;\"><strong>3.&nbsp;&nbsp; &nbsp;Read Only Memory (ROM) is a <\/strong><\/p>\n\n<p style=\"text-align: center;\"><strong>volatile memory<\/strong><\/p>\n"},"library":"H5P.TrueFalse 1.6","metadata":{"contentType":"True\/False Question","license":"U","title":"3.\tRead Only Memory (ROM) is a non-volatile memory"},"subContentId":"b67ab00b-4d6d-4eec-a403-7cac1447d540"},"useSeparator":"auto"},{"content":{"params":{"media":{"type":{"params":{"contentName":"Image","file":{"path":"images\/file-60ebdd7b63334.png","mime":"image\/png","copyright":{"license":"U"},"width":1150,"height":250}},"library":"H5P.Image 1.1","metadata":{"contentType":"Image","license":"U","title":"Untitled Image"},"subContentId":"4238e5b3-0387-4d07-89df-ce1bcc00b65a"},"disableImageZooming":true},"text":"<p style=\"text-align: center;\"><strong>Fill in the missing words<\/strong><\/p>\n","overallFeedback":[{"from":0,"to":100}],"showSolutions":"Show solution","tryAgain":"Retry","checkAnswer":"Check","notFilledOut":"Please fill in all blanks to view solution","answerIsCorrect":"&#039;:ans&#039; is correct","answerIsWrong":"&#039;:ans&#039; is wrong","answeredCorrectly":"Answered correctly","answeredIncorrectly":"Answered incorrectly","solutionLabel":"Correct answer:","inputLabel":"Blank input @num of @total","inputHasTipLabel":"Tip available","tipLabel":"Tip","behaviour":{"enableRetry":true,"enableSolutionsButton":true,"enableCheckButton":true,"autoCheck":false,"caseSensitive":false,"showSolutionsRequiresInput":true,"separateLines":false,"confirmCheckDialog":false,"confirmRetryDialog":false,"acceptSpellingErrors":false},"scoreBarLabel":"You got :num out of :total points","a11yCheck":"Check the answers. The responses will be marked as correct, incorrect, or unanswered.","a11yShowSolution":"Show the solution. The task will be marked with its correct solution.","a11yRetry":"Retry the task. Reset all responses and start the task over again.","a11yCheckingModeHeader":"Checking mode","confirmCheck":{"header":"Finish ?","body":"Are you sure you wish to finish ?","cancelLabel":"Cancel","confirmLabel":"Finish"},"confirmRetry":{"header":"Retry ?","body":"Are you sure you wish to retry ?","cancelLabel":"Cancel","confirmLabel":"Confirm"},"questions":["<p style=\"text-align: center;\"><strong>4.&nbsp;&nbsp; &nbsp;The *Hard Drive* is an example of a<\/strong><\/p>\n\n<p style=\"text-align: center;\"><strong>secondary permanent memory having large storage capacity.<\/strong><\/p>\n"]},"library":"H5P.Blanks 1.12","metadata":{"contentType":"Fill in the Blanks","license":"U","title":"4.\tThe Hard drive is an example of a secondary permanent memory having large storage capacity."},"subContentId":"c61abfb6-00e1-4b57-92b5-50ccaf55c706"},"useSeparator":"auto"},{"content":{"params":{"media":{"type":{"params":{"contentName":"Image","file":{"path":"images\/file-60ebdd86cc916.png","mime":"image\/png","copyright":{"license":"U"},"width":1150,"height":250}},"library":"H5P.Image 1.1","metadata":{"contentType":"Image","license":"U","title":"Untitled Image"},"subContentId":"1aeda80d-f18b-4512-9333-2c5b27c7ef68"},"disableImageZooming":true},"correct":"true","behaviour":{"enableRetry":true,"enableSolutionsButton":true,"enableCheckButton":true,"confirmCheckDialog":false,"confirmRetryDialog":false,"autoCheck":false},"l10n":{"trueText":"True","falseText":"False","score":"You got @score of @total points","checkAnswer":"Check","showSolutionButton":"Show solution","tryAgain":"Retry","wrongAnswerMessage":"Wrong answer","correctAnswerMessage":"Correct answer","scoreBarLabel":"You got :num out of :total points","a11yCheck":"Check the answers. The responses will be marked as correct, incorrect, or unanswered.","a11yShowSolution":"Show the solution. The task will be marked with its correct solution.","a11yRetry":"Retry the task. Reset all responses and start the task over again."},"confirmCheck":{"header":"Finish ?","body":"Are you sure you wish to finish ?","cancelLabel":"Cancel","confirmLabel":"Finish"},"confirmRetry":{"header":"Retry ?","body":"Are you sure you wish to retry ?","cancelLabel":"Cancel","confirmLabel":"Confirm"},"question":"<p style=\"text-align: center;\"><strong>5.&nbsp;&nbsp; &nbsp;Magnetic tape is a sequential storage media.<\/strong><\/p>\n"},"library":"H5P.TrueFalse 1.6","metadata":{"contentType":"True\/False Question","license":"U","title":"5.\tMagnetic tape is a sequential storage media."},"subContentId":"51af20d4-db44-4e8f-b7a9-4399fc6442a8"},"useSeparator":"auto"},{"content":{"params":{"media":{"type":{"params":{"contentName":"Image","file":{"path":"images\/file-60ebdda55f6bf.png","mime":"image\/png","copyright":{"license":"U"},"width":1150,"height":250}},"library":"H5P.Image 1.1","metadata":{"contentType":"Image","license":"U","title":"Untitled Image"},"subContentId":"35297615-29ed-4fea-8744-1b2ef9ff7d73"},"disableImageZooming":true},"text":"<p style=\"text-align: center;\"><strong>Fill in the missing words<\/strong><\/p>\n","overallFeedback":[{"from":0,"to":100}],"showSolutions":"Show solution","tryAgain":"Retry","checkAnswer":"Check","notFilledOut":"Please fill in all blanks to view solution","answerIsCorrect":"&#039;:ans&#039; is correct","answerIsWrong":"&#039;:ans&#039; is wrong","answeredCorrectly":"Answered correctly","answeredIncorrectly":"Answered incorrectly","solutionLabel":"Correct answer:","inputLabel":"Blank input @num of @total","inputHasTipLabel":"Tip available","tipLabel":"Tip","behaviour":{"enableRetry":true,"enableSolutionsButton":true,"enableCheckButton":true,"autoCheck":false,"caseSensitive":false,"showSolutionsRequiresInput":true,"separateLines":false,"confirmCheckDialog":false,"confirmRetryDialog":false,"acceptSpellingErrors":false},"scoreBarLabel":"You got :num out of :total points","a11yCheck":"Check the answers. The responses will be marked as correct, incorrect, or unanswered.","a11yShowSolution":"Show the solution. The task will be marked with its correct solution.","a11yRetry":"Retry the task. Reset all responses and start the task over again.","a11yCheckingModeHeader":"Checking mode","confirmCheck":{"header":"Finish ?","body":"Are you sure you wish to finish ?","cancelLabel":"Cancel","confirmLabel":"Finish"},"confirmRetry":{"header":"Retry ?","body":"Are you sure you wish to retry ?","cancelLabel":"Cancel","confirmLabel":"Confirm"},"questions":["<p style=\"text-align: center;\"><strong>6.&nbsp;&nbsp; &nbsp;USB stands for  *Universal Serial Bus*<\/strong><br>\n&nbsp;<\/p>\n"]},"library":"H5P.Blanks 1.12","metadata":{"contentType":"Fill in the Blanks","license":"U","title":"6.\tUSB stands for"},"subContentId":"90a5fd87-635c-4ad5-987d-0d291064b82f"},"useSeparator":"auto"},{"content":{"params":{"contentName":"Image","file":{"path":"images\/file-60ebddb73a84a.png","mime":"image\/png","copyright":{"license":"U"},"width":1150,"height":250},"alt":"Bluray"},"library":"H5P.Image 1.1","metadata":{"contentType":"Image","license":"U","title":"Untitled Image"},"subContentId":"7d606f41-981f-46bd-9a8d-5b438238a56e"},"useSeparator":"auto"},{"content":{"params":{"choices":[{"subContentId":"dd9d9844-4113-403f-90a4-f04938e489e5","question":"<p style=\"text-align: center;\"><strong>7.&nbsp;&nbsp; &nbsp;How much can a Bluray Disc (BD) store on a <em>single-layer<\/em> disc?<\/strong><\/p>\n","answers":["<p style=\"text-align: center;\"><strong>25 GB<\/strong><\/p>\n","<p style=\"text-align: center;\"><strong>10GB<\/strong><\/p>\n","<p style=\"text-align: center;\"><strong>7GB<\/strong><\/p>\n","<p style=\"text-align: center;\"><strong>50GB<\/strong><\/p>\n"]}],"overallFeedback":[{"from":0,"to":100}],"behaviour":{"autoContinue":true,"timeoutCorrect":2000,"timeoutWrong":3000,"soundEffectsEnabled":true,"enableRetry":true,"enableSolutionsButton":true,"passPercentage":100},"l10n":{"nextButtonLabel":"Next question","showSolutionButtonLabel":"Show solution","retryButtonLabel":"Retry","solutionViewTitle":"Solution list","correctText":"Correct!","incorrectText":"Incorrect!","muteButtonLabel":"Mute feedback sound","closeButtonLabel":"Close","slideOfTotal":"Slide :num of :total","scoreBarLabel":"You got :num out of :total points","solutionListQuestionNumber":"Question :num","a11yShowSolution":"Show the solution. The task will be marked with its correct solution.","a11yRetry":"Retry the task. Reset all responses and start the task over again."}},"library":"H5P.SingleChoiceSet 1.11","metadata":{"contentType":"Single Choice Set","license":"U","title":"7.\tHow much can a Bluray Disc (BD) store on a single-layer disc?"},"subContentId":"ed2ff9e1-acd6-41b1-a082-a9f014c1242e"},"useSeparator":"auto"},{"content":{"params":{"contentName":"Image","file":{"path":"images\/file-60ebddc704460.png","mime":"image\/png","copyright":{"license":"U"},"width":1150,"height":250},"alt":"CD"},"library":"H5P.Image 1.1","metadata":{"contentType":"Image","license":"U","title":"Untitled Image"},"subContentId":"8912b41f-2227-4ab9-bc47-5582e78ed663"},"useSeparator":"auto"},{"content":{"params":{"choices":[{"subContentId":"ac84a742-408b-43ee-82aa-a86e90fe02fd","question":"<p style=\"text-align: center;\"><strong>8.&nbsp;&nbsp; &nbsp;CD-RW stands for:<\/strong><\/p>\n","answers":["<p style=\"text-align: center;\"><strong>Compact Disc-Rewritable.<\/strong><\/p>\n","<p style=\"text-align: center;\"><strong>Compact Disc-Read and Write<\/strong><\/p>\n","<p style=\"text-align: center;\"><strong>Compact Disc-Readable<\/strong><\/p>\n"]}],"overallFeedback":[{"from":0,"to":100}],"behaviour":{"autoContinue":true,"timeoutCorrect":2000,"timeoutWrong":3000,"soundEffectsEnabled":true,"enableRetry":true,"enableSolutionsButton":true,"passPercentage":100},"l10n":{"nextButtonLabel":"Next question","showSolutionButtonLabel":"Show solution","retryButtonLabel":"Retry","solutionViewTitle":"Solution list","correctText":"Correct!","incorrectText":"Incorrect!","muteButtonLabel":"Mute feedback sound","closeButtonLabel":"Close","slideOfTotal":"Slide :num of :total","scoreBarLabel":"You got :num out of :total points","solutionListQuestionNumber":"Question :num","a11yShowSolution":"Show the solution. The task will be marked with its correct solution.","a11yRetry":"Retry the task. Reset all responses and start the task over again."}},"library":"H5P.SingleChoiceSet 1.11","metadata":{"contentType":"Single Choice Set","license":"U","title":"8.\tCD-RW stands for Compact Disc-Rewritable."},"subContentId":"544cf2a0-ff8e-439b-99d7-604eebefc48d"},"useSeparator":"auto"},{"content":{"params":{"contentName":"Image","file":{"path":"images\/file-60ebddd674dd7.png","mime":"image\/png","copyright":{"license":"U"},"width":1150,"height":250},"alt":"USB"},"library":"H5P.Image 1.1","metadata":{"contentType":"Image","license":"U","title":"Untitled Image"},"subContentId":"ee375325-e0b1-4a17-a922-5182e4f8367e"},"useSeparator":"auto"},{"content":{"params":{"choices":[{"subContentId":"ae2352ff-b3f9-429c-ac8a-738c44b524ca","question":"<p style=\"text-align: center;\"><strong>9.&nbsp;&nbsp; &nbsp;Pendrive can be attached to the computer through a _____ port.<\/strong><\/p>\n","answers":["<p style=\"text-align: center;\"><strong>USB<\/strong><\/p>\n","<p style=\"text-align: center;\"><strong>SATA<\/strong><\/p>\n","<p style=\"text-align: center;\"><strong>M.2<\/strong><\/p>\n"]}],"overallFeedback":[{"from":0,"to":100}],"behaviour":{"autoContinue":true,"timeoutCorrect":2000,"timeoutWrong":3000,"soundEffectsEnabled":true,"enableRetry":true,"enableSolutionsButton":true,"passPercentage":100},"l10n":{"nextButtonLabel":"Next question","showSolutionButtonLabel":"Show solution","retryButtonLabel":"Retry","solutionViewTitle":"Solution list","correctText":"Correct!","incorrectText":"Incorrect!","muteButtonLabel":"Mute feedback sound","closeButtonLabel":"Close","slideOfTotal":"Slide :num of :total","scoreBarLabel":"You got :num out of :total points","solutionListQuestionNumber":"Question :num","a11yShowSolution":"Show the solution. The task will be marked with its correct solution.","a11yRetry":"Retry the task. Reset all responses and start the task over again."}},"library":"H5P.SingleChoiceSet 1.11","metadata":{"contentType":"Single Choice Set","license":"U","title":"9.\tPendrive can be attached to the computer through a"},"subContentId":"372d4697-43a9-4658-8a74-e19effa92cbd"},"useSeparator":"auto"},{"content":{"params":{"media":{"type":{"params":{"contentName":"Image","file":{"path":"images\/file-60ebddea91145.png","mime":"image\/png","copyright":{"license":"U"},"width":1150,"height":250},"alt":"Firmware"},"library":"H5P.Image 1.1","metadata":{"contentType":"Image","license":"U","title":"Untitled Image"},"subContentId":"ff3458a2-10de-4678-b7b3-a212cb475e08"},"disableImageZooming":true},"answers":[{"correct":true,"tipsAndFeedback":{"tip":"","chosenFeedback":"","notChosenFeedback":""},"text":"<div style=\"text-align: center;\"><strong>Firmware<\/strong><\/div>\n"},{"correct":true,"tipsAndFeedback":{"tip":"","chosenFeedback":"","notChosenFeedback":""},"text":"<div style=\"text-align: center;\"><strong>BIOS<\/strong><\/div>\n"},{"correct":false,"tipsAndFeedback":{"tip":"","chosenFeedback":"","notChosenFeedback":""},"text":"<div style=\"text-align: center;\"><strong>Games<\/strong><\/div>\n"},{"correct":false,"tipsAndFeedback":{"tip":"","chosenFeedback":"","notChosenFeedback":""},"text":"<div style=\"text-align: center;\"><strong>Operating System<\/strong><\/div>\n"}],"overallFeedback":[{"from":0,"to":100}],"behaviour":{"enableRetry":true,"enableSolutionsButton":true,"enableCheckButton":true,"type":"auto","singlePoint":false,"randomAnswers":true,"showSolutionsRequiresInput":true,"confirmCheckDialog":false,"confirmRetryDialog":false,"autoCheck":false,"passPercentage":100,"showScorePoints":true},"UI":{"checkAnswerButton":"Check","showSolutionButton":"Show solution","tryAgainButton":"Retry","tipsLabel":"Show tip","scoreBarLabel":"You got :num out of :total points","tipAvailable":"Tip available","feedbackAvailable":"Feedback available","readFeedback":"Read feedback","wrongAnswer":"Wrong answer","correctAnswer":"Correct answer","shouldCheck":"Should have been checked","shouldNotCheck":"Should not have been checked","noInput":"Please answer before viewing the solution","a11yCheck":"Check the answers. The responses will be marked as correct, incorrect, or unanswered.","a11yShowSolution":"Show the solution. The task will be marked with its correct solution.","a11yRetry":"Retry the task. Reset all responses and start the task over again."},"confirmCheck":{"header":"Finish ?","body":"Are you sure you wish to finish ?","cancelLabel":"Cancel","confirmLabel":"Finish"},"confirmRetry":{"header":"Retry ?","body":"Are you sure you wish to retry ?","cancelLabel":"Cancel","confirmLabel":"Confirm"},"question":"<p style=\"text-align: center;\"><strong>10.&nbsp; &nbsp; What programs stored in non volatile memory such as ROM?<br>\n(choose all the correct alternatives)<\/strong><\/p>\n"},"library":"H5P.MultiChoice 1.14","metadata":{"contentType":"Multiple Choice","license":"U","title":"10.\u00a0\u00a0 \u00a0Programs stored in non volatile memory such as ROM are called?"},"subContentId":"6a0f59fa-5da5-408a-ac22-b71c674e8a68"},"useSeparator":"auto"}]}