{"mode":"repetition","description":"<p style=\"text-align: center;\"><strong>Learn about network topologies.<\/strong><\/p>\n","dialogs":[{"tips":{},"text":"<p style=\"text-align: center;\"><strong>What is network topology?<\/strong><\/p>\n","answer":"<p style=\"text-align: center;\"><strong>It is the structure or layout of the communication channels that connects the various computers on the network.<\/strong><\/p>\n","image":{"path":"images\/image-60f1814585369.jpg","mime":"image\/jpeg","copyright":{"license":"U"},"width":802,"height":720}},{"tips":{},"text":"<p style=\"text-align: center;\"><strong>Each computer in the network is called ___.<\/strong><\/p>\n","answer":"<p style=\"text-align: center;\"><strong>Node<\/strong><\/p>\n","image":{"path":"images\/image-60f181670b3ee.jpeg","mime":"image\/jpeg","copyright":{"license":"U"},"width":600,"height":374}},{"tips":{},"text":"<p style=\"text-align: center;\"><strong>How are nodes connected in bus topology?<\/strong><\/p>\n","answer":"<p style=\"text-align: center;\"><strong>Bus topology uses one main cable to which all nodes are directly connected.<\/strong><\/p>\n","image":{"path":"images\/image-60f1818305997.jpg","mime":"image\/jpeg","copyright":{"license":"U"},"width":592,"height":450}},{"tips":{},"answer":"<p style=\"text-align: center;\"><strong>&nbsp;The entire network goes down.<\/strong><\/p>\n","text":"<p style=\"text-align: center;\"><strong>What happens in bus topology if main cable breaks?<\/strong><\/p>\n","image":{"path":"images\/image-60f181dc9ce71.png","mime":"image\/png","copyright":{"license":"U"},"width":1980,"height":1080}},{"tips":{},"text":"<p style=\"text-align: center;\"><strong>Why are bus topologies cheap?<\/strong><\/p>\n","answer":"<p style=\"text-align: center;\"><strong>Due to its low installation cost.<\/strong><\/p>\n","image":{"path":"images\/image-60f181ef04be5.jpg","mime":"image\/jpeg","copyright":{"license":"U"},"width":238,"height":250}},{"tips":{},"answer":"<p style=\"text-align: center;\"><strong>Each computer is connected to a central hub using a point-to-point connection.<\/strong><\/p>\n","text":"<p style=\"text-align: center;\"><strong>How are computer connected in star topology?<\/strong><\/p>\n","image":{"path":"images\/image-60f1820fb1ad5.png","mime":"image\/png","copyright":{"license":"U"},"width":651,"height":403}},{"tips":{},"text":"<p style=\"text-align: center;\"><strong>What is the work of central hub in star topology?<\/strong><\/p>\n","answer":"<p style=\"text-align: center;\"><strong>It manages the network.<\/strong><\/p>\n","image":{"path":"images\/image-60f18231f36fa.jpeg","mime":"image\/jpeg","copyright":{"license":"U"},"width":800,"height":800}},{"tips":{},"text":"<p style=\"text-align: center;\"><strong>A type of topology where computers in the network are connected in a circular fashion is _____.<\/strong><\/p>\n","answer":"<p style=\"text-align: center;\"><strong>Ring topology<\/strong><\/p>\n","image":{"path":"images\/image-60f18253c6a71.png","mime":"image\/png","copyright":{"license":"U"},"width":537,"height":577}},{"tips":{},"text":"<p style=\"text-align: center;\"><strong>What is the main advantage of ring topology?<\/strong><\/p>\n","answer":"<p style=\"text-align: center;\"><strong>This type of network is easy to install and manage.<\/strong><\/p>\n","image":{"path":"images\/image-60ff743567f81.jpg","mime":"image\/jpeg","copyright":{"license":"U"},"width":800,"height":800}},{"tips":{},"text":"<p style=\"text-align: center;\"><strong>What is the major disadvantage of ring topology?<\/strong><\/p>\n","answer":"<p style=\"text-align: center;\"><strong>If one computer fails whole network goes down.<\/strong><\/p>\n","image":{"path":"images\/image-60f1829054ff5.jpg","mime":"image\/jpeg","copyright":{"license":"U"},"width":916,"height":1279}}],"behaviour":{"enableRetry":true,"disableBackwardsNavigation":false,"scaleTextNotCard":false,"randomCards":false,"maxProficiency":5,"quickProgression":false},"answer":"Turn","next":"Next","prev":"Previous","retry":"Retry","correctAnswer":"I got it right!","incorrectAnswer":"I got it wrong","round":"Round @round","cardsLeft":"Cards left: @number","nextRound":"Proceed to round @round","startOver":"Start over","showSummary":"Next","summary":"Summary","summaryCardsRight":"Cards you got right:","summaryCardsWrong":"Cards you got wrong:","summaryCardsNotShown":"Cards in pool not shown:","summaryOverallScore":"Overall Score","summaryCardsCompleted":"Cards you have completed learning:","summaryCompletedRounds":"Completed rounds:","summaryAllDone":"Well done! You got all @cards cards correct @max times in a row!","progressText":"Card @card of @total","cardFrontLabel":"Card front","cardBackLabel":"Card back","tipButtonLabel":"Show tip","audioNotSupported":"Your browser does not support this audio","confirmStartingOver":{"header":"Start over?","body":"All progress will be lost. Are you sure you want to start over?","cancelLabel":"Cancel","confirmLabel":"Start over"},"title":"<p>&nbsp;&nbsp;<\/p>\n"}