{"cards":[{"text":"HTML ____ are the instructions which begins with &#039;&lt;&#039; and end with &#039;&gt;&#039;.","answer":"Tags","tip":"<p style=\"text-align: center;\"><strong>Answer must be in plural form.<\/strong><\/p>\n","image":{"path":"images\/image-60f51dc775798.png","mime":"image\/png","copyright":{"license":"U"},"width":400,"height":277}},{"text":"HTML tags are case sensitive. [True\/False]","answer":"False","tip":"","image":{"path":"images\/image-60f51e02acf26.jpg","mime":"image\/jpeg","copyright":{"license":"U"},"width":500,"height":500}},{"text":"____ are the additional instructions that further define the behavior of the element.","answer":"Attributes","tip":"<p style=\"text-align: center;\"><strong>Answer must be in plural form.<\/strong><\/p>\n","image":{"path":"images\/image-60f51e2715a13.jpg","mime":"image\/jpeg","copyright":{"license":"U"},"width":1024,"height":576}},{"text":"Container tags are also called ____ tags.","answer":"Pair\/Paired","tip":"<p style=\"text-align: center;\"><strong>Group of two<\/strong><\/p>\n","image":{"path":"images\/image-60f51ee9cd5a0.png","mime":"image\/png","copyright":{"license":"U"},"width":500,"height":135}},{"text":"Container&#039;s end tag is preceded with __ sign.","answer":"\\\/","tip":"<p style=\"text-align: center;\">Enter the correct sign from your keyboard.<\/p>\n","image":{"path":"images\/image-60f51f13b4a32.png","mime":"image\/png","copyright":{"license":"U"},"width":834,"height":400}},{"text":"___ tags have only start tag but no end tag.","answer":"Empty","tip":"","image":{"path":"images\/image-60f51fa48b5d7.jpg","mime":"image\/jpeg","copyright":{"license":"U"},"width":512,"height":394}},{"text":"&lt;HTML&gt;......&lt;\/HTML&gt; is an empty tag. [True\/False]","answer":"False","tip":"<p style=\"text-align: center;\"><strong>Empty tags have no end tags.<\/strong><\/p>\n","image":{"path":"images\/image-60f51fc52224a.jpg","mime":"image\/jpeg","copyright":{"license":"U"},"width":800,"height":800}},{"text":"&lt;HR&gt; is an empty tag. [True\/False]","answer":"True","tip":"<p style=\"text-align: center;\"><strong>&lt;HR&gt; tag does not need end tag.<\/strong><\/p>\n","image":{"path":"images\/image-60f51fe2583de.jpg","mime":"image\/jpeg","copyright":{"license":"U"},"width":1920,"height":1707}},{"text":"Identify the attribute in &lt;BODY bgcolor=&quot;#FFFFAA&quot; &gt;......&lt;\/BODY&gt;","answer":"bgcolor","tip":"<p style=\"text-align: center;\"><strong>Attribute defines a behaviour.<\/strong><\/p>\n","image":{"path":"images\/image-60f52003e22c0.jpg","mime":"image\/jpeg","copyright":{"license":"U"},"width":720,"height":720}},{"text":"&lt;br&gt; tag is used to break line. [True\/False]","answer":"True","tip":"","image":{"path":"images\/image-60f52024852f1.png","mime":"image\/png","copyright":{"license":"U"},"width":320,"height":157}}],"progressText":"Card @card of @total","next":"Next","previous":"Previous","checkAnswerText":"Check","showSolutionsRequiresInput":true,"defaultAnswerText":"Your answer","correctAnswerText":"Correct","incorrectAnswerText":"Incorrect","showSolutionText":"Correct answer","results":"Results","ofCorrect":"@score of @total correct","showResults":"Show results","answerShortText":"A:","retry":"Retry","caseSensitive":false,"cardAnnouncement":"Incorrect answer. Correct answer was @answer","pageAnnouncement":"Page @current of @total","description":"Analyze the questions carefully and answer the questions.","correctAnswerAnnouncement":"@answer is correct.","randomCards":false}