{"mode":"repetition","description":"<p style=\"text-align: center;\"><strong>Analyse the given cards and try to guess the correct answers.<\/strong><\/p>\n","dialogs":[{"tips":{},"text":"<p style=\"text-align: center;\"><strong>Identify the sense organ.<\/strong><\/p>\n","answer":"<p style=\"text-align: center;\"><strong>Ear<\/strong><\/p>\n","image":{"path":"images\/image-60e1f46053e23.jpg","mime":"image\/jpeg","copyright":{"license":"U"},"width":225,"height":225},"audio":[{"path":"audios\/audio-610178d46f15b.mp3","mime":"audio\/mpeg","copyright":{"license":"U"}}]},{"tips":{},"text":"<p style=\"text-align: center;\"><strong>What is the boy doing?<\/strong><\/p>\n","answer":"<p style=\"text-align: center;\"><strong>Sleeping<\/strong><\/p>\n","audio":[{"path":"audios\/audio-60e42f64123a7.mp3","mime":"audio\/mpeg","copyright":{"license":"U"}}],"image":{"path":"images\/image-6101557006d1a.png","mime":"image\/png","copyright":{"license":"U"},"width":455,"height":360}},{"tips":{},"text":"<p style=\"text-align: center;\"><strong>What is it used for?<\/strong><\/p>\n","answer":"<p style=\"text-align: center;\"><strong>Smelling<\/strong><\/p>\n","image":{"path":"images\/image-60e1e685bb7e1.jpg","mime":"image\/jpeg","copyright":{"license":"U"},"width":1000,"height":738},"audio":[{"path":"audios\/audio-60e42f9edd4c4.mp3","mime":"audio\/mpeg","copyright":{"license":"U"}}]},{"tips":{},"text":"<p style=\"text-align: center;\"><strong>Name this living being.<\/strong><\/p>\n","answer":"<p style=\"text-align: center;\"><strong>Tree<\/strong><\/p>\n","image":{"path":"images\/image-60e1ea764f8a9.jpg","mime":"image\/jpeg","copyright":{"license":"U"},"width":223,"height":226},"audio":[{"path":"audios\/audio-60e42fcf5981d.mp3","mime":"audio\/mpeg","copyright":{"license":"U"}}]},{"tips":{},"text":"<p style=\"text-align: center;\"><strong>Is this flying insect a living being?<\/strong><\/p>\n","answer":"<p style=\"text-align: center;\"><strong>Yes<\/strong><\/p>\n","image":{"path":"images\/image-60e1ed0d36d58.png","mime":"image\/png","copyright":{"license":"U"},"width":246,"height":205},"audio":[{"path":"audios\/audio-60e430305cb9a.mp3","mime":"audio\/mpeg","copyright":{"license":"U"}}]},{"tips":{},"text":"<p style=\"text-align: center;\"><strong>Which activity is this living being doing?<\/strong><\/p>\n","answer":"<p style=\"text-align: center;\"><strong>Eating<\/strong><\/p>\n","audio":[{"path":"audios\/audio-60e43070ed349.mp3","mime":"audio\/mpeg","copyright":{"license":"U"}}],"image":{"path":"images\/image-61015286f2927.png","mime":"image\/png","copyright":{"license":"U"},"width":222,"height":227}},{"tips":{},"text":"<p style=\"text-align: center;\"><strong>Which living being is shown in the picture?<\/strong><\/p>\n","answer":"<p style=\"text-align: center;\"><strong>Dog<\/strong><\/p>\n","image":{"path":"images\/image-6101527bcdec0.png","mime":"image\/png","copyright":{"license":"U"},"width":1000,"height":1000},"audio":[{"path":"audios\/audio-6101787b6fbb3.mp3","mime":"audio\/mpeg","copyright":{"license":"U"}}]},{"tips":{},"text":"<p style=\"text-align: center;\"><strong>How many eyes do living beings have?<\/strong><\/p>\n","answer":"<p style=\"text-align: center;\"><strong>Two (2)<\/strong><\/p>\n","image":{"path":"images\/image-61015582e9387.png","mime":"image\/png","copyright":{"license":"U"},"width":903,"height":903},"audio":[{"path":"audios\/audio-6101792ccb503.mp3","mime":"audio\/mpeg","copyright":{"license":"U"}}]},{"tips":{},"text":"<p style=\"text-align: center;\"><strong>Which sense organ is shown in the picture?<\/strong><\/p>\n","answer":"<p style=\"text-align: center;\"><strong>Skin<\/strong><\/p>\n","audio":[{"path":"audios\/audio-60e4316d61b5f.mp3","mime":"audio\/mpeg","copyright":{"license":"U"}}],"image":{"path":"images\/image-6463853a71725.jpg","mime":"image\/jpeg","copyright":{"license":"U"},"width":600,"height":477}},{"tips":{},"text":"<p style=\"text-align: center;\"><strong>What is this living being doing?<\/strong><\/p>\n","answer":"<p style=\"text-align: center;\"><strong>Crying<\/strong><\/p>\n","audio":[{"path":"audios\/audio-60e431a1ce6f0.mp3","mime":"audio\/mpeg","copyright":{"license":"U"}}],"image":{"path":"images\/image-610152d7be050.jpg","mime":"image\/jpeg","copyright":{"license":"U"},"width":600,"height":600}}],"behaviour":{"enableRetry":true,"disableBackwardsNavigation":false,"scaleTextNotCard":false,"randomCards":false,"maxProficiency":5,"quickProgression":false},"answer":"Turn","next":"Next","prev":"Previous","retry":"Retry","correctAnswer":"I got it right!","incorrectAnswer":"I got it wrong","round":"Round @round","cardsLeft":"Cards left: @number","nextRound":"Proceed to round @round","startOver":"Start over","showSummary":"Next","summary":"Summary","summaryCardsRight":"Cards you got right:","summaryCardsWrong":"Cards you got wrong:","summaryCardsNotShown":"Cards in pool not shown:","summaryOverallScore":"Overall Score","summaryCardsCompleted":"Cards you have completed learning:","summaryCompletedRounds":"Completed rounds:","summaryAllDone":"Well done! You got all @cards cards correct @max times in a row!","progressText":"Card @card of @total","cardFrontLabel":"Card front","cardBackLabel":"Card back","tipButtonLabel":"Show tip","audioNotSupported":"Your browser does not support this audio","confirmStartingOver":{"header":"Start over?","body":"All progress will be lost. Are you sure you want to start over?","cancelLabel":"Cancel","confirmLabel":"Start over"},"title":"<p style=\"text-align: center;\"><strong>Living beings and their features<\/strong><\/p>\n"}