{"cards":[{"text":"Identify the source of light shown in the figure. (Magnetic field\/Electricity)","image":{"path":"images\/image-60e8453482279.png","mime":"image\/png","copyright":{"license":"U"},"width":337,"height":263},"answer":"Electricity","tip":""},{"image":{"path":"images\/image-60e845d661e6e.png","mime":"image\/png","copyright":{"license":"U"},"width":615,"height":335},"text":"A star is a (luminous\/non-luminous) object. Choose the correct option.","answer":"luminous","tip":""},{"text":"The direction of the path followed by light is called ____ of light. (ray\/arrow)","answer":"ray","image":{"path":"images\/image-60e84596bbe9f.png","mime":"image\/png","copyright":{"license":"U"},"width":438,"height":157},"tip":""},{"text":"Wax paper is a \/ an (transparent\/translucent\/opaque) object. Choose the correct answer.","image":{"path":"images\/image-60e846d0c58b4.png","mime":"image\/png","copyright":{"license":"U"},"width":222,"height":229},"answer":"translucent","tip":""},{"image":{"path":"images\/image-60e8454f53c24.png","mime":"image\/png","copyright":{"license":"U"},"width":582,"height":372},"text":"Identify the source of light shown in the figure.","answer":"Lamp\/Lamps","tip":""},{"text":"A group of light rays moving in the same direction is called a ____ of light. (beam\/arrows)","answer":"beam","image":{"path":"images\/image-60e845b789848.png","mime":"image\/png","copyright":{"license":"U"},"width":443,"height":146},"tip":""},{"answer":"transparent","image":{"path":"images\/image-60e8468cde1d7.jpg","mime":"image\/jpeg","copyright":{"license":"U"},"width":626,"height":823},"text":"Glass is a \/ an (transparent\/translucent\/opaque) object. Choose the correct answer.","tip":""},{"text":"What is the main source of light on Earth?","answer":"Sun\/The Sun","image":{"path":"images\/image-60e844e01070d.png","mime":"image\/png","copyright":{"license":"U"},"width":293,"height":239},"tip":""},{"image":{"path":"images\/image-60e8463253c00.png","mime":"image\/png","copyright":{"license":"U"},"width":610,"height":396},"text":"The moon is a (luminous\/non-luminous) object. Choose the correct option.","answer":"non-luminous","tip":""},{"text":"Stone is a \/ an (transparent\/translucent\/opaque) object. Choose the correct answer.","image":{"path":"images\/image-60e846df61f04.png","mime":"image\/png","copyright":{"license":"U"},"width":601,"height":579},"answer":"opaque","tip":""}],"progressText":"Card @card of @total","next":"Next","previous":"Previous","checkAnswerText":"Check","showSolutionsRequiresInput":true,"defaultAnswerText":"Your answer","correctAnswerText":"Correct","incorrectAnswerText":"Incorrect","showSolutionText":"Correct answer","results":"Results","ofCorrect":"@score of @total correct","showResults":"Show results","answerShortText":"A:","retry":"Retry","caseSensitive":false,"cardAnnouncement":"Incorrect answer. Correct answer was @answer","pageAnnouncement":"Page @current of @total","description":"Read the questions properly and fill in the correct answers.","correctAnswerAnnouncement":"@answer is correct.","randomCards":true}