{"cards":[{"text":"The family of the Sun which consist of eight planets and their satellites is known as .....","answer":"Solar system","tip":"","imageAltText":"solar system","image":{"path":"images\/image-60e71d577c09d.png","mime":"image\/png","copyright":{"license":"U"},"width":1136,"height":936}},{"text":"What are the heavenly bodies that revolve around the sun in orbits known as?","answer":"Planets","imageAltText":"planet","tip":"","image":{"path":"images\/image-60e71d5c00775.png","mime":"image\/png","copyright":{"license":"U"},"width":1280,"height":828}},{"text":"How many planets are there in the solar system?","answer":"8\/eight","imageAltText":"solar system","tip":"","image":{"path":"images\/image-60e71d608e4f5.png","mime":"image\/png","copyright":{"license":"U"},"width":1136,"height":936}},{"text":"Which is the largest planet of the solar system?","answer":"Jupiter","imageAltText":"Jupiter","tip":"","image":{"path":"images\/image-60e71d65ce972.png","mime":"image\/png","copyright":{"license":"U"},"width":289,"height":280}},{"text":"Which planet is also known as the red planet?","answer":"Mars","imageAltText":"Mars","tip":"","image":{"path":"images\/image-60e71d6ac14c2.png","mime":"image\/png","copyright":{"license":"U"},"width":820,"height":616}},{"text":"Which is the hottest and the brightest planet of the solar system?","answer":"Venus","imageAltText":"Venus","tip":"","image":{"path":"images\/image-60e71d93bc5c1.jpg","mime":"image\/jpeg","copyright":{"license":"U"},"width":360,"height":360}},{"text":"The extremely large and hot ball of gases are known as .....","answer":"Stars","imageAltText":"star","tip":"","image":{"path":"images\/image-60e71d98d2d5a.png","mime":"image\/png","copyright":{"license":"U"},"width":626,"height":500}},{"text":"Name the natural satellite of the earth.","answer":"Moon","imageAltText":"moon","tip":"","image":{"path":"images\/image-60e71d9e2630a.png","mime":"image\/png","copyright":{"license":"U"},"width":1000,"height":764}},{"text":"Comets are made up of ice, dust, and gas. Is it true or false?","answer":"True","imageAltText":"comet","tip":"","image":{"path":"images\/image-60e71da30ad85.png","mime":"image\/png","copyright":{"license":"U"},"width":1920,"height":1080}},{"text":"Neptune is the warmest planet of the solar system. Is it true or false?","answer":"False","imageAltText":"Neptune","tip":"","image":{"path":"images\/image-60e71da682916.png","mime":"image\/png","copyright":{"license":"U"},"width":480,"height":360}}],"progressText":"Card @card of @total","next":"Next","previous":"Previous","checkAnswerText":"Check","showSolutionsRequiresInput":true,"defaultAnswerText":"Your answer","correctAnswerText":"Correct","incorrectAnswerText":"Incorrect","showSolutionText":"Correct answer","results":"Results","ofCorrect":"@score of @total correct","showResults":"Show results","answerShortText":"A:","retry":"Retry","caseSensitive":false,"cardAnnouncement":"Incorrect answer. Correct answer was @answer","pageAnnouncement":"Page @current of @total","description":"Read the questions properly and fill in the correct answers.","correctAnswerAnnouncement":"@answer is correct.","randomCards":true}