{"mode":"repetition","description":"<p style=\"text-align: center;\"><strong>Guess the answer<\/strong><\/p>\n","dialogs":[{"tips":{},"text":"<p style=\"text-align: center;\"><strong>Will newer version of MS Word automatically save your document?<\/strong><\/p>\n","answer":"<p style=\"text-align: center;\"><strong>Yes<\/strong><\/p>\n","image":{"path":"images\/image-60efc1c3da1e3.jpg","mime":"image\/jpeg","copyright":{"license":"U"},"width":1000,"height":921}},{"tips":{},"text":"<p style=\"text-align: center;\"><strong>Saving is a waste of time. True or false?<\/strong><\/p>\n","answer":"<p style=\"text-align: center;\"><strong>False<\/strong><\/p>\n","image":{"path":"images\/image-60efc124a1dbf.png","mime":"image\/png","copyright":{"license":"U"},"width":512,"height":512}},{"tips":{},"text":"<p style=\"text-align: center;\"><strong>You must build the habit of clicking CTRL + S every few minutes.&nbsp;True or False?<\/strong><\/p>\n","answer":"<p style=\"text-align: center;\"><strong>True<\/strong><\/p>\n","image":{"path":"images\/image-60efc10327a37.png","mime":"image\/png","copyright":{"license":"U"},"width":259,"height":194}},{"tips":{},"text":"<p style=\"text-align: center;\"><strong>What is the shortcut key for creating a new document?<\/strong><\/p>\n","answer":"<p style=\"text-align: center;\"><strong>CTRL + N<\/strong><\/p>\n","image":{"path":"images\/image-60efc039bef1b.jpg","mime":"image\/jpeg","copyright":{"license":"U"},"width":612,"height":612}},{"tips":{},"text":"<p style=\"text-align: center;\"><strong>How do you save a Word 2007 Document in an Earlier Version of Word?<\/strong><\/p>\n","answer":"<p style=\"text-align: center;\"><strong>1. In Word 2007, click the Microsoft Office Button.<br>\n2. Point to Save As.<br>\n3.&nbsp;Click Word 97-2003 Document.<br>\n4.&nbsp;The Save As dialog box opens with the Save As type filled in as: Word 97- 2003 Document.<br>\n5.&nbsp;Type the name of the document in the File Name section.<br>\n6.&nbsp;Click Save.<\/strong><\/p>\n","image":{"path":"images\/image-60efbfc0082c6.png","mime":"image\/png","copyright":{"license":"U"},"width":310,"height":239,"originalImage":{"path":"images\/image-60efbfb705891.png#tmp","mime":"image\/png","height":250,"width":1200}}},{"tips":{},"text":"<p style=\"text-align: center;\"><strong>How to create &nbsp;a copy of a document using Save As?<\/strong><\/p>\n","answer":"<p style=\"text-align: center;\"><strong>1. Click on the Office button.<br>\n2. Click on Save As.<br>\n3. Type a different file name.<br>\n4. Click Save<\/strong><\/p>\n","image":{"path":"images\/image-60efbf52e4b6f.png","mime":"image\/png","copyright":{"license":"U"},"width":512,"height":512}},{"tips":{},"text":"<p style=\"text-align: center;\"><strong>______ will \u201cupdate\u201d the document and protect it if your PC crashes.<\/strong><\/p>\n","answer":"<p style=\"text-align: center;\"><strong>Saving<\/strong><\/p>\n","image":{"path":"images\/image-60efbef438202.jpg","mime":"image\/jpeg","copyright":{"license":"U"},"width":640,"height":640}},{"tips":{},"text":"<p style=\"text-align: center;\"><strong>What are the steps for saving a document for the first time?<\/strong><\/p>\n","answer":"<p style=\"text-align: center;\"><strong>1. Click on the Office button.<br>\n2. Select Save As.<br>\n3. Select 97-2003 Document by choosing this option, it will mean you can still open the document even if you don\u2019t have Word 2007.<br>\n4. Type your File name. You do not need to click into the File name box if the name is highlighted in blue. You can have up to 255 letters.<br>\n5. Change the folder to save in if required Click here to change the folder or drive Word is saving to Type the filename here.<br>\n6. Click on Save or press Enter key<\/strong><\/p>\n","image":{"path":"images\/image-60efbe9dc7be7.jpg","mime":"image\/jpeg","copyright":{"license":"U"},"width":600,"height":581}},{"tips":{},"text":"<p style=\"text-align: center;\"><strong>What is shortkey to save a docunent?<\/strong><\/p>\n","answer":"<p style=\"text-align: center;\"><strong>CTRL + S<\/strong><\/p>\n","image":{"path":"images\/image-60efbd255aaaa.jpg","mime":"image\/jpeg","copyright":{"license":"U"},"width":787,"height":990}},{"tips":{},"text":"<p style=\"text-align: center;\"><strong>_________ creates a copy inside the computer that you can use again at a later date.<\/strong><\/p>\n","answer":"<p style=\"text-align: center;\"><strong>Saving a document<\/strong><\/p>\n","image":{"path":"images\/image-60efbc56b3e84.png","mime":"image\/png","copyright":{"license":"U"},"width":344,"height":245,"originalImage":{"path":"images\/image-60efbc4c1e97f.png#tmp","mime":"image\/png","height":250,"width":1200}}}],"behaviour":{"enableRetry":true,"disableBackwardsNavigation":false,"scaleTextNotCard":false,"randomCards":false,"maxProficiency":5,"quickProgression":false},"answer":"Turn","next":"Next","prev":"Previous","retry":"Retry","correctAnswer":"I got it right!","incorrectAnswer":"I got it wrong","round":"Round @round","cardsLeft":"Cards left: @number","nextRound":"Proceed to round @round","startOver":"Start over","showSummary":"Next","summary":"Summary","summaryCardsRight":"Cards you got right:","summaryCardsWrong":"Cards you got wrong:","summaryCardsNotShown":"Cards in pool not shown:","summaryOverallScore":"Overall Score","summaryCardsCompleted":"Cards you have completed learning:","summaryCompletedRounds":"Completed rounds:","summaryAllDone":"Well done! You got all @cards cards correct @max times in a row!","progressText":"Card @card of @total","cardFrontLabel":"Card front","cardBackLabel":"Card back","tipButtonLabel":"Show tip","audioNotSupported":"Your browser does not support this audio","confirmStartingOver":{"header":"Start over?","body":"All progress will be lost. Are you sure you want to start over?","cancelLabel":"Cancel","confirmLabel":"Start over"},"title":"<p>&nbsp;&nbsp;<\/p>\n"}