{"content":[{"content":{"params":{"contentName":"Image","file":{"path":"images\/file-657976cbb7bf9.jpeg","mime":"image\/jpeg","copyright":{"license":"U"},"width":1300,"height":250},"decorative":false},"library":"H5P.Image 1.1","metadata":{"contentType":"Image","license":"U","title":"Untitled Image"},"subContentId":"0afbcbf0-4fd9-4f8a-a422-33965302bc9a"},"useSeparator":"auto"},{"content":{"params":{"playerMode":"minimalistic","fitToWrapper":false,"controls":true,"autoplay":false,"playAudio":"Play audio","pauseAudio":"Pause audio","contentName":"Audio","audioNotSupported":"Your browser does not support this audio","files":[{"path":"audios\/files-60e9e3fd6765a.mp3","mime":"audio\/mpeg","copyright":{"license":"U"}}]},"library":"H5P.Audio 1.5","metadata":{"contentType":"Audio","license":"U","title":"Untitled Audio"},"subContentId":"900f6e73-5575-4c09-ac69-b53554e12bdb"},"useSeparator":"auto"},{"content":{"params":{"taskDescription":"<h3>Q1. Drag the words into the correct boxes.<\/h3>\n","overallFeedback":[{"from":0,"to":98,"feedback":"Sorry, it is incorrect."},{"from":99,"to":100,"feedback":"Well done ! You got all the answers correct."}],"checkAnswer":"Check","tryAgain":"Retry","showSolution":"Show solution","dropZoneIndex":"Drop Zone @index.","empty":"Drop Zone @index is empty.","contains":"Drop Zone @index contains draggable @draggable.","ariaDraggableIndex":"@index of @count draggables.","tipLabel":"Show tip","correctText":"Correct!","incorrectText":"Incorrect!","resetDropTitle":"Reset drop","resetDropDescription":"Are you sure you want to reset this drop zone?","grabbed":"Draggable is grabbed.","cancelledDragging":"Cancelled dragging.","correctAnswer":"Correct answer:","feedbackHeader":"Feedback","behaviour":{"enableRetry":false,"enableSolutionsButton":true,"enableCheckButton":true,"instantFeedback":false},"scoreBarLabel":"You got :num out of :total points","a11yCheck":"Check the answers. The responses will be marked as correct, incorrect, or unanswered.","a11yShowSolution":"Show the solution. The task will be marked with its correct solution.","a11yRetry":"Retry the task. Reset all responses and start the task over again.","textField":"The services that we get from health institutions like *health post\\+Correct! \\-Incorrect!*, clinic and hospital are called *health services\\+Correct! \\-Incorrect!*. When we feel *sick\\+Correct! \\-Incorrect!*, we should go to health posts, clinics and hospitals for treatment.","submitAnswer":"Submit","media":{"disableImageZooming":false}},"library":"H5P.DragText 1.10","metadata":{"contentType":"Drag the Words","license":"U","title":"Q1- Drag Text"},"subContentId":"11d4400a-0585-45fa-b1e8-44a602e42c9e"},"useSeparator":"auto"},{"content":{"params":{"contentName":"Image","file":{"path":"images\/file-6579778e5c2dd.jpeg","mime":"image\/jpeg","copyright":{"license":"U"},"width":1300,"height":246},"decorative":false},"library":"H5P.Image 1.1","metadata":{"contentType":"Image","license":"U","title":"Untitled Image"},"subContentId":"8d487b94-595a-44c2-8116-df504150a1d3"},"useSeparator":"enabled"},{"content":{"params":{"playerMode":"minimalistic","fitToWrapper":false,"controls":true,"autoplay":false,"playAudio":"Play audio","pauseAudio":"Pause audio","contentName":"Audio","audioNotSupported":"Your browser does not support this audio","files":[{"path":"audios\/files-60e9e4bb34615.mp3","mime":"audio\/mpeg","copyright":{"license":"U"}}]},"library":"H5P.Audio 1.5","metadata":{"contentType":"Audio","license":"U","title":"Untitled Audio"},"subContentId":"ecf9178d-2666-400f-8261-87f6ddfdf821"},"useSeparator":"auto"},{"content":{"params":{"media":{"disableImageZooming":false},"correct":"false","behaviour":{"enableRetry":false,"enableSolutionsButton":true,"enableCheckButton":true,"confirmCheckDialog":false,"confirmRetryDialog":false,"autoCheck":false},"l10n":{"trueText":"True","falseText":"False","score":"You got @score of @total points","checkAnswer":"Check","showSolutionButton":"Show solution","tryAgain":"Retry","wrongAnswerMessage":"Wrong answer","correctAnswerMessage":"Correct answer","scoreBarLabel":"You got :num out of :total points","a11yCheck":"Check the answers. The responses will be marked as correct, incorrect, or unanswered.","a11yShowSolution":"Show the solution. The task will be marked with its correct solution.","a11yRetry":"Retry the task. Reset all responses and start the task over again.","submitAnswer":"Submit"},"confirmCheck":{"header":"Finish ?","body":"Are you sure you wish to finish ?","cancelLabel":"Cancel","confirmLabel":"Finish"},"confirmRetry":{"header":"Retry ?","body":"Are you sure you wish to retry ?","cancelLabel":"Cancel","confirmLabel":"Confirm"},"question":"<h3>Q.2. In city areas, people go to sub-health posts, health posts and health centres when they fall sick. Is it true or false?<\/h3>\n"},"library":"H5P.TrueFalse 1.8","metadata":{"contentType":"True\/False Question","license":"U","title":"Q2- True\/False Question"},"subContentId":"7ad8728e-10b8-48d3-b4fe-58e9e75c8338"},"useSeparator":"auto"},{"content":{"params":{"contentName":"Image","file":{"path":"images\/file-65797850e8e1d.jpeg","mime":"image\/jpeg","copyright":{"license":"U"},"width":1300,"height":234},"decorative":false},"library":"H5P.Image 1.1","metadata":{"contentType":"Image","license":"U","title":"Untitled Image"},"subContentId":"d72a2dca-6f99-4e94-83fe-4c703787044c"},"useSeparator":"enabled"},{"content":{"params":{"playerMode":"minimalistic","fitToWrapper":false,"controls":true,"autoplay":false,"playAudio":"Play audio","pauseAudio":"Pause audio","contentName":"Audio","audioNotSupported":"Your browser does not support this audio","files":[{"path":"audios\/files-6579787653c19.wav","mime":"audio\/x-wav","copyright":{"license":"U"}}]},"library":"H5P.Audio 1.5","metadata":{"contentType":"Audio","license":"U","title":"Untitled Audio"},"subContentId":"1b3e8af0-fa78-4af2-87d4-39efcf15274e"},"useSeparator":"disabled"},{"content":{"params":{"media":{"disableImageZooming":false},"text":"<h3>Q.3. Fill in the correct answer.<\/h3>\n","overallFeedback":[{"from":0,"to":50,"feedback":"Sorry, it is incorrect."},{"from":51,"to":100,"feedback":"Bravo ! You got it right."}],"showSolutions":"Show solution","tryAgain":"Retry","checkAnswer":"Check","notFilledOut":"Please fill in all blanks to view solution","answerIsCorrect":"&#039;:ans&#039; is correct","answerIsWrong":"&#039;:ans&#039; is wrong","answeredCorrectly":"Answered correctly","answeredIncorrectly":"Answered incorrectly","solutionLabel":"Correct answer:","inputLabel":"Blank input @num of @total","inputHasTipLabel":"Tip available","tipLabel":"Tip","behaviour":{"enableRetry":false,"enableSolutionsButton":true,"enableCheckButton":true,"autoCheck":false,"caseSensitive":false,"showSolutionsRequiresInput":true,"separateLines":false,"confirmCheckDialog":false,"confirmRetryDialog":false,"acceptSpellingErrors":false},"scoreBarLabel":"You got :num out of :total points","a11yCheck":"Check the answers. The responses will be marked as correct, incorrect, or unanswered.","a11yShowSolution":"Show the solution. The task will be marked with its correct solution.","a11yRetry":"Retry the task. Reset all responses and start the task over again.","a11yCheckingModeHeader":"Checking mode","confirmCheck":{"header":"Finish ?","body":"Are you sure you wish to finish ?","cancelLabel":"Cancel","confirmLabel":"Finish"},"confirmRetry":{"header":"Retry ?","body":"Are you sure you wish to retry ?","cancelLabel":"Cancel","confirmLabel":"Confirm"},"questions":["<p><strong>Almost all health facilities can be obtained in *hospital*. [health post\/hospital]<\/strong><\/p>\n"],"submitAnswer":"Submit"},"library":"H5P.Blanks 1.14","metadata":{"contentType":"Fill in the Blanks","license":"U","title":"Q3- Fill in the Blanks"},"subContentId":"680e1940-cf6f-4412-b0cb-d6d6c1a32c20"},"useSeparator":"auto"},{"content":{"params":{"contentName":"Image","file":{"path":"images\/file-657979163ff91.jpeg","mime":"image\/jpeg","copyright":{"license":"U"},"width":1300,"height":232},"decorative":false},"library":"H5P.Image 1.1","metadata":{"contentType":"Image","license":"U","title":"Untitled Image"},"subContentId":"2995bb7d-813c-4ce7-a232-caf36326e45e"},"useSeparator":"enabled"},{"content":{"params":{"playerMode":"minimalistic","fitToWrapper":false,"controls":true,"autoplay":false,"playAudio":"Play audio","pauseAudio":"Pause audio","contentName":"Audio","audioNotSupported":"Your browser does not support this audio","files":[{"path":"audios\/files-657978e9762ec.wav","mime":"audio\/x-wav","copyright":{"license":"U"}}]},"library":"H5P.Audio 1.5","metadata":{"contentType":"Audio","license":"U","title":"Untitled Audio"},"subContentId":"cd4b5521-17c9-490d-840b-448bfa0bc2c6"},"useSeparator":"auto"},{"content":{"params":{"media":{"disableImageZooming":false},"text":"<h3>Q.4. Fill in the correct answer.<\/h3>\n","overallFeedback":[{"from":0,"to":50,"feedback":"Sorry, it is incorrect."},{"from":51,"to":100,"feedback":"Awesome ! It is the correct answer."}],"showSolutions":"Show solution","tryAgain":"Retry","checkAnswer":"Check","notFilledOut":"Please fill in all blanks to view solution","answerIsCorrect":"&#039;:ans&#039; is correct","answerIsWrong":"&#039;:ans&#039; is wrong","answeredCorrectly":"Answered correctly","answeredIncorrectly":"Answered incorrectly","solutionLabel":"Correct answer:","inputLabel":"Blank input @num of @total","inputHasTipLabel":"Tip available","tipLabel":"Tip","behaviour":{"enableRetry":false,"enableSolutionsButton":true,"enableCheckButton":true,"autoCheck":false,"caseSensitive":false,"showSolutionsRequiresInput":true,"separateLines":false,"confirmCheckDialog":false,"confirmRetryDialog":false,"acceptSpellingErrors":false},"scoreBarLabel":"You got :num out of :total points","a11yCheck":"Check the answers. The responses will be marked as correct, incorrect, or unanswered.","a11yShowSolution":"Show the solution. The task will be marked with its correct solution.","a11yRetry":"Retry the task. Reset all responses and start the task over again.","a11yCheckingModeHeader":"Checking mode","confirmCheck":{"header":"Finish ?","body":"Are you sure you wish to finish ?","cancelLabel":"Cancel","confirmLabel":"Finish"},"confirmRetry":{"header":"Retry ?","body":"Are you sure you wish to retry ?","cancelLabel":"Cancel","confirmLabel":"Confirm"},"questions":["<p><strong>In city areas, we use an *ambulance* to carry patients to a hospital. [ambulance\/human labour]<\/strong><\/p>\n"],"submitAnswer":"Submit"},"library":"H5P.Blanks 1.14","metadata":{"contentType":"Fill in the Blanks","license":"U","title":"Q4- Fill in the Blanks"},"subContentId":"b6aede15-82f4-4bee-989b-eec203e68c6e"},"useSeparator":"auto"},{"content":{"params":{"contentName":"Image","file":{"path":"images\/file-657979b531973.png","mime":"image\/png","copyright":{"license":"U"},"width":1300,"height":200},"decorative":false},"library":"H5P.Image 1.1","metadata":{"contentType":"Image","license":"U","title":"Untitled Image"},"subContentId":"c5e4b75b-9859-40e6-a893-b0566d4092d9"},"useSeparator":"enabled"},{"content":{"params":{"playerMode":"minimalistic","fitToWrapper":false,"controls":true,"autoplay":false,"playAudio":"Play audio","pauseAudio":"Pause audio","contentName":"Audio","audioNotSupported":"Your browser does not support this audio","files":[{"path":"audios\/files-60e9e49f23027.mp3","mime":"audio\/mpeg","copyright":{"license":"U"}}]},"library":"H5P.Audio 1.5","metadata":{"contentType":"Audio","license":"U","title":"Untitled Audio"},"subContentId":"dc25f771-61de-4685-b436-50a682e6ecce"},"useSeparator":"auto"},{"content":{"params":{"media":{"disableImageZooming":false},"answers":[{"correct":true,"tipsAndFeedback":{"tip":"","chosenFeedback":"","notChosenFeedback":""},"text":"<div><strong>Vaccination<\/strong><\/div>\n"},{"correct":false,"tipsAndFeedback":{"tip":"","chosenFeedback":"","notChosenFeedback":""},"text":"<div><strong>Operation theater<\/strong><\/div>\n"},{"correct":false,"tipsAndFeedback":{"tip":"","chosenFeedback":"","notChosenFeedback":""},"text":"<div><strong>Teachers<\/strong><\/div>\n"}],"overallFeedback":[{"from":0,"to":50,"feedback":"Sorry, it is incorrect."},{"from":51,"to":100,"feedback":"Fantastic! Keep up the good performance."}],"behaviour":{"enableRetry":false,"enableSolutionsButton":true,"enableCheckButton":true,"type":"auto","singlePoint":false,"randomAnswers":true,"showSolutionsRequiresInput":true,"confirmCheckDialog":false,"confirmRetryDialog":false,"autoCheck":false,"passPercentage":100,"showScorePoints":true},"UI":{"checkAnswerButton":"Check","showSolutionButton":"Show solution","tryAgainButton":"Retry","tipsLabel":"Show tip","scoreBarLabel":"You got :num out of :total points","tipAvailable":"Tip available","feedbackAvailable":"Feedback available","readFeedback":"Read feedback","wrongAnswer":"Wrong answer","correctAnswer":"Correct answer","shouldCheck":"Should have been checked","shouldNotCheck":"Should not have been checked","noInput":"Please answer before viewing the solution","a11yCheck":"Check the answers. The responses will be marked as correct, incorrect, or unanswered.","a11yShowSolution":"Show the solution. The task will be marked with its correct solution.","a11yRetry":"Retry the task. Reset all responses and start the task over again.","submitAnswerButton":"Submit"},"confirmCheck":{"header":"Finish ?","body":"Are you sure you wish to finish ?","cancelLabel":"Cancel","confirmLabel":"Finish"},"confirmRetry":{"header":"Retry ?","body":"Are you sure you wish to retry ?","cancelLabel":"Cancel","confirmLabel":"Confirm"},"question":"<h3>Q.5. Which of the following thing is available in a health post?<\/h3>\n"},"library":"H5P.MultiChoice 1.16","metadata":{"contentType":"Multiple Choice","license":"U","title":"Q5- Multiple Choice"},"subContentId":"e33532e7-a341-4982-bfc1-5d58fbfff0e7"},"useSeparator":"auto"},{"useSeparator":"enabled","content":{"params":{"contentName":"Image","file":{"path":"images\/file-65797a029ecb0.jpeg","mime":"image\/jpeg","copyright":{"license":"U"},"width":1300,"height":236},"decorative":false},"library":"H5P.Image 1.1","metadata":{"contentType":"Image","license":"U","title":"Untitled Image"},"subContentId":"ddd0f601-4a4b-486f-8748-2e9347109201"}},{"content":{"params":{"playerMode":"minimalistic","fitToWrapper":false,"controls":true,"autoplay":false,"playAudio":"Play audio","pauseAudio":"Pause audio","contentName":"Audio","audioNotSupported":"Your browser does not support this audio","files":[{"path":"audios\/files-60e9e4925855c.mp3","mime":"audio\/mpeg","copyright":{"license":"U"}}]},"library":"H5P.Audio 1.5","metadata":{"contentType":"Audio","license":"U","title":"Untitled Audio"},"subContentId":"b6d91021-b28e-4839-a66e-fbdeaf6e74b5"},"useSeparator":"auto"},{"content":{"params":{"media":{"disableImageZooming":false},"correct":"true","behaviour":{"enableRetry":false,"enableSolutionsButton":true,"enableCheckButton":true,"confirmCheckDialog":false,"confirmRetryDialog":false,"autoCheck":false},"l10n":{"trueText":"True","falseText":"False","score":"You got @score of @total points","checkAnswer":"Check","showSolutionButton":"Show solution","tryAgain":"Retry","wrongAnswerMessage":"Wrong answer","correctAnswerMessage":"Correct answer","scoreBarLabel":"You got :num out of :total points","a11yCheck":"Check the answers. The responses will be marked as correct, incorrect, or unanswered.","a11yShowSolution":"Show the solution. The task will be marked with its correct solution.","a11yRetry":"Retry the task. Reset all responses and start the task over again.","submitAnswer":"Submit"},"confirmCheck":{"header":"Finish ?","body":"Are you sure you wish to finish ?","cancelLabel":"Cancel","confirmLabel":"Finish"},"confirmRetry":{"header":"Retry ?","body":"Are you sure you wish to retry ?","cancelLabel":"Cancel","confirmLabel":"Confirm"},"question":"<h3>Q.6.&nbsp;Laboratory, pharmacy and operation theaters are also available in hospitals. Is it true or false?<\/h3>\n"},"library":"H5P.TrueFalse 1.8","metadata":{"contentType":"True\/False Question","license":"U","title":"Q6- True\/False Question"},"subContentId":"44c562a6-7517-4224-9a2d-dd8903b7029d"},"useSeparator":"auto"},{"useSeparator":"enabled","content":{"params":{"contentName":"Image","file":{"path":"images\/file-65797a5240678.jpeg","mime":"image\/jpeg","copyright":{"license":"U"},"width":1300,"height":265},"decorative":false},"library":"H5P.Image 1.1","metadata":{"contentType":"Image","license":"U","title":"Untitled Image"},"subContentId":"0e1cfa9f-903c-426c-8649-5237fbec6701"}},{"content":{"params":{"playerMode":"minimalistic","fitToWrapper":false,"controls":true,"autoplay":false,"playAudio":"Play audio","pauseAudio":"Pause audio","contentName":"Audio","audioNotSupported":"Your browser does not support this audio","files":[{"path":"audios\/files-60e9e48865136.mp3","mime":"audio\/mpeg","copyright":{"license":"U"}}]},"library":"H5P.Audio 1.5","metadata":{"contentType":"Audio","license":"U","title":"Untitled Audio"},"subContentId":"708b67e2-0fc3-47cc-be6e-c58582e9d8de"},"useSeparator":"auto"},{"content":{"params":{"media":{"disableImageZooming":false},"answers":[{"correct":false,"tipsAndFeedback":{"tip":"","chosenFeedback":"","notChosenFeedback":""},"text":"<div><strong>Common Medical Association<\/strong><\/div>\n"},{"correct":true,"tipsAndFeedback":{"tip":"","chosenFeedback":"","notChosenFeedback":""},"text":"<div><strong>Community Medical Assistants<\/strong><\/div>\n"},{"correct":false,"tipsAndFeedback":{"tip":"","chosenFeedback":"","notChosenFeedback":""},"text":"<div><strong>Cerebral Medicine Antidote<\/strong><\/div>\n"},{"correct":false,"tipsAndFeedback":{"tip":"","chosenFeedback":"","notChosenFeedback":""},"text":"<div><strong>Certified Management Accountant<\/strong><\/div>\n"}],"overallFeedback":[{"from":0,"to":50,"feedback":"Sorry, it is incorrect."},{"from":51,"to":100,"feedback":"Very impressive! It is the correct answer."}],"behaviour":{"enableRetry":false,"enableSolutionsButton":true,"enableCheckButton":true,"type":"auto","singlePoint":false,"randomAnswers":true,"showSolutionsRequiresInput":true,"confirmCheckDialog":false,"confirmRetryDialog":false,"autoCheck":false,"passPercentage":100,"showScorePoints":true},"UI":{"checkAnswerButton":"Check","showSolutionButton":"Show solution","tryAgainButton":"Retry","tipsLabel":"Show tip","scoreBarLabel":"You got :num out of :total points","tipAvailable":"Tip available","feedbackAvailable":"Feedback available","readFeedback":"Read feedback","wrongAnswer":"Wrong answer","correctAnswer":"Correct answer","shouldCheck":"Should have been checked","shouldNotCheck":"Should not have been checked","noInput":"Please answer before viewing the solution","a11yCheck":"Check the answers. The responses will be marked as correct, incorrect, or unanswered.","a11yShowSolution":"Show the solution. The task will be marked with its correct solution.","a11yRetry":"Retry the task. Reset all responses and start the task over again.","submitAnswerButton":"Submit"},"confirmCheck":{"header":"Finish ?","body":"Are you sure you wish to finish ?","cancelLabel":"Cancel","confirmLabel":"Finish"},"confirmRetry":{"header":"Retry ?","body":"Are you sure you wish to retry ?","cancelLabel":"Cancel","confirmLabel":"Confirm"},"question":"<h3>Q.7. What does CMA stand for?<\/h3>\n"},"library":"H5P.MultiChoice 1.16","metadata":{"contentType":"Multiple Choice","license":"U","title":"Q7- Multiple Choice"},"subContentId":"ca6f3dae-3177-4591-ade2-3f1b2d5d7ed0"},"useSeparator":"auto"},{"content":{"params":{"contentName":"Image","file":{"path":"images\/file-65797bb5d11b5.jpeg","mime":"image\/jpeg","copyright":{"license":"U"},"width":1300,"height":239},"decorative":false},"library":"H5P.Image 1.1","metadata":{"contentType":"Image","license":"U","title":"Untitled Image"},"subContentId":"b7f806fa-1343-4551-9f3d-6131b1e3478c"},"useSeparator":"enabled"},{"content":{"params":{"playerMode":"minimalistic","fitToWrapper":false,"controls":true,"autoplay":false,"playAudio":"Play audio","pauseAudio":"Pause audio","contentName":"Audio","audioNotSupported":"Your browser does not support this audio","files":[{"path":"audios\/files-60e9e4495ed5e.mp3","mime":"audio\/mpeg","copyright":{"license":"U"}}]},"library":"H5P.Audio 1.5","metadata":{"contentType":"Audio","license":"U","title":"Untitled Audio"},"subContentId":"d241cdc0-769f-4cd2-a2bb-6fc40304d3f6"},"useSeparator":"auto"},{"content":{"params":{"taskDescription":"<h3>Q.8. Drag the words into the correct boxes.<\/h3>\n","overallFeedback":[{"from":0,"to":98,"feedback":"Sorry, it is incorrect."},{"from":99,"to":100,"feedback":"Impressive ! You got it right."}],"checkAnswer":"Check","tryAgain":"Retry","showSolution":"Show solution","dropZoneIndex":"Drop Zone @index.","empty":"Drop Zone @index is empty.","contains":"Drop Zone @index contains draggable @draggable.","ariaDraggableIndex":"@index of @count draggables.","tipLabel":"Show tip","correctText":"Correct!","incorrectText":"Incorrect!","resetDropTitle":"Reset drop","resetDropDescription":"Are you sure you want to reset this drop zone?","grabbed":"Draggable is grabbed.","cancelledDragging":"Cancelled dragging.","correctAnswer":"Correct answer:","feedbackHeader":"Feedback","behaviour":{"enableRetry":false,"enableSolutionsButton":true,"enableCheckButton":true,"instantFeedback":false},"scoreBarLabel":"You got :num out of :total points","a11yCheck":"Check the answers. The responses will be marked as correct, incorrect, or unanswered.","a11yShowSolution":"Show the solution. The task will be marked with its correct solution.","a11yRetry":"Retry the task. Reset all responses and start the task over again.","textField":"Injections and *medicine* for some simple diseases like headache, *diarrhoea* and vomiting are given in health posts.","submitAnswer":"Submit","media":{"disableImageZooming":false}},"library":"H5P.DragText 1.10","metadata":{"contentType":"Drag the Words","license":"U","title":"Q8- Drag Text"},"subContentId":"37ca3e06-2aac-4a74-8a3e-3a19e07b88ef"},"useSeparator":"auto"},{"content":{"params":{"contentName":"Image","file":{"path":"images\/file-65797c0762a8c.jpeg","mime":"image\/jpeg","copyright":{"license":"U"},"width":1300,"height":233},"decorative":false},"library":"H5P.Image 1.1","metadata":{"contentType":"Image","license":"U","title":"Untitled Image"},"subContentId":"cf0888cd-59dd-49f9-8dd0-775d2657cd97"},"useSeparator":"enabled"},{"content":{"params":{"playerMode":"minimalistic","fitToWrapper":false,"controls":true,"autoplay":false,"playAudio":"Play audio","pauseAudio":"Pause audio","contentName":"Audio","audioNotSupported":"Your browser does not support this audio","files":[{"path":"audios\/files-60e9e4751c2ee.mp3","mime":"audio\/mpeg","copyright":{"license":"U"}}]},"library":"H5P.Audio 1.5","metadata":{"contentType":"Audio","license":"U","title":"Untitled Audio"},"subContentId":"761eda7f-4c6e-49fa-a3f8-3060c00d04d7"},"useSeparator":"auto"},{"content":{"params":{"media":{"disableImageZooming":false},"correct":"true","behaviour":{"enableRetry":false,"enableSolutionsButton":true,"enableCheckButton":true,"confirmCheckDialog":false,"confirmRetryDialog":false,"autoCheck":false},"l10n":{"trueText":"True","falseText":"False","score":"You got @score of @total points","checkAnswer":"Check","showSolutionButton":"Show solution","tryAgain":"Retry","wrongAnswerMessage":"Wrong answer","correctAnswerMessage":"Correct answer","scoreBarLabel":"You got :num out of :total points","a11yCheck":"Check the answers. The responses will be marked as correct, incorrect, or unanswered.","a11yShowSolution":"Show the solution. The task will be marked with its correct solution.","a11yRetry":"Retry the task. Reset all responses and start the task over again.","submitAnswer":"Submit"},"confirmCheck":{"header":"Finish ?","body":"Are you sure you wish to finish ?","cancelLabel":"Cancel","confirmLabel":"Finish"},"confirmRetry":{"header":"Retry ?","body":"Are you sure you wish to retry ?","cancelLabel":"Cancel","confirmLabel":"Confirm"},"question":"<h3>Q.9. There are different doctors for different diseases. Is it true or false?<\/h3>\n"},"library":"H5P.TrueFalse 1.8","metadata":{"contentType":"True\/False Question","license":"U","title":"Q9- True\/False Question"},"subContentId":"25737054-9ba5-4fc6-93d9-6003a667eacb"},"useSeparator":"auto"},{"content":{"params":{"contentName":"Image","file":{"path":"images\/file-65797c675e923.jpeg","mime":"image\/jpeg","copyright":{"license":"U"},"width":1300,"height":244},"decorative":false},"library":"H5P.Image 1.1","metadata":{"contentType":"Image","license":"U","title":"Untitled Image"},"subContentId":"41456c96-9d3a-49fe-8c58-4cd807f942b7"},"useSeparator":"enabled"},{"content":{"params":{"playerMode":"minimalistic","fitToWrapper":false,"controls":true,"autoplay":false,"playAudio":"Play audio","pauseAudio":"Pause audio","contentName":"Audio","audioNotSupported":"Your browser does not support this audio","files":[{"path":"audios\/files-60e9e468030c2.mp3","mime":"audio\/mpeg","copyright":{"license":"U"}}]},"library":"H5P.Audio 1.5","metadata":{"contentType":"Audio","license":"U","title":"Untitled Audio"},"subContentId":"4c35bafc-8042-4808-bf38-f7ea252a7647"},"useSeparator":"auto"},{"content":{"params":{"media":{"disableImageZooming":false},"correct":"true","behaviour":{"enableRetry":false,"enableSolutionsButton":true,"enableCheckButton":true,"confirmCheckDialog":false,"confirmRetryDialog":false,"autoCheck":false,"feedbackOnCorrect":"Excellent ! Keep up the amazing performance."},"l10n":{"trueText":"True","falseText":"False","score":"You got @score of @total points","checkAnswer":"Check","showSolutionButton":"Show solution","tryAgain":"Retry","wrongAnswerMessage":"Wrong answer","correctAnswerMessage":"Correct answer","scoreBarLabel":"You got :num out of :total points","a11yCheck":"Check the answers. The responses will be marked as correct, incorrect, or unanswered.","a11yShowSolution":"Show the solution. The task will be marked with its correct solution.","a11yRetry":"Retry the task. Reset all responses and start the task over again.","submitAnswer":"Submit"},"confirmCheck":{"header":"Finish ?","body":"Are you sure you wish to finish ?","cancelLabel":"Cancel","confirmLabel":"Finish"},"confirmRetry":{"header":"Retry ?","body":"Are you sure you wish to retry ?","cancelLabel":"Cancel","confirmLabel":"Confirm"},"question":"<h3>Q.10. In rural areas, people use a basket (doko) or a stretcher to carry patients to a health post. Is it true or false?<\/h3>\n"},"library":"H5P.TrueFalse 1.8","metadata":{"contentType":"True\/False Question","license":"U","title":"Q10- True\/False Question"},"subContentId":"d04bed73-5bd2-4202-ad43-03b4ff4f577b"},"useSeparator":"auto"}]}