{"content":[{"content":{"params":{"contentName":"Image","alt":"safety rules","file":{"path":"images\/file-60ffe9181eaa3.png","mime":"image\/png","copyright":{"license":"U"},"width":1300,"height":300},"decorative":false},"library":"H5P.Image 1.1","metadata":{"contentType":"Image","license":"U","title":"Untitled Image"},"subContentId":"1a41a21f-1e29-444d-b1f6-36c3df561137"},"useSeparator":"disabled"},{"content":{"params":{"playerMode":"minimalistic","fitToWrapper":false,"controls":true,"autoplay":false,"playAudio":"Play audio","pauseAudio":"Pause audio","contentName":"Audio","audioNotSupported":"Your browser does not support this audio","files":[{"path":"audios\/files-60e41cc93f8e2.mp3","mime":"audio\/mpeg","copyright":{"license":"U"}}]},"library":"H5P.Audio 1.5","metadata":{"contentType":"Audio","license":"U","title":"Audio"},"subContentId":"a7e7dee1-4a1c-4685-bb51-03ee5a59494a"},"useSeparator":"disabled"},{"content":{"params":{"media":{"disableImageZooming":true,"type":{"params":{"contentName":"Image","decorative":false},"library":"H5P.Image 1.1","metadata":{"contentType":"Image","license":"U","title":"Untitled Image"},"subContentId":"d3545c6c-4413-4b0d-9efa-ab821bfd6f08"}},"text":"<h3>1. Fill in the blank.<\/h3>\n","overallFeedback":[{"from":0,"to":50,"feedback":"Sorry, it is incorrect."},{"from":51,"to":100,"feedback":"Well done ! It is the correct answer."}],"showSolutions":"Show solution","tryAgain":"Retry","checkAnswer":"Check","notFilledOut":"Please fill in all blanks to view solution","answerIsCorrect":"&#039;:ans&#039; is correct","answerIsWrong":"&#039;:ans&#039; is wrong","answeredCorrectly":"Answered correctly","answeredIncorrectly":"Answered incorrectly","solutionLabel":"Correct answer:","inputLabel":"Blank input @num of @total","inputHasTipLabel":"Tip available","tipLabel":"Tip","behaviour":{"enableRetry":false,"enableSolutionsButton":true,"enableCheckButton":true,"autoCheck":false,"caseSensitive":false,"showSolutionsRequiresInput":true,"separateLines":false,"confirmCheckDialog":false,"confirmRetryDialog":false,"acceptSpellingErrors":false},"scoreBarLabel":"You got :num out of :total points","a11yCheck":"Check the answers. The responses will be marked as correct, incorrect, or unanswered.","a11yShowSolution":"Show the solution. The task will be marked with its correct solution.","a11yRetry":"Retry the task. Reset all responses and start the task over again.","a11yCheckingModeHeader":"Checking mode","confirmCheck":{"header":"Finish ?","body":"Are you sure you wish to finish ?","cancelLabel":"Cancel","confirmLabel":"Finish"},"confirmRetry":{"header":"Retry ?","body":"Are you sure you wish to retry ?","cancelLabel":"Cancel","confirmLabel":"Confirm"},"questions":["<p><strong>The rules that help us to be safe are called *safety rules*. [safety rules \/ health tips]<\/strong><\/p>\n"],"submitAnswer":"Submit"},"library":"H5P.Blanks 1.14","metadata":{"contentType":"Fill in the Blanks","license":"U","title":"Fill in the Blanks"},"subContentId":"f87bf924-16e8-48d4-8702-c871bd012789"},"useSeparator":"auto"},{"content":{"params":{"text":"<p><span style=\"font-size:1.25em;\"><strong>2. We should not play with .....<\/strong><\/span><\/p>\n"},"library":"H5P.AdvancedText 1.1","metadata":{"contentType":"Text","license":"U","title":"Untitled Text"},"subContentId":"cb1440a0-ecbe-41b0-852a-50c90461e3f4"},"useSeparator":"enabled"},{"content":{"params":{"playerMode":"minimalistic","fitToWrapper":false,"controls":true,"autoplay":false,"playAudio":"Play audio","pauseAudio":"Pause audio","contentName":"Audio","audioNotSupported":"Your browser does not support this audio","files":[{"path":"audios\/files-60e41f2e8471e.mp3","mime":"audio\/mpeg","copyright":{"license":"U"}}]},"library":"H5P.Audio 1.5","metadata":{"contentType":"Audio","license":"U","title":"Audio"},"subContentId":"8ab2f1b0-7515-4d84-a3e1-bd88b98aded9"},"useSeparator":"disabled"},{"content":{"params":{"media":{"disableImageZooming":true,"type":{"params":{"contentName":"Image","alt":"knives","file":{"path":"images\/file-60ffe9258bc23.png","mime":"image\/png","copyright":{"license":"U"},"width":1300,"height":300},"decorative":false},"library":"H5P.Image 1.1","metadata":{"contentType":"Image","license":"U","title":"Untitled Image"},"subContentId":"d1368cbd-5b75-4642-9cf3-6f06ce455435"}},"answers":[{"correct":true,"tipsAndFeedback":{"tip":"","chosenFeedback":"","notChosenFeedback":""},"text":"<div><strong>knife<\/strong><\/div>\n"},{"correct":false,"tipsAndFeedback":{"tip":"","chosenFeedback":"","notChosenFeedback":""},"text":"<div><strong>friends<\/strong><\/div>\n"},{"correct":false,"tipsAndFeedback":{"tip":"","chosenFeedback":"","notChosenFeedback":""},"text":"<div><strong>mobile<\/strong><\/div>\n"},{"correct":false,"tipsAndFeedback":{"tip":"","chosenFeedback":"","notChosenFeedback":""},"text":"<div><strong>ball<\/strong><\/div>\n"}],"overallFeedback":[{"from":0,"to":50,"feedback":"Sorry, it is incorrect."},{"from":51,"to":100,"feedback":"Good work ! It is the correct answer."}],"behaviour":{"enableRetry":false,"enableSolutionsButton":true,"enableCheckButton":true,"type":"auto","singlePoint":false,"randomAnswers":true,"showSolutionsRequiresInput":true,"confirmCheckDialog":false,"confirmRetryDialog":false,"autoCheck":false,"passPercentage":100,"showScorePoints":true},"UI":{"checkAnswerButton":"Check","showSolutionButton":"Show solution","tryAgainButton":"Retry","tipsLabel":"Show tip","scoreBarLabel":"You got :num out of :total points","tipAvailable":"Tip available","feedbackAvailable":"Feedback available","readFeedback":"Read feedback","wrongAnswer":"Wrong answer","correctAnswer":"Correct answer","shouldCheck":"Should have been checked","shouldNotCheck":"Should not have been checked","noInput":"Please answer before viewing the solution","a11yCheck":"Check the answers. The responses will be marked as correct, incorrect, or unanswered.","a11yShowSolution":"Show the solution. The task will be marked with its correct solution.","a11yRetry":"Retry the task. Reset all responses and start the task over again.","submitAnswerButton":"Submit"},"confirmCheck":{"header":"Finish ?","body":"Are you sure you wish to finish ?","cancelLabel":"Cancel","confirmLabel":"Finish"},"confirmRetry":{"header":"Retry ?","body":"Are you sure you wish to retry ?","cancelLabel":"Cancel","confirmLabel":"Confirm"},"question":"<p>-<\/p>\n"},"library":"H5P.MultiChoice 1.16","metadata":{"contentType":"Multiple Choice","license":"U","title":"Multiple Choice"},"subContentId":"b2c89a4d-b626-4044-a50d-32df6d652c32"},"useSeparator":"auto"},{"content":{"params":{"text":"<p><span style=\"font-size:1.25em;\"><strong>3. How can we avoid accidents?<\/strong><\/span><\/p>\n"},"library":"H5P.AdvancedText 1.1","metadata":{"contentType":"Text","license":"U","title":"Untitled Text"},"subContentId":"25fe8567-6da4-4e99-8e70-21ebece6b423"},"useSeparator":"enabled"},{"content":{"params":{"playerMode":"minimalistic","fitToWrapper":false,"controls":true,"autoplay":false,"playAudio":"Play audio","pauseAudio":"Pause audio","contentName":"Audio","audioNotSupported":"Your browser does not support this audio","files":[{"path":"audios\/files-60e4205435f23.mp3","mime":"audio\/mpeg","copyright":{"license":"U"}}]},"library":"H5P.Audio 1.5","metadata":{"contentType":"Audio","license":"U","title":"Audio"},"subContentId":"32990b84-419d-489e-9051-62c46f373e40"},"useSeparator":"disabled"},{"content":{"params":{"media":{"disableImageZooming":true,"type":{"params":{"contentName":"Image","alt":"accident","file":{"path":"images\/file-60ffe938543a5.png","mime":"image\/png","copyright":{"license":"U"},"width":1300,"height":300},"decorative":false},"library":"H5P.Image 1.1","metadata":{"contentType":"Image","license":"U","title":"Untitled Image"},"subContentId":"b3204caa-d2da-473d-ab5f-3d57fa395f51"}},"answers":[{"correct":false,"tipsAndFeedback":{"tip":"","chosenFeedback":"","notChosenFeedback":""},"text":"<div><strong>by going to hospital<\/strong><\/div>\n"},{"correct":true,"tipsAndFeedback":{"tip":"","chosenFeedback":"","notChosenFeedback":""},"text":"<div><strong>by following safety rules<\/strong><\/div>\n"},{"correct":false,"tipsAndFeedback":{"tip":"","chosenFeedback":"","notChosenFeedback":""},"text":"<div><strong>by disobeying parents<\/strong><\/div>\n"},{"correct":false,"tipsAndFeedback":{"tip":"","chosenFeedback":"","notChosenFeedback":""},"text":"<div><strong>by taking medicine<\/strong><\/div>\n"}],"overallFeedback":[{"from":0,"to":50,"feedback":"Sorry, it is incorrect."},{"from":51,"to":100,"feedback":"Bravo ! You got it right."}],"behaviour":{"enableRetry":false,"enableSolutionsButton":true,"enableCheckButton":true,"type":"auto","singlePoint":false,"randomAnswers":true,"showSolutionsRequiresInput":true,"confirmCheckDialog":false,"confirmRetryDialog":false,"autoCheck":false,"passPercentage":100,"showScorePoints":true},"UI":{"checkAnswerButton":"Check","showSolutionButton":"Show solution","tryAgainButton":"Retry","tipsLabel":"Show tip","scoreBarLabel":"You got :num out of :total points","tipAvailable":"Tip available","feedbackAvailable":"Feedback available","readFeedback":"Read feedback","wrongAnswer":"Wrong answer","correctAnswer":"Correct answer","shouldCheck":"Should have been checked","shouldNotCheck":"Should not have been checked","noInput":"Please answer before viewing the solution","a11yCheck":"Check the answers. The responses will be marked as correct, incorrect, or unanswered.","a11yShowSolution":"Show the solution. The task will be marked with its correct solution.","a11yRetry":"Retry the task. Reset all responses and start the task over again.","submitAnswerButton":"Submit"},"confirmCheck":{"header":"Finish ?","body":"Are you sure you wish to finish ?","cancelLabel":"Cancel","confirmLabel":"Finish"},"confirmRetry":{"header":"Retry ?","body":"Are you sure you wish to retry ?","cancelLabel":"Cancel","confirmLabel":"Confirm"},"question":"<p>-<\/p>\n"},"library":"H5P.MultiChoice 1.16","metadata":{"contentType":"Multiple Choice","license":"U","title":"Multiple Choice"},"subContentId":"6d5cf308-6709-4542-8cd0-24eadeb6a289"},"useSeparator":"disabled"},{"content":{"params":{"text":"<p><span style=\"font-size:1.25em;\"><strong>4. We should not touch electric wires.<\/strong><\/span><\/p>\n"},"library":"H5P.AdvancedText 1.1","metadata":{"contentType":"Text","license":"U","title":"Untitled Text"},"subContentId":"ec2f61c9-ec76-4daf-94ce-aa5a23e1c7a0"},"useSeparator":"enabled"},{"content":{"params":{"playerMode":"minimalistic","fitToWrapper":false,"controls":true,"autoplay":false,"playAudio":"Play audio","pauseAudio":"Pause audio","contentName":"Audio","audioNotSupported":"Your browser does not support this audio","files":[{"path":"audios\/files-60e42167154db.mp3","mime":"audio\/mpeg","copyright":{"license":"U"}}]},"library":"H5P.Audio 1.5","metadata":{"contentType":"Audio","license":"U","title":"Audio"},"subContentId":"0232a710-5fb5-4edf-87a4-61a9cb2eb293"},"useSeparator":"auto"},{"content":{"params":{"media":{"disableImageZooming":true,"type":{"params":{"contentName":"Image","alt":"touching electric wires","file":{"path":"images\/file-60ffe9430c963.png","mime":"image\/png","copyright":{"license":"U"},"width":1300,"height":300},"decorative":false},"library":"H5P.Image 1.1","metadata":{"contentType":"Image","license":"U","title":"Untitled Image"},"subContentId":"2cb8e9a8-d898-4211-a046-8ea6a07cb3aa"}},"correct":"true","behaviour":{"enableRetry":false,"enableSolutionsButton":true,"enableCheckButton":true,"confirmCheckDialog":false,"confirmRetryDialog":false,"autoCheck":false},"l10n":{"trueText":"True","falseText":"False","score":"You got @score of @total points","checkAnswer":"Check","showSolutionButton":"Show solution","tryAgain":"Retry","wrongAnswerMessage":"Wrong answer","correctAnswerMessage":"Correct answer","scoreBarLabel":"You got :num out of :total points","a11yCheck":"Check the answers. The responses will be marked as correct, incorrect, or unanswered.","a11yShowSolution":"Show the solution. The task will be marked with its correct solution.","a11yRetry":"Retry the task. Reset all responses and start the task over again.","submitAnswer":"Submit"},"confirmCheck":{"header":"Finish ?","body":"Are you sure you wish to finish ?","cancelLabel":"Cancel","confirmLabel":"Finish"},"confirmRetry":{"header":"Retry ?","body":"Are you sure you wish to retry ?","cancelLabel":"Cancel","confirmLabel":"Confirm"},"question":"<p>-<\/p>\n"},"library":"H5P.TrueFalse 1.8","metadata":{"contentType":"True\/False Question","license":"U","title":"True\/False Question"},"subContentId":"f602da5a-7fbd-4131-82df-6b88e7249e89"},"useSeparator":"disabled"},{"content":{"params":{"text":"<p><span style=\"font-size:1.25em;\"><strong>5. We should cross the road only from .....<\/strong><\/span><\/p>\n"},"library":"H5P.AdvancedText 1.1","metadata":{"contentType":"Text","license":"U","title":"Untitled Text"},"subContentId":"7236111f-e81d-446d-b9a9-92b6368f5c57"},"useSeparator":"enabled"},{"content":{"params":{"playerMode":"minimalistic","fitToWrapper":false,"controls":true,"autoplay":false,"playAudio":"Play audio","pauseAudio":"Pause audio","contentName":"Audio","audioNotSupported":"Your browser does not support this audio","files":[{"path":"audios\/files-60e421d488878.mp3","mime":"audio\/mpeg","copyright":{"license":"U"}}]},"library":"H5P.Audio 1.5","metadata":{"contentType":"Audio","license":"U","title":"Audio"},"subContentId":"cac02d55-5538-4613-bfe1-62abd50ddc2a"},"useSeparator":"disabled"},{"content":{"params":{"media":{"disableImageZooming":true,"type":{"params":{"contentName":"Image","alt":"zebra crossing","file":{"path":"images\/file-60ffe94ec43f9.png","mime":"image\/png","copyright":{"license":"U"},"width":1300,"height":300},"decorative":false},"library":"H5P.Image 1.1","metadata":{"contentType":"Image","license":"U","title":"Untitled Image"},"subContentId":"1b45f548-556b-45e8-86af-1c152636a876"}},"answers":[{"correct":true,"tipsAndFeedback":{"tip":"","chosenFeedback":"","notChosenFeedback":""},"text":"<div><strong>zebra crossing<\/strong><\/div>\n"},{"correct":false,"tipsAndFeedback":{"tip":"","chosenFeedback":"","notChosenFeedback":""},"text":"<div><strong>front of moving vehicles<\/strong><\/div>\n"},{"correct":false,"tipsAndFeedback":{"tip":"","chosenFeedback":"","notChosenFeedback":""},"text":"<div><strong>back of stopped vehicles<\/strong><\/div>\n"},{"correct":false,"tipsAndFeedback":{"tip":"","chosenFeedback":"","notChosenFeedback":""},"text":"<div><strong>highway<\/strong><\/div>\n"}],"overallFeedback":[{"from":0,"to":50,"feedback":"Sorry, it is incorrect."},{"from":51,"to":100,"feedback":"Fantastic ! Keep up the good performance."}],"behaviour":{"enableRetry":false,"enableSolutionsButton":true,"enableCheckButton":true,"type":"auto","singlePoint":false,"randomAnswers":true,"showSolutionsRequiresInput":true,"confirmCheckDialog":false,"confirmRetryDialog":false,"autoCheck":false,"passPercentage":100,"showScorePoints":true},"UI":{"checkAnswerButton":"Check","showSolutionButton":"Show solution","tryAgainButton":"Retry","tipsLabel":"Show tip","scoreBarLabel":"You got :num out of :total points","tipAvailable":"Tip available","feedbackAvailable":"Feedback available","readFeedback":"Read feedback","wrongAnswer":"Wrong answer","correctAnswer":"Correct answer","shouldCheck":"Should have been checked","shouldNotCheck":"Should not have been checked","noInput":"Please answer before viewing the solution","a11yCheck":"Check the answers. The responses will be marked as correct, incorrect, or unanswered.","a11yShowSolution":"Show the solution. The task will be marked with its correct solution.","a11yRetry":"Retry the task. Reset all responses and start the task over again.","submitAnswerButton":"Submit"},"confirmCheck":{"header":"Finish ?","body":"Are you sure you wish to finish ?","cancelLabel":"Cancel","confirmLabel":"Finish"},"confirmRetry":{"header":"Retry ?","body":"Are you sure you wish to retry ?","cancelLabel":"Cancel","confirmLabel":"Confirm"},"question":"<p>-<\/p>\n"},"library":"H5P.MultiChoice 1.16","metadata":{"contentType":"Multiple Choice","license":"U","title":"Multiple Choice"},"subContentId":"a670fe97-cc29-4974-88fe-5598d9a9ffe6"},"useSeparator":"disabled"},{"content":{"params":{"text":"<p><span style=\"font-size:1.25em;\"><strong>6. Is the given picture a good habit?<\/strong><\/span><\/p>\n"},"library":"H5P.AdvancedText 1.1","metadata":{"contentType":"Text","license":"U","title":"Untitled Text"},"subContentId":"bc9069f7-61d3-4651-88a4-cc1424bbb871"},"useSeparator":"enabled"},{"content":{"params":{"playerMode":"minimalistic","fitToWrapper":false,"controls":true,"autoplay":false,"playAudio":"Play audio","pauseAudio":"Pause audio","contentName":"Audio","audioNotSupported":"Your browser does not support this audio","files":[{"path":"audios\/files-60e423a57c3e9.mp3","mime":"audio\/mpeg","copyright":{"license":"U"}}]},"library":"H5P.Audio 1.5","metadata":{"contentType":"Audio","license":"U","title":"Audio"},"subContentId":"ae44a7f7-7aae-43c3-b440-c572058a0b65"},"useSeparator":"disabled"},{"content":{"params":{"media":{"disableImageZooming":true,"type":{"params":{"contentName":"Image","alt":"quarelling with friends","file":{"path":"images\/file-60ffe95b746ff.png","mime":"image\/png","copyright":{"license":"U"},"width":1300,"height":300},"decorative":false},"library":"H5P.Image 1.1","metadata":{"contentType":"Image","license":"U","title":"Untitled Image"},"subContentId":"5234c274-5a8f-4814-8a62-9646ce5f56cd"}},"answers":[{"correct":true,"tipsAndFeedback":{"tip":"","chosenFeedback":"","notChosenFeedback":""},"text":"<div><strong>No<\/strong><\/div>\n"},{"correct":false,"tipsAndFeedback":{"tip":"","chosenFeedback":"","notChosenFeedback":""},"text":"<div><strong>Yes<\/strong><\/div>\n"}],"overallFeedback":[{"from":0,"to":50,"feedback":"Sorry, it is incorrect."},{"from":51,"to":100,"feedback":"Amazing ! It is the correct answer."}],"behaviour":{"enableRetry":false,"enableSolutionsButton":true,"enableCheckButton":true,"type":"auto","singlePoint":false,"randomAnswers":true,"showSolutionsRequiresInput":true,"confirmCheckDialog":false,"confirmRetryDialog":false,"autoCheck":false,"passPercentage":100,"showScorePoints":true},"UI":{"checkAnswerButton":"Check","showSolutionButton":"Show solution","tryAgainButton":"Retry","tipsLabel":"Show tip","scoreBarLabel":"You got :num out of :total points","tipAvailable":"Tip available","feedbackAvailable":"Feedback available","readFeedback":"Read feedback","wrongAnswer":"Wrong answer","correctAnswer":"Correct answer","shouldCheck":"Should have been checked","shouldNotCheck":"Should not have been checked","noInput":"Please answer before viewing the solution","a11yCheck":"Check the answers. The responses will be marked as correct, incorrect, or unanswered.","a11yShowSolution":"Show the solution. The task will be marked with its correct solution.","a11yRetry":"Retry the task. Reset all responses and start the task over again.","submitAnswerButton":"Submit"},"confirmCheck":{"header":"Finish ?","body":"Are you sure you wish to finish ?","cancelLabel":"Cancel","confirmLabel":"Finish"},"confirmRetry":{"header":"Retry ?","body":"Are you sure you wish to retry ?","cancelLabel":"Cancel","confirmLabel":"Confirm"},"question":"<p>-<\/p>\n"},"library":"H5P.MultiChoice 1.16","metadata":{"contentType":"Multiple Choice","license":"U","title":"Multiple Choice"},"subContentId":"d7a5d8d9-4680-47a3-b463-90d5543cc2cb"},"useSeparator":"disabled"},{"content":{"params":{"text":"<p><span style=\"font-size:1.25em;\"><strong>7. We should play .....<\/strong><\/span><\/p>\n"},"library":"H5P.AdvancedText 1.1","metadata":{"contentType":"Text","license":"U","title":"Untitled Text"},"subContentId":"985f14e1-d203-4134-8c66-59eaf24fb028"},"useSeparator":"enabled"},{"content":{"params":{"playerMode":"minimalistic","fitToWrapper":false,"controls":true,"autoplay":false,"playAudio":"Play audio","pauseAudio":"Pause audio","contentName":"Audio","audioNotSupported":"Your browser does not support this audio","files":[{"path":"audios\/files-60e427d3c6ae7.mp3","mime":"audio\/mpeg","copyright":{"license":"U"}}]},"library":"H5P.Audio 1.5","metadata":{"contentType":"Audio","license":"U","title":"Audio"},"subContentId":"885c914b-91a3-4c1d-bb1a-4a1e25cc6b6d"},"useSeparator":"disabled"},{"content":{"params":{"media":{"disableImageZooming":true,"type":{"params":{"contentName":"Image","alt":"safe games","file":{"path":"images\/file-60ffe96dd700b.png","mime":"image\/png","copyright":{"license":"U"},"width":1300,"height":300},"decorative":false},"library":"H5P.Image 1.1","metadata":{"contentType":"Image","license":"U","title":"Untitled Image"},"subContentId":"890d7276-f1d3-4e90-b3ac-2f0abed6cde4"}},"answers":[{"correct":false,"tipsAndFeedback":{"tip":"","chosenFeedback":"","notChosenFeedback":""},"text":"<div><strong>on road<\/strong><\/div>\n"},{"correct":false,"tipsAndFeedback":{"tip":"","chosenFeedback":"","notChosenFeedback":""},"text":"<div><strong>on roof<\/strong><\/div>\n"},{"correct":true,"tipsAndFeedback":{"tip":"","chosenFeedback":"","notChosenFeedback":""},"text":"<div><strong>safe games<\/strong><\/div>\n"},{"correct":false,"tipsAndFeedback":{"tip":"","chosenFeedback":"","notChosenFeedback":""},"text":"<div><strong>with glass objects<\/strong><\/div>\n"}],"overallFeedback":[{"from":0,"to":50,"feedback":"Sorry, it is incorrect."},{"from":51,"to":100,"feedback":"Awesome ! You got it right."}],"behaviour":{"enableRetry":false,"enableSolutionsButton":true,"enableCheckButton":true,"type":"auto","singlePoint":false,"randomAnswers":true,"showSolutionsRequiresInput":true,"confirmCheckDialog":false,"confirmRetryDialog":false,"autoCheck":false,"passPercentage":100,"showScorePoints":true},"UI":{"checkAnswerButton":"Check","showSolutionButton":"Show solution","tryAgainButton":"Retry","tipsLabel":"Show tip","scoreBarLabel":"You got :num out of :total points","tipAvailable":"Tip available","feedbackAvailable":"Feedback available","readFeedback":"Read feedback","wrongAnswer":"Wrong answer","correctAnswer":"Correct answer","shouldCheck":"Should have been checked","shouldNotCheck":"Should not have been checked","noInput":"Please answer before viewing the solution","a11yCheck":"Check the answers. The responses will be marked as correct, incorrect, or unanswered.","a11yShowSolution":"Show the solution. The task will be marked with its correct solution.","a11yRetry":"Retry the task. Reset all responses and start the task over again.","submitAnswerButton":"Submit"},"confirmCheck":{"header":"Finish ?","body":"Are you sure you wish to finish ?","cancelLabel":"Cancel","confirmLabel":"Finish"},"confirmRetry":{"header":"Retry ?","body":"Are you sure you wish to retry ?","cancelLabel":"Cancel","confirmLabel":"Confirm"},"question":"<p>-<\/p>\n"},"library":"H5P.MultiChoice 1.16","metadata":{"contentType":"Multiple Choice","license":"U","title":"Multiple Choice"},"subContentId":"3a059ae1-5937-4001-8d33-e249c62debbc"},"useSeparator":"disabled"},{"content":{"params":{"text":"<p><span style=\"font-size:1.25em;\"><strong>8. Should we tease and hit domestic animals?<\/strong><\/span><\/p>\n"},"library":"H5P.AdvancedText 1.1","metadata":{"contentType":"Text","license":"U","title":"Untitled Text"},"subContentId":"825fe82b-aaae-41a1-839a-873c9d8f2261"},"useSeparator":"enabled"},{"content":{"params":{"playerMode":"minimalistic","fitToWrapper":false,"controls":true,"autoplay":false,"playAudio":"Play audio","pauseAudio":"Pause audio","contentName":"Audio","audioNotSupported":"Your browser does not support this audio","files":[{"path":"audios\/files-60e424f640bc7.mp3","mime":"audio\/mpeg","copyright":{"license":"U"}}]},"library":"H5P.Audio 1.5","metadata":{"contentType":"Audio","license":"U","title":"Audio"},"subContentId":"bda2bcb4-3b4e-45e3-8ddd-1ab3358df778"},"useSeparator":"disabled"},{"content":{"params":{"media":{"disableImageZooming":true,"type":{"params":{"contentName":"Image","alt":"beating animal","file":{"path":"images\/file-60ffe97c34934.png","mime":"image\/png","copyright":{"license":"U"},"width":1300,"height":264},"decorative":false},"library":"H5P.Image 1.1","metadata":{"contentType":"Image","license":"U","title":"Untitled Image"},"subContentId":"cd895f7b-c50f-4d95-ac66-6d0acd7b7ff1"}},"answers":[{"correct":false,"tipsAndFeedback":{"tip":"","chosenFeedback":"","notChosenFeedback":""},"text":"<div><strong>Yes<\/strong><\/div>\n"},{"correct":true,"tipsAndFeedback":{"tip":"","chosenFeedback":"","notChosenFeedback":""},"text":"<div><strong>No<\/strong><\/div>\n"}],"overallFeedback":[{"from":0,"to":50,"feedback":"Sorry, it is incorrect."},{"from":51,"to":100,"feedback":"Incredible ! It is the correct answer."}],"behaviour":{"enableRetry":false,"enableSolutionsButton":true,"enableCheckButton":true,"type":"auto","singlePoint":false,"randomAnswers":true,"showSolutionsRequiresInput":true,"confirmCheckDialog":false,"confirmRetryDialog":false,"autoCheck":false,"passPercentage":100,"showScorePoints":true},"UI":{"checkAnswerButton":"Check","showSolutionButton":"Show solution","tryAgainButton":"Retry","tipsLabel":"Show tip","scoreBarLabel":"You got :num out of :total points","tipAvailable":"Tip available","feedbackAvailable":"Feedback available","readFeedback":"Read feedback","wrongAnswer":"Wrong answer","correctAnswer":"Correct answer","shouldCheck":"Should have been checked","shouldNotCheck":"Should not have been checked","noInput":"Please answer before viewing the solution","a11yCheck":"Check the answers. The responses will be marked as correct, incorrect, or unanswered.","a11yShowSolution":"Show the solution. The task will be marked with its correct solution.","a11yRetry":"Retry the task. Reset all responses and start the task over again.","submitAnswerButton":"Submit"},"confirmCheck":{"header":"Finish ?","body":"Are you sure you wish to finish ?","cancelLabel":"Cancel","confirmLabel":"Finish"},"confirmRetry":{"header":"Retry ?","body":"Are you sure you wish to retry ?","cancelLabel":"Cancel","confirmLabel":"Confirm"},"question":"<p>-<\/p>\n"},"library":"H5P.MultiChoice 1.16","metadata":{"contentType":"Multiple Choice","license":"U","title":"Multiple Choice"},"subContentId":"f49183f5-e1cf-4c20-a974-05630f3f5e6b"},"useSeparator":"disabled"},{"content":{"params":{"contentName":"Image","alt":"queue","file":{"path":"images\/file-60ffe98d60323.png","mime":"image\/png","copyright":{"license":"U"},"width":1300,"height":300},"decorative":false},"library":"H5P.Image 1.1","metadata":{"contentType":"Image","license":"U","title":"Untitled Image"},"subContentId":"c15162bb-a563-44ef-9bc5-69af225e8d02"},"useSeparator":"enabled"},{"content":{"params":{"playerMode":"minimalistic","fitToWrapper":false,"controls":true,"autoplay":false,"playAudio":"Play audio","pauseAudio":"Pause audio","contentName":"Audio","audioNotSupported":"Your browser does not support this audio","files":[{"path":"audios\/files-60e425bd840da.mp3","mime":"audio\/mpeg","copyright":{"license":"U"}}]},"library":"H5P.Audio 1.5","metadata":{"contentType":"Audio","license":"U","title":"Audio"},"subContentId":"f899e1b3-0276-44c9-92ab-c44bba60a68e"},"useSeparator":"disabled"},{"content":{"params":{"media":{"disableImageZooming":false},"text":"<h3>9. Fill in the blank.<\/h3>\n","overallFeedback":[{"from":0,"to":50,"feedback":"Sorry, it is incorrect."},{"from":51,"to":100,"feedback":"Outstanding ! It is the correct answer."}],"showSolutions":"Show solution","tryAgain":"Retry","checkAnswer":"Check","notFilledOut":"Please fill in all blanks to view solution","answerIsCorrect":"&#039;:ans&#039; is correct","answerIsWrong":"&#039;:ans&#039; is wrong","answeredCorrectly":"Answered correctly","answeredIncorrectly":"Answered incorrectly","solutionLabel":"Correct answer:","inputLabel":"Blank input @num of @total","inputHasTipLabel":"Tip available","tipLabel":"Tip","behaviour":{"enableRetry":false,"enableSolutionsButton":true,"enableCheckButton":true,"autoCheck":false,"caseSensitive":false,"showSolutionsRequiresInput":true,"separateLines":false,"confirmCheckDialog":false,"confirmRetryDialog":false,"acceptSpellingErrors":false},"scoreBarLabel":"You got :num out of :total points","a11yCheck":"Check the answers. The responses will be marked as correct, incorrect, or unanswered.","a11yShowSolution":"Show the solution. The task will be marked with its correct solution.","a11yRetry":"Retry the task. Reset all responses and start the task over again.","a11yCheckingModeHeader":"Checking mode","confirmCheck":{"header":"Finish ?","body":"Are you sure you wish to finish ?","cancelLabel":"Cancel","confirmLabel":"Finish"},"confirmRetry":{"header":"Retry ?","body":"Are you sure you wish to retry ?","cancelLabel":"Cancel","confirmLabel":"Confirm"},"questions":["<p><strong>We should board the school bus in a *queue*. [hurry \/&nbsp;queue]<\/strong><\/p>\n"],"submitAnswer":"Submit"},"library":"H5P.Blanks 1.14","metadata":{"contentType":"Fill in the Blanks","license":"U","title":"Fill in the Blanks"},"subContentId":"258b1fb9-7eef-44ab-af55-dfebb55d245e"},"useSeparator":"disabled"},{"content":{"params":{"text":"<p><span style=\"font-size:1.25em;\"><strong>10. Identify the picture as a good habit or bad habit.<\/strong><\/span><\/p>\n"},"library":"H5P.AdvancedText 1.1","metadata":{"contentType":"Text","license":"U","title":"Untitled Text"},"subContentId":"95436b2b-4b71-48a7-ab19-8b6e80aec994"},"useSeparator":"enabled"},{"content":{"params":{"playerMode":"minimalistic","fitToWrapper":false,"controls":true,"autoplay":false,"playAudio":"Play audio","pauseAudio":"Pause audio","contentName":"Audio","audioNotSupported":"Your browser does not support this audio","files":[{"path":"audios\/files-60e4272a49119.mp3","mime":"audio\/mpeg","copyright":{"license":"U"}}]},"library":"H5P.Audio 1.5","metadata":{"contentType":"Audio","license":"U","title":"Audio"},"subContentId":"2b9ae15e-036b-4afb-86c5-caca867773a2"},"useSeparator":"disabled"},{"content":{"params":{"media":{"disableImageZooming":true,"type":{"params":{"contentName":"Image","alt":"using mobile while riding","file":{"path":"images\/file-60ffe999c1c57.png","mime":"image\/png","copyright":{"license":"U"},"width":1300,"height":300},"decorative":false},"library":"H5P.Image 1.1","metadata":{"contentType":"Image","license":"U","title":"Untitled Image"},"subContentId":"a27d37cd-11d8-4cfb-bac0-69ea86a370b6"}},"text":"<p>-<\/p>\n","overallFeedback":[{"from":0,"to":50,"feedback":"Sorry, it is incorrect."},{"from":51,"to":100,"feedback":"Excellent ! Keep up the amazing performance."}],"showSolutions":"Show solution","tryAgain":"Retry","checkAnswer":"Check","notFilledOut":"Please fill in all blanks to view solution","answerIsCorrect":"&#039;:ans&#039; is correct","answerIsWrong":"&#039;:ans&#039; is wrong","answeredCorrectly":"Answered correctly","answeredIncorrectly":"Answered incorrectly","solutionLabel":"Correct answer:","inputLabel":"Blank input @num of @total","inputHasTipLabel":"Tip available","tipLabel":"Tip","behaviour":{"enableRetry":false,"enableSolutionsButton":true,"enableCheckButton":true,"autoCheck":false,"caseSensitive":false,"showSolutionsRequiresInput":true,"separateLines":false,"confirmCheckDialog":false,"confirmRetryDialog":false,"acceptSpellingErrors":false},"scoreBarLabel":"You got :num out of :total points","a11yCheck":"Check the answers. The responses will be marked as correct, incorrect, or unanswered.","a11yShowSolution":"Show the solution. The task will be marked with its correct solution.","a11yRetry":"Retry the task. Reset all responses and start the task over again.","a11yCheckingModeHeader":"Checking mode","confirmCheck":{"header":"Finish ?","body":"Are you sure you wish to finish ?","cancelLabel":"Cancel","confirmLabel":"Finish"},"confirmRetry":{"header":"Retry ?","body":"Are you sure you wish to retry ?","cancelLabel":"Cancel","confirmLabel":"Confirm"},"questions":["<p><strong>*bad habit*<\/strong><\/p>\n"],"submitAnswer":"Submit"},"library":"H5P.Blanks 1.14","metadata":{"contentType":"Fill in the Blanks","license":"U","title":"Fill in the Blanks"},"subContentId":"99c6aa78-8370-44cf-a7f9-da424b8ffae9"},"useSeparator":"disabled"}]}