{"mode":"repetition","description":"<p style=\"text-align: center;\"><strong>Read the questions carefully and try to guess the correct answer.<\/strong><\/p>\n","dialogs":[{"tips":{},"text":"<p><strong>What is the SI unit of temperature?&nbsp;<\/strong><\/p>\n","answer":"<p><strong>Kelvin<\/strong><\/p>\n","image":{"path":"images\/image-60eb0fa49e32e.png","mime":"image\/png","copyright":{"license":"U"},"width":703,"height":278}},{"tips":{},"text":"<p><strong>What are the three temperature scales in use on thermometers?<\/strong><\/p>\n","answer":"<p><strong>The Celsius, Fahrenheit and Kelvin or absolute scale.<\/strong><\/p>\n","image":{"path":"images\/image-60eb1003e860f.jpg","mime":"image\/jpeg","copyright":{"license":"U"},"width":1920,"height":1920}},{"tips":{},"text":"<p><strong>If a thermometer shows the temperature 37<\/strong>\u00b0<strong>C, what is its equivalent temperature on the Fahrenheit scale?&nbsp;<\/strong><\/p>\n","answer":"<p><strong>98.6\u00b0F<\/strong><\/p>\n","image":{"path":"images\/image-60eb1060ddc6a.png","mime":"image\/png","copyright":{"license":"U"},"width":281,"height":337}},{"tips":{},"text":"<p><strong>At what temperature are the readings of Celsius and Fahrenheit scale the same?<\/strong><\/p>\n","answer":"<p><strong>At - 40\u00b0, the readings of Celsius and Fahrenheit scales are same.<\/strong><\/p>\n","image":{"path":"images\/image-60eb1138a8158.png","mime":"image\/png","copyright":{"license":"U"},"width":258,"height":295}},{"tips":{},"text":"<p><strong>What is - 20\u00b0C equivalent to in Fahrenheit?<\/strong><\/p>\n","answer":"<p><strong>- 4\u00b0F<\/strong><\/p>\n","image":{"path":"images\/image-60eb113152cd7.png","mime":"image\/png","copyright":{"license":"U"},"width":187,"height":230}},{"tips":{},"text":"<p><strong>Mercury thermometer can measure temperature between ______\u00b0C to _______\u00b0C. <\/strong><\/p>\n","answer":"<p><strong>- 39 to 357<\/strong><\/p>\n","image":{"path":"images\/image-60eb119116132.png","mime":"image\/png","copyright":{"license":"U"},"width":75,"height":347}},{"tips":{},"text":"<p><strong>Alcohol thermometer can measure temperature between ______\u00b0C to _______\u00b0C.<\/strong><\/p>\n","answer":"<p><strong>- 115 to 78.3<\/strong><\/p>\n","image":{"path":"images\/image-60eb11c97aa3f.png","mime":"image\/png","copyright":{"license":"U"},"width":42,"height":213}},{"tips":{},"text":"<p><strong>What is the normal human body temperature in Fahrenheit scale? <\/strong><\/p>\n","answer":"<p><strong>98.6\u00b0F<\/strong><\/p>\n","image":{"path":"images\/image-60eb125b41664.png","mime":"image\/png","copyright":{"license":"U"},"width":104,"height":294}},{"tips":{},"text":"<p><strong>At what temperature on the Fahrenheit scale will the numerical value of the Celsius scale be one-third of the Fahrenheit scale?<\/strong><\/p>\n","answer":"<p><strong>80\u00b0F<\/strong><\/p>\n","image":{"path":"images\/image-60eb133b0544a.png","mime":"image\/png","copyright":{"license":"U"},"width":160,"height":449}},{"tips":{},"text":"<p><strong>What is the boiling point of water in Fahrenheit scale?<\/strong><\/p>\n","answer":"<p><strong>212\u00b0F<\/strong><\/p>\n","image":{"path":"images\/image-60eb13a7a3638.png","mime":"image\/png","copyright":{"license":"U"},"width":114,"height":398}}],"behaviour":{"enableRetry":true,"disableBackwardsNavigation":false,"scaleTextNotCard":false,"randomCards":false,"maxProficiency":5,"quickProgression":false},"answer":"Turn","next":"Next","prev":"Previous","retry":"Retry","correctAnswer":"I got it right!","incorrectAnswer":"I got it wrong","round":"Round @round","cardsLeft":"Cards left: @number","nextRound":"Proceed to round @round","startOver":"Start over","showSummary":"Next","summary":"Summary","summaryCardsRight":"Cards you got right:","summaryCardsWrong":"Cards you got wrong:","summaryCardsNotShown":"Cards in pool not shown:","summaryOverallScore":"Overall Score","summaryCardsCompleted":"Cards you have completed learning:","summaryCompletedRounds":"Completed rounds:","summaryAllDone":"Well done! You got all @cards cards correct @max times in a row!","progressText":"Card @card of @total","cardFrontLabel":"Card front","cardBackLabel":"Card back","tipButtonLabel":"Show tip","audioNotSupported":"Your browser does not support this audio","confirmStartingOver":{"header":"Start over?","body":"All progress will be lost. Are you sure you want to start over?","cancelLabel":"Cancel","confirmLabel":"Start over"},"title":"<p style=\"text-align: center;\"><strong>Heat<\/strong><\/p>\n"}