{"mode":"repetition","description":"<p style=\"text-align: center;\"><strong>Read the questions carefully and guess the answer.<\/strong><\/p>\n","dialogs":[{"tips":{},"text":"<p style=\"text-align: center;\"><strong>What are the exercises which are performed without moving from one place to another called?<\/strong><\/p>\n","answer":"<p style=\"text-align: center;\"><strong>Static exercises<\/strong><\/p>\n","image":{"path":"images\/image-6106bfef4cd02.png","mime":"image\/png","copyright":{"license":"U"},"width":999,"height":999}},{"tips":{},"text":"<p style=\"text-align: center;\"><strong>Where is the exercise \"hanging\" performed?<\/strong><\/p>\n","answer":"<p style=\"text-align: center;\"><strong>On a bar, pole or rope<\/strong><\/p>\n","image":{"path":"images\/image-60e6995d87648.jpg","mime":"image\/jpeg","copyright":{"license":"U"},"width":411,"height":497,"originalImage":{"path":"images\/image-60e697650079b.jpg#tmp","mime":"image\/jpeg","height":1080,"width":827}}},{"tips":{},"text":"<p style=\"text-align: center;\"><strong>Static exercises do not keep our body fit, fine, or flexible. Yes or No?<\/strong><\/p>\n","answer":"<p style=\"text-align: center;\"><strong>No<\/strong><\/p>\n","image":{"path":"images\/image-6106c08a9ba9a.png","mime":"image\/png","copyright":{"license":"U"},"width":1000,"height":1000}},{"tips":{},"text":"<p style=\"text-align: center;\"><strong>When is the skill of throwing required?<\/strong><\/p>\n","answer":"<p style=\"text-align: center;\"><strong>When playing basketball, volleyball, cricket etc.<\/strong><\/p>\n","image":{"path":"images\/image-6106c09ce5a6a.png","mime":"image\/png","copyright":{"license":"U"},"width":1000,"height":991}},{"tips":{},"text":"<p style=\"text-align: center;\"><strong>Where do we perform climbing?<\/strong><\/p>\n","answer":"<p style=\"text-align: center;\"><strong>On a pole, rope or tree<\/strong><\/p>\n","image":{"path":"images\/image-6106c00368c9f.png","mime":"image\/png","copyright":{"license":"U"},"width":769,"height":995}},{"tips":{},"text":"<p style=\"text-align: center;\"><strong>Which static exercise is shown in the picture?<\/strong><\/p>\n","answer":"<p style=\"text-align: center;\"><strong>Hanging<\/strong><\/p>\n","image":{"path":"images\/image-6106c00ee5b91.png","mime":"image\/png","copyright":{"license":"U"},"width":1000,"height":1000}},{"tips":{},"text":"<p style=\"text-align: center;\"><strong>How is throwing practiced?<\/strong><\/p>\n","answer":"<p style=\"text-align: center;\"><strong>By throwing light objects from one place to another<\/strong><\/p>\n","image":{"path":"images\/image-6106c0193a7f5.png","mime":"image\/png","copyright":{"license":"U"},"width":1000,"height":693}},{"tips":{},"text":"<p style=\"text-align: center;\"><strong>Does static exercise also help in entertaining oneself?&nbsp;<\/strong><\/p>\n\n<p style=\"text-align: center;\"><strong>Yes or No?<\/strong><\/p>\n","answer":"<p style=\"text-align: center;\"><strong>Yes<\/strong><\/p>\n","image":{"path":"images\/image-6106c0336ac05.png","mime":"image\/png","copyright":{"license":"U"},"width":1000,"height":848}},{"tips":{},"text":"<p style=\"text-align: center;\"><strong>We do not need to be careful while climbing. True or False?<\/strong><\/p>\n","answer":"<p style=\"text-align: center;\"><strong>False<\/strong><\/p>\n","image":{"path":"images\/image-6106c03dd1017.png","mime":"image\/png","copyright":{"license":"U"},"width":1000,"height":1000}},{"tips":{},"text":"<p style=\"text-align: center;\"><strong>Identify the static exercise given in the picture.<\/strong><\/p>\n","answer":"<p style=\"text-align: center;\"><strong>Swinging<\/strong><\/p>\n","image":{"path":"images\/image-6106c0571920f.png","mime":"image\/png","copyright":{"license":"U"},"width":1000,"height":848}}],"behaviour":{"enableRetry":true,"disableBackwardsNavigation":false,"scaleTextNotCard":false,"randomCards":false,"maxProficiency":5,"quickProgression":false},"answer":"Turn","next":"Next","prev":"Previous","retry":"Retry","correctAnswer":"I got it right!","incorrectAnswer":"I got it wrong","round":"Round @round","cardsLeft":"Cards left: @number","nextRound":"Proceed to round @round","startOver":"Start over","showSummary":"Next","summary":"Summary","summaryCardsRight":"Cards you got right:","summaryCardsWrong":"Cards you got wrong:","summaryCardsNotShown":"Cards in pool not shown:","summaryOverallScore":"Overall Score","summaryCardsCompleted":"Cards you have completed learning:","summaryCompletedRounds":"Completed rounds:","summaryAllDone":"Well done! You got all @cards cards correct @max times in a row!","progressText":"Card @card of @total","cardFrontLabel":"Card front","cardBackLabel":"Card back","tipButtonLabel":"Show tip","audioNotSupported":"Your browser does not support this audio","confirmStartingOver":{"header":"Start over?","body":"All progress will be lost. Are you sure you want to start over?","cancelLabel":"Cancel","confirmLabel":"Start over"},"title":"<p style=\"text-align: center;\"><strong>Static skills<\/strong><\/p>\n"}