{"mode":"repetition","description":"<p style=\"text-align: center;\"><strong>Listen and read the questions carefully to guess the correct answers.<\/strong><\/p>\n","dialogs":[{"tips":{},"text":"<p style=\"text-align: center;\"><strong>In which group do the given words belong to?<\/strong><\/p>\n","answer":"<p style=\"text-align: center;\"><strong>He-group<\/strong><\/p>\n","image":{"path":"images\/image-60f99c043313b.png","mime":"image\/png","copyright":{"license":"U"},"width":1728,"height":1200},"audio":[{"path":"audios\/audio-625be58c26897.mp3","mime":"audio\/mpeg","copyright":{"license":"U"}}]},{"tips":{},"text":"<p style=\"text-align: center;\"><strong>The word sister belongs to he-group. Is it true or false?<\/strong><\/p>\n","answer":"<p style=\"text-align: center;\"><strong>False<\/strong><\/p>\n","image":{"path":"images\/image-60ed4dff97c90.png","mime":"image\/png","copyright":{"license":"U"},"width":1728,"height":1200},"audio":[{"path":"audios\/audio-625be5c3ccd8a.mp3","mime":"audio\/mpeg","copyright":{"license":"U"}}]},{"tips":{},"text":"<p style=\"text-align: center;\"><strong>In which group does the word 'cow' belong to?<\/strong><\/p>\n","answer":"<p style=\"text-align: center;\"><strong>She-group<\/strong><\/p>\n","image":{"path":"images\/image-60ed4ebada1f7.png","mime":"image\/png","copyright":{"license":"U"},"width":1728,"height":1200},"audio":[{"path":"audios\/audio-625be6325b511.mp3","mime":"audio\/mpeg","copyright":{"license":"U"}}]},{"tips":{},"image":{"path":"images\/image-60ed4f2596f65.png","mime":"image\/png","copyright":{"license":"U"},"width":1728,"height":1200},"text":"<p style=\"text-align: center;\"><strong>The word 'Queen' belongs to the he-group words. Is it true or false?<\/strong><\/p>\n","answer":"<p style=\"text-align: center;\"><strong>False<\/strong><\/p>\n","audio":[{"path":"audios\/audio-625be661e13ad.mp3","mime":"audio\/mpeg","copyright":{"license":"U"}}]},{"tips":{},"image":{"path":"images\/image-60ed50ae024c0.png","mime":"image\/png","copyright":{"license":"U"},"width":1728,"height":1200},"text":"<p style=\"text-align: center;\"><strong>Is 'bull' a he-group word?<\/strong><\/p>\n","answer":"<p style=\"text-align: center;\"><strong>Yes<\/strong><\/p>\n","audio":[{"path":"audios\/audio-625be6876885a.mp3","mime":"audio\/mpeg","copyright":{"license":"U"}}]},{"tips":{},"image":{"path":"images\/image-60ed5370d2fec.png","mime":"image\/png","copyright":{"license":"U"},"width":1728,"height":1200},"text":"<p style=\"text-align: center;\"><strong>Is lioness a he-group word?<\/strong><\/p>\n","answer":"<p style=\"text-align: center;\"><strong>No<\/strong><\/p>\n","audio":[{"path":"audios\/audio-625be6ace1423.mp3","mime":"audio\/mpeg","copyright":{"license":"U"}}]},{"tips":{},"image":{"path":"images\/image-60ed542b8c466.png","mime":"image\/png","copyright":{"license":"U"},"width":1728,"height":1200},"text":"<p style=\"text-align: center;\"><strong>In which group does the word 'King' belong to?<\/strong><\/p>\n","answer":"<p style=\"text-align: center;\"><strong>He-group<\/strong><\/p>\n","audio":[{"path":"audios\/audio-625be6d13ac41.mp3","mime":"audio\/mpeg","copyright":{"license":"U"}}]},{"tips":{},"image":{"path":"images\/image-60ed5609973ad.png","mime":"image\/png","copyright":{"license":"U"},"width":1728,"height":1200},"text":"<p style=\"text-align: center;\"><strong>In which group does the word 'daughter' belong to?<\/strong><\/p>\n","answer":"<p style=\"text-align: center;\"><strong>She-group<\/strong><\/p>\n","audio":[{"path":"audios\/audio-625be6f66523c.mp3","mime":"audio\/mpeg","copyright":{"license":"U"}}]},{"tips":{},"image":{"path":"images\/image-60ed59e493565.png","mime":"image\/png","copyright":{"license":"U"},"width":1728,"height":1200},"text":"<p style=\"text-align: center;\"><strong>Female members of the family given above belong to ___ group.<\/strong><\/p>\n","answer":"<p style=\"text-align: center;\"><strong>she<\/strong><\/p>\n","audio":[{"path":"audios\/audio-625be729e7fa1.mp3","mime":"audio\/mpeg","copyright":{"license":"U"}}]},{"tips":{},"image":{"path":"images\/image-60ed5c91bcc86.png","mime":"image\/png","copyright":{"license":"U"},"width":1728,"height":1200},"text":"<p style=\"text-align: center;\"><strong>The words given in the picture belong to ___ group.<\/strong><\/p>\n","answer":"<p style=\"text-align: center;\"><strong>he<\/strong><\/p>\n","audio":[{"path":"audios\/audio-625be75857d0d.mp3","mime":"audio\/mpeg","copyright":{"license":"U"}}]}],"behaviour":{"enableRetry":true,"disableBackwardsNavigation":false,"scaleTextNotCard":false,"randomCards":false,"maxProficiency":5,"quickProgression":false},"answer":"Turn","next":"Next","prev":"Previous","retry":"Retry","correctAnswer":"I got it right!","incorrectAnswer":"I got it wrong","round":"Round @round","cardsLeft":"Cards left: @number","nextRound":"Proceed to round @round","startOver":"Start over","showSummary":"Next","summary":"Summary","summaryCardsRight":"Cards you got right:","summaryCardsWrong":"Cards you got wrong:","summaryCardsNotShown":"Cards in pool not shown:","summaryOverallScore":"Overall Score","summaryCardsCompleted":"Cards you have completed learning:","summaryCompletedRounds":"Completed rounds:","summaryAllDone":"Well done! You got all @cards cards correct @max times in a row!","progressText":"Card @card of @total","cardFrontLabel":"Card front","cardBackLabel":"Card back","tipButtonLabel":"Show tip","audioNotSupported":"Your browser does not support this audio","confirmStartingOver":{"header":"Start over?","body":"All progress will be lost. Are you sure you want to start over?","cancelLabel":"Cancel","confirmLabel":"Start over"},"title":"<p style=\"text-align: center;\"><strong>He-Group and She-Group<\/strong><\/p>\n"}