{"content":[{"content":{"params":{"contentName":"Image","decorative":false,"file":{"path":"images\/file-646e1fe4c69cc.jpeg","mime":"image\/jpeg","copyright":{"license":"U"},"width":1300,"height":246},"expandImage":"Expand Image","minimizeImage":"Minimize Image"},"library":"H5P.Image 1.1","metadata":{"contentType":"Image","license":"U","title":"Untitled Image"},"subContentId":"b2ada994-49bb-47cb-9b41-77d09ddf1f72"},"useSeparator":"auto"},{"content":{"params":{"playerMode":"minimalistic","fitToWrapper":false,"controls":true,"autoplay":false,"playAudio":"Play audio","pauseAudio":"Pause audio","contentName":"Audio","audioNotSupported":"Your browser does not support this audio","files":[{"path":"audios\/files-60e9e9c4693c8.mp3","mime":"audio\/mpeg","copyright":{"license":"U"}}]},"library":"H5P.Audio 1.5","metadata":{"contentType":"Audio","license":"U","title":"Untitled Audio"},"subContentId":"99febf1b-bfa9-4bf0-a260-c95faefb9cac"},"useSeparator":"auto"},{"content":{"params":{"media":{"disableImageZooming":false},"text":"<p><strong>Q.1. Fill in the missing words.<\/strong><\/p>\n","overallFeedback":[{"from":0,"to":50,"feedback":"Sorry, it is incorrect."},{"from":51,"to":100,"feedback":"Well done ! It is the correct answer."}],"showSolutions":"Show solution","tryAgain":"Retry","checkAnswer":"Check","notFilledOut":"Please fill in all blanks to view solution","answerIsCorrect":"&#039;:ans&#039; is correct","answerIsWrong":"&#039;:ans&#039; is wrong","answeredCorrectly":"Answered correctly","answeredIncorrectly":"Answered incorrectly","solutionLabel":"Correct answer:","inputLabel":"Blank input @num of @total","inputHasTipLabel":"Tip available","tipLabel":"Tip","behaviour":{"enableRetry":false,"enableSolutionsButton":true,"enableCheckButton":true,"autoCheck":false,"caseSensitive":false,"showSolutionsRequiresInput":true,"separateLines":false,"confirmCheckDialog":false,"confirmRetryDialog":false,"acceptSpellingErrors":false},"scoreBarLabel":"You got :num out of :total points","a11yCheck":"Check the answers. The responses will be marked as correct, incorrect, or unanswered.","a11yShowSolution":"Show the solution. The task will be marked with its correct solution.","a11yRetry":"Retry the task. Reset all responses and start the task over again.","a11yCheckingModeHeader":"Checking mode","confirmCheck":{"header":"Finish ?","body":"Are you sure you wish to finish ?","cancelLabel":"Cancel","confirmLabel":"Finish"},"confirmRetry":{"header":"Retry ?","body":"Are you sure you wish to retry ?","cancelLabel":"Cancel","confirmLabel":"Confirm"},"questions":["<p><strong>*Disease* is a condition when we feel uneasy. [Health \/ Disease]<\/strong><\/p>\n"],"submitAnswer":"Submit"},"library":"H5P.Blanks 1.14","metadata":{"contentType":"Fill in the Blanks","license":"U","title":"Q1- Fill in the Blanks"},"subContentId":"c6ff4012-f0fb-485f-8fef-09f6595d8eda"},"useSeparator":"auto"},{"content":{"params":{"contentName":"Image","decorative":false,"file":{"path":"images\/file-646e2066a0071.jpeg","mime":"image\/jpeg","copyright":{"license":"U"},"width":1300,"height":261},"expandImage":"Expand Image","minimizeImage":"Minimize Image"},"library":"H5P.Image 1.1","metadata":{"contentType":"Image","license":"U","title":"Untitled Image"},"subContentId":"7404d459-ce31-4416-9aff-3fd6d6c06920"},"useSeparator":"enabled"},{"content":{"params":{"playerMode":"minimalistic","fitToWrapper":false,"controls":true,"autoplay":false,"playAudio":"Play audio","pauseAudio":"Pause audio","contentName":"Audio","audioNotSupported":"Your browser does not support this audio","files":[{"path":"audios\/files-60ead524cc6ed.mp3","mime":"audio\/mpeg","copyright":{"license":"U"}}]},"library":"H5P.Audio 1.5","metadata":{"contentType":"Audio","license":"U","title":"Untitled Audio"},"subContentId":"97c90439-882d-42b0-8844-89ca79f968be"},"useSeparator":"auto"},{"content":{"params":{"media":{"disableImageZooming":false},"correct":"false","behaviour":{"enableRetry":false,"enableSolutionsButton":true,"enableCheckButton":true,"confirmCheckDialog":false,"confirmRetryDialog":false,"autoCheck":false},"l10n":{"trueText":"True","falseText":"False","score":"You got @score of @total points","checkAnswer":"Check","showSolutionButton":"Show solution","tryAgain":"Retry","wrongAnswerMessage":"Wrong answer","correctAnswerMessage":"Correct answer","scoreBarLabel":"You got :num out of :total points","a11yCheck":"Check the answers. The responses will be marked as correct, incorrect, or unanswered.","a11yShowSolution":"Show the solution. The task will be marked with its correct solution.","a11yRetry":"Retry the task. Reset all responses and start the task over again.","submitAnswer":"Submit"},"confirmCheck":{"header":"Finish ?","body":"Are you sure you wish to finish ?","cancelLabel":"Cancel","confirmLabel":"Finish"},"confirmRetry":{"header":"Retry ?","body":"Are you sure you wish to retry ?","cancelLabel":"Cancel","confirmLabel":"Confirm"},"question":"<p><strong>Q.2.&nbsp;A sick person becomes physically and mentally stronger. Is it true or false?<\/strong><\/p>\n"},"library":"H5P.TrueFalse 1.8","metadata":{"contentType":"True\/False Question","license":"U","title":"Q2- True\/False Question"},"subContentId":"b0135db7-31dc-4295-b38b-74ca08168767"},"useSeparator":"auto"},{"content":{"params":{"contentName":"Image","decorative":false,"file":{"path":"images\/file-646e207db838a.jpeg","mime":"image\/jpeg","copyright":{"license":"U"},"width":1300,"height":256},"expandImage":"Expand Image","minimizeImage":"Minimize Image"},"library":"H5P.Image 1.1","metadata":{"contentType":"Image","license":"U","title":"Untitled Image"},"subContentId":"a8046439-ac41-4d5e-9148-2f4ed54b98e0"},"useSeparator":"enabled"},{"content":{"params":{"playerMode":"minimalistic","fitToWrapper":false,"controls":true,"autoplay":false,"playAudio":"Play audio","pauseAudio":"Pause audio","contentName":"Audio","audioNotSupported":"Your browser does not support this audio","files":[{"path":"audios\/files-60ead4fae8402.mp3","mime":"audio\/mpeg","copyright":{"license":"U"}}]},"library":"H5P.Audio 1.5","metadata":{"contentType":"Audio","license":"U","title":"Untitled Audio"},"subContentId":"e57e3174-f7e2-45c6-9412-8f7519aa4be9"},"useSeparator":"auto"},{"content":{"params":{"media":{"disableImageZooming":false},"answers":[{"correct":false,"tipsAndFeedback":{"tip":"","chosenFeedback":"","notChosenFeedback":""},"text":"<div><strong>Stomach ache<\/strong><\/div>\n"},{"correct":true,"tipsAndFeedback":{"tip":"","chosenFeedback":"","notChosenFeedback":""},"text":"<div><strong>Communicable diseases<\/strong><\/div>\n"},{"correct":false,"tipsAndFeedback":{"tip":"","chosenFeedback":"","notChosenFeedback":""},"text":"<div><strong>Non-Communicable diseases<\/strong><\/div>\n"},{"correct":false,"tipsAndFeedback":{"tip":"","chosenFeedback":"","notChosenFeedback":""},"text":"<div><strong>Headache<\/strong><\/div>\n"}],"overallFeedback":[{"from":0,"to":50,"feedback":"Sorry, it is incorrect."},{"from":51,"to":100,"feedback":"Bravo ! You got it right."}],"behaviour":{"enableRetry":false,"enableSolutionsButton":true,"enableCheckButton":true,"type":"auto","singlePoint":false,"randomAnswers":true,"showSolutionsRequiresInput":true,"confirmCheckDialog":false,"confirmRetryDialog":false,"autoCheck":false,"passPercentage":100,"showScorePoints":true},"UI":{"checkAnswerButton":"Check","showSolutionButton":"Show solution","tryAgainButton":"Retry","tipsLabel":"Show tip","scoreBarLabel":"You got :num out of :total points","tipAvailable":"Tip available","feedbackAvailable":"Feedback available","readFeedback":"Read feedback","wrongAnswer":"Wrong answer","correctAnswer":"Correct answer","shouldCheck":"Should have been checked","shouldNotCheck":"Should not have been checked","noInput":"Please answer before viewing the solution","a11yCheck":"Check the answers. The responses will be marked as correct, incorrect, or unanswered.","a11yShowSolution":"Show the solution. The task will be marked with its correct solution.","a11yRetry":"Retry the task. Reset all responses and start the task over again.","submitAnswerButton":"Submit"},"confirmCheck":{"header":"Finish ?","body":"Are you sure you wish to finish ?","cancelLabel":"Cancel","confirmLabel":"Finish"},"confirmRetry":{"header":"Retry ?","body":"Are you sure you wish to retry ?","cancelLabel":"Cancel","confirmLabel":"Confirm"},"question":"<p><strong>Q.3. What are the diseases which transmit from one person to another called?<\/strong><\/p>\n"},"library":"H5P.MultiChoice 1.16","metadata":{"contentType":"Multiple Choice","license":"U","title":"Q3- Multiple Choice"},"subContentId":"115e276d-6111-4f86-a4a7-92c9f8163e69"},"useSeparator":"auto"},{"content":{"params":{"contentName":"Image","decorative":false,"file":{"path":"images\/file-646e20bcc5c56.jpeg","mime":"image\/jpeg","copyright":{"license":"U"},"width":1300,"height":258},"expandImage":"Expand Image","minimizeImage":"Minimize Image"},"library":"H5P.Image 1.1","metadata":{"contentType":"Image","license":"U","title":"Untitled Image"},"subContentId":"2a0d54a4-ebcb-440f-b4a5-1c12a4381faa"},"useSeparator":"enabled"},{"content":{"params":{"playerMode":"minimalistic","fitToWrapper":false,"controls":true,"autoplay":false,"playAudio":"Play audio","pauseAudio":"Pause audio","contentName":"Audio","audioNotSupported":"Your browser does not support this audio","files":[{"path":"audios\/files-60ead2dfcfb46.mp3","mime":"audio\/mpeg","copyright":{"license":"U"}}]},"library":"H5P.Audio 1.5","metadata":{"contentType":"Audio","license":"U","title":"Untitled Audio"},"subContentId":"9942f019-a1f1-43fc-bb10-fcf217fd569c"},"useSeparator":"auto"},{"content":{"params":{"media":{"disableImageZooming":false},"text":"<p><strong>Q.4. Fill in the missing word.<\/strong><\/p>\n","overallFeedback":[{"from":0,"to":50,"feedback":"Sorry, it is incorrect."},{"from":51,"to":100,"feedback":"Awesome ! It is the correct answer."}],"showSolutions":"Show solution","tryAgain":"Retry","checkAnswer":"Check","notFilledOut":"Please fill in all blanks to view solution","answerIsCorrect":"&#039;:ans&#039; is correct","answerIsWrong":"&#039;:ans&#039; is wrong","answeredCorrectly":"Answered correctly","answeredIncorrectly":"Answered incorrectly","solutionLabel":"Correct answer:","inputLabel":"Blank input @num of @total","inputHasTipLabel":"Tip available","tipLabel":"Tip","behaviour":{"enableRetry":false,"enableSolutionsButton":true,"enableCheckButton":true,"autoCheck":false,"caseSensitive":false,"showSolutionsRequiresInput":true,"separateLines":false,"confirmCheckDialog":false,"confirmRetryDialog":false,"acceptSpellingErrors":true},"scoreBarLabel":"You got :num out of :total points","a11yCheck":"Check the answers. The responses will be marked as correct, incorrect, or unanswered.","a11yShowSolution":"Show the solution. The task will be marked with its correct solution.","a11yRetry":"Retry the task. Reset all responses and start the task over again.","a11yCheckingModeHeader":"Checking mode","confirmCheck":{"header":"Finish ?","body":"Are you sure you wish to finish ?","cancelLabel":"Cancel","confirmLabel":"Finish"},"confirmRetry":{"header":"Retry ?","body":"Are you sure you wish to retry ?","cancelLabel":"Cancel","confirmLabel":"Confirm"},"questions":["<p><strong>The diseases which do not transmit from one person to another are called *non-communicable diseases\/non communicable diseases*.<\/strong><\/p>\n"],"submitAnswer":"Submit"},"library":"H5P.Blanks 1.14","metadata":{"contentType":"Fill in the Blanks","license":"U","title":"Q4- Fill in the Blanks"},"subContentId":"d147958b-25e5-4605-9bc5-e0a3f6069e4f"},"useSeparator":"auto"},{"content":{"params":{"contentName":"Image","decorative":false,"file":{"path":"images\/file-646e21073c1c8.jpeg","mime":"image\/jpeg","copyright":{"license":"U"},"width":1300,"height":273},"expandImage":"Expand Image","minimizeImage":"Minimize Image"},"library":"H5P.Image 1.1","metadata":{"contentType":"Image","license":"U","title":"Untitled Image"},"subContentId":"73af11a1-3d12-4e83-aeb7-63bf89086eef"},"useSeparator":"enabled"},{"content":{"params":{"playerMode":"minimalistic","fitToWrapper":false,"controls":true,"autoplay":false,"playAudio":"Play audio","pauseAudio":"Pause audio","contentName":"Audio","audioNotSupported":"Your browser does not support this audio","files":[{"path":"audios\/files-60eac9ece7e9d.mp3","mime":"audio\/mpeg","copyright":{"license":"U"}}]},"library":"H5P.Audio 1.5","metadata":{"contentType":"Audio","license":"U","title":"Untitled Audio"},"subContentId":"38c7ed93-4336-4651-840d-2904c40e0e45"},"useSeparator":"auto"},{"content":{"params":{"taskDescription":"<p><strong>Q.5. Drag the words into the correct boxes.<\/strong><\/p>\n","overallFeedback":[{"from":0,"to":98,"feedback":"Sorry, it is incorrect."},{"from":99,"to":100,"feedback":"Amazing ! Keep up the good performance."}],"checkAnswer":"Check","tryAgain":"Retry","showSolution":"Show solution","dropZoneIndex":"Drop Zone @index.","empty":"Drop Zone @index is empty.","contains":"Drop Zone @index contains draggable @draggable.","ariaDraggableIndex":"@index of @count draggables.","tipLabel":"Show tip","correctText":"Correct!","incorrectText":"Incorrect!","resetDropTitle":"Reset drop","resetDropDescription":"Are you sure you want to reset this drop zone?","grabbed":"Draggable is grabbed.","cancelledDragging":"Cancelled dragging.","correctAnswer":"Correct answer:","feedbackHeader":"Feedback","behaviour":{"enableRetry":false,"enableSolutionsButton":true,"enableCheckButton":true,"instantFeedback":false},"scoreBarLabel":"You got :num out of :total points","a11yCheck":"Check the answers. The responses will be marked as correct, incorrect, or unanswered.","a11yShowSolution":"Show the solution. The task will be marked with its correct solution.","a11yRetry":"Retry the task. Reset all responses and start the task over again.","textField":"*Communicable\\+Correct! \\-Incorrect!* diseases transmit from one person to another through contaminated food and through sputum and mucus while *coughing\\+Correct! \\-Incorrect!* and sneezing.","submitAnswer":"Submit","media":{"disableImageZooming":false}},"library":"H5P.DragText 1.10","metadata":{"contentType":"Drag the Words","license":"U","title":"Q5- Drag Text"},"subContentId":"b96ee9a3-c516-45ec-bcba-d32e34297e62"},"useSeparator":"auto"},{"content":{"params":{"contentName":"Image","decorative":false,"file":{"path":"images\/file-646e226c94c82.jpeg","mime":"image\/jpeg","copyright":{"license":"U"},"width":1300,"height":272},"expandImage":"Expand Image","minimizeImage":"Minimize Image"},"library":"H5P.Image 1.1","metadata":{"contentType":"Image","license":"U","title":"Untitled Image"},"subContentId":"e7c43571-e073-4492-8ffc-d4e747702db6"},"useSeparator":"enabled"},{"content":{"params":{"playerMode":"minimalistic","fitToWrapper":false,"controls":true,"autoplay":false,"playAudio":"Play audio","pauseAudio":"Pause audio","contentName":"Audio","audioNotSupported":"Your browser does not support this audio","files":[{"path":"audios\/files-60ead56fa4437.mp3","mime":"audio\/mpeg","copyright":{"license":"U"}}]},"library":"H5P.Audio 1.5","metadata":{"contentType":"Audio","license":"U","title":"Untitled Audio"},"subContentId":"ff9dde7e-799a-4204-801f-1c4def8c9327"},"useSeparator":"auto"},{"useSeparator":"auto","content":{"params":{"media":{"disableImageZooming":false},"answers":[{"correct":false,"tipsAndFeedback":{"tip":"","chosenFeedback":"","notChosenFeedback":""},"text":"<div><strong>Asthama<\/strong><\/div>\n"},{"correct":false,"tipsAndFeedback":{"tip":"","chosenFeedback":"","notChosenFeedback":""},"text":"<div><strong>Blindness<\/strong><\/div>\n"},{"correct":false,"tipsAndFeedback":{"tip":"","chosenFeedback":"","notChosenFeedback":""},"text":"<div><strong>Cancer<\/strong><\/div>\n"},{"correct":true,"tipsAndFeedback":{"tip":"","chosenFeedback":"","notChosenFeedback":""},"text":"<div><strong>COVID-19<\/strong><\/div>\n"}],"overallFeedback":[{"from":0,"to":50,"feedback":"Sorry, it is incorrect."},{"from":51,"to":100,"feedback":"Fantastic ! It is the correct answer."}],"behaviour":{"enableRetry":false,"enableSolutionsButton":true,"enableCheckButton":true,"type":"auto","singlePoint":false,"randomAnswers":true,"showSolutionsRequiresInput":true,"confirmCheckDialog":false,"confirmRetryDialog":false,"autoCheck":false,"passPercentage":100,"showScorePoints":true},"UI":{"checkAnswerButton":"Check","showSolutionButton":"Show solution","tryAgainButton":"Retry","tipsLabel":"Show tip","scoreBarLabel":"You got :num out of :total points","tipAvailable":"Tip available","feedbackAvailable":"Feedback available","readFeedback":"Read feedback","wrongAnswer":"Wrong answer","correctAnswer":"Correct answer","shouldCheck":"Should have been checked","shouldNotCheck":"Should not have been checked","noInput":"Please answer before viewing the solution","a11yCheck":"Check the answers. The responses will be marked as correct, incorrect, or unanswered.","a11yShowSolution":"Show the solution. The task will be marked with its correct solution.","a11yRetry":"Retry the task. Reset all responses and start the task over again.","submitAnswerButton":"Submit"},"confirmCheck":{"header":"Finish ?","body":"Are you sure you wish to finish ?","cancelLabel":"Cancel","confirmLabel":"Finish"},"confirmRetry":{"header":"Retry ?","body":"Are you sure you wish to retry ?","cancelLabel":"Cancel","confirmLabel":"Confirm"},"question":"<p><strong>Q.6. Which of the following disease is a communicable disease?<\/strong><\/p>\n"},"library":"H5P.MultiChoice 1.16","metadata":{"contentType":"Multiple Choice","license":"U","title":"Q6- Multiple Choice"},"subContentId":"5486a667-0d3b-4574-b260-db8a1d620948"}},{"content":{"params":{"contentName":"Image","decorative":false,"file":{"path":"images\/file-646e22974c10b.jpeg","mime":"image\/jpeg","copyright":{"license":"U"},"width":1300,"height":264},"expandImage":"Expand Image","minimizeImage":"Minimize Image"},"library":"H5P.Image 1.1","metadata":{"contentType":"Image","license":"U","title":"Untitled Image"},"subContentId":"5ea686ec-4698-490e-8e3c-25d6f5868ffe"},"useSeparator":"enabled"},{"content":{"params":{"playerMode":"minimalistic","fitToWrapper":false,"controls":true,"autoplay":false,"playAudio":"Play audio","pauseAudio":"Pause audio","contentName":"Audio","audioNotSupported":"Your browser does not support this audio","files":[{"path":"audios\/files-60ead582def99.mp3","mime":"audio\/mpeg","copyright":{"license":"U"}}]},"library":"H5P.Audio 1.5","metadata":{"contentType":"Audio","license":"U","title":"Untitled Audio"},"subContentId":"24d27204-0094-46f7-91b3-64c3d1b35b96"},"useSeparator":"auto"},{"content":{"params":{"media":{"disableImageZooming":false},"correct":"true","behaviour":{"enableRetry":false,"enableSolutionsButton":true,"enableCheckButton":true,"confirmCheckDialog":false,"confirmRetryDialog":false,"autoCheck":false},"l10n":{"trueText":"True","falseText":"False","score":"You got @score of @total points","checkAnswer":"Check","showSolutionButton":"Show solution","tryAgain":"Retry","wrongAnswerMessage":"Wrong answer","correctAnswerMessage":"Correct answer","scoreBarLabel":"You got :num out of :total points","a11yCheck":"Check the answers. The responses will be marked as correct, incorrect, or unanswered.","a11yShowSolution":"Show the solution. The task will be marked with its correct solution.","a11yRetry":"Retry the task. Reset all responses and start the task over again.","submitAnswer":"Submit"},"confirmCheck":{"header":"Finish ?","body":"Are you sure you wish to finish ?","cancelLabel":"Cancel","confirmLabel":"Finish"},"confirmRetry":{"header":"Retry ?","body":"Are you sure you wish to retry ?","cancelLabel":"Cancel","confirmLabel":"Confirm"},"question":"<p><strong>Q.7.&nbsp;We suffer from diseases if we do not get a balanced diet. Is it true or false?<\/strong><\/p>\n"},"library":"H5P.TrueFalse 1.8","metadata":{"contentType":"True\/False Question","license":"U","title":"Q7- True\/False Question"},"subContentId":"0fc56d7a-4fc2-47a1-8b9a-b57c2cd4158a"},"useSeparator":"auto"},{"content":{"params":{"contentName":"Image","decorative":false,"file":{"path":"images\/file-646e22ad152f1.jpeg","mime":"image\/jpeg","copyright":{"license":"U"},"width":1300,"height":264},"expandImage":"Expand Image","minimizeImage":"Minimize Image"},"library":"H5P.Image 1.1","metadata":{"contentType":"Image","license":"U","title":"Untitled Image"},"subContentId":"b2e9728f-d080-405f-9475-f3a24dc5e3da"},"useSeparator":"enabled"},{"content":{"params":{"playerMode":"minimalistic","fitToWrapper":false,"controls":true,"autoplay":false,"playAudio":"Play audio","pauseAudio":"Pause audio","contentName":"Audio","audioNotSupported":"Your browser does not support this audio","files":[{"path":"audios\/files-60ead2744f8e1.mp3","mime":"audio\/mpeg","copyright":{"license":"U"}}]},"library":"H5P.Audio 1.5","metadata":{"contentType":"Audio","license":"U","title":"Untitled Audio"},"subContentId":"97c9be98-46c5-4e09-8d7d-7eda5e78fa0b"},"useSeparator":"auto"},{"content":{"params":{"taskDescription":"<p><strong>Q.8. Drag the words into the correct boxes.<\/strong><\/p>\n","overallFeedback":[{"from":0,"to":98,"feedback":"Sorry, it is incorrect."},{"from":99,"to":100,"feedback":"Incredible ! You got it right."}],"checkAnswer":"Check","tryAgain":"Retry","showSolution":"Show solution","dropZoneIndex":"Drop Zone @index.","empty":"Drop Zone @index is empty.","contains":"Drop Zone @index contains draggable @draggable.","ariaDraggableIndex":"@index of @count draggables.","tipLabel":"Show tip","correctText":"Correct!","incorrectText":"Incorrect!","resetDropTitle":"Reset drop","resetDropDescription":"Are you sure you want to reset this drop zone?","grabbed":"Draggable is grabbed.","cancelledDragging":"Cancelled dragging.","correctAnswer":"Correct answer:","feedbackHeader":"Feedback","behaviour":{"enableRetry":false,"enableSolutionsButton":true,"enableCheckButton":true,"instantFeedback":false},"scoreBarLabel":"You got :num out of :total points","a11yCheck":"Check the answers. The responses will be marked as correct, incorrect, or unanswered.","a11yShowSolution":"Show the solution. The task will be marked with its correct solution.","a11yRetry":"Retry the task. Reset all responses and start the task over again.","textField":"We should cover our mouth with a *handkerchief\\+Correct! \\-Incorrect!* while coughing and *sneezing\\+Correct! \\-Incorrect!*.","submitAnswer":"Submit","media":{"disableImageZooming":false}},"library":"H5P.DragText 1.10","metadata":{"contentType":"Drag the Words","license":"U","title":"Q8- Drag Text"},"subContentId":"f3603b90-3d72-448b-a727-9caea8206039"},"useSeparator":"auto"},{"content":{"params":{"contentName":"Image","decorative":false,"file":{"path":"images\/file-646e22d95a18a.jpeg","mime":"image\/jpeg","copyright":{"license":"U"},"width":1300,"height":267},"expandImage":"Expand Image","minimizeImage":"Minimize Image"},"library":"H5P.Image 1.1","metadata":{"contentType":"Image","license":"U","title":"Untitled Image"},"subContentId":"b5bd546e-143a-4a9f-a2e2-2d8080bdeba2"},"useSeparator":"enabled"},{"content":{"params":{"playerMode":"minimalistic","fitToWrapper":false,"controls":true,"autoplay":false,"playAudio":"Play audio","pauseAudio":"Pause audio","contentName":"Audio","audioNotSupported":"Your browser does not support this audio","files":[{"path":"audios\/files-60ead598118bc.mp3","mime":"audio\/mpeg","copyright":{"license":"U"}}]},"library":"H5P.Audio 1.5","metadata":{"contentType":"Audio","license":"U","title":"Untitled Audio"},"subContentId":"8753cd6c-5f55-4672-9f6a-aa2da8fc5d50"},"useSeparator":"auto"},{"content":{"params":{"media":{"disableImageZooming":false},"correct":"false","behaviour":{"enableRetry":false,"enableSolutionsButton":true,"enableCheckButton":true,"confirmCheckDialog":false,"confirmRetryDialog":false,"autoCheck":false},"l10n":{"trueText":"True","falseText":"False","score":"You got @score of @total points","checkAnswer":"Check","showSolutionButton":"Show solution","tryAgain":"Retry","wrongAnswerMessage":"Wrong answer","correctAnswerMessage":"Correct answer","scoreBarLabel":"You got :num out of :total points","a11yCheck":"Check the answers. The responses will be marked as correct, incorrect, or unanswered.","a11yShowSolution":"Show the solution. The task will be marked with its correct solution.","a11yRetry":"Retry the task. Reset all responses and start the task over again.","submitAnswer":"Submit"},"confirmCheck":{"header":"Finish ?","body":"Are you sure you wish to finish ?","cancelLabel":"Cancel","confirmLabel":"Finish"},"confirmRetry":{"header":"Retry ?","body":"Are you sure you wish to retry ?","cancelLabel":"Cancel","confirmLabel":"Confirm"},"question":"<p><strong>Q.9.&nbsp;We should consume stale foods and junk foods. Is it true or false?<\/strong><\/p>\n"},"library":"H5P.TrueFalse 1.8","metadata":{"contentType":"True\/False Question","license":"U","title":"Q9- True\/False Question"},"subContentId":"146d5421-88bb-4269-b8eb-f8e0bd5f41c1"},"useSeparator":"auto"},{"content":{"params":{"contentName":"Image","decorative":false,"file":{"path":"images\/file-646e22f1039d4.jpeg","mime":"image\/jpeg","copyright":{"license":"U"},"width":1300,"height":239},"expandImage":"Expand Image","minimizeImage":"Minimize Image"},"library":"H5P.Image 1.1","metadata":{"contentType":"Image","license":"U","title":"Untitled Image"},"subContentId":"e1fa0af9-104d-400e-99ec-b81bbe4528de"},"useSeparator":"enabled"},{"content":{"params":{"playerMode":"minimalistic","fitToWrapper":false,"controls":true,"autoplay":false,"playAudio":"Play audio","pauseAudio":"Pause audio","contentName":"Audio","audioNotSupported":"Your browser does not support this audio","files":[{"path":"audios\/files-60ead61954baa.mp3","mime":"audio\/mpeg","copyright":{"license":"U"}}]},"library":"H5P.Audio 1.5","metadata":{"contentType":"Audio","license":"U","title":"Untitled Audio"},"subContentId":"c0e6ab1a-0c7e-48e6-a1a8-231c527cd3a3"},"useSeparator":"auto"},{"content":{"params":{"media":{"disableImageZooming":false},"correct":"true","behaviour":{"enableRetry":false,"enableSolutionsButton":true,"enableCheckButton":true,"confirmCheckDialog":false,"confirmRetryDialog":false,"autoCheck":false},"l10n":{"trueText":"True","falseText":"False","score":"You got @score of @total points","checkAnswer":"Check","showSolutionButton":"Show solution","tryAgain":"Retry","wrongAnswerMessage":"Wrong answer","correctAnswerMessage":"Correct answer","scoreBarLabel":"You got :num out of :total points","a11yCheck":"Check the answers. The responses will be marked as correct, incorrect, or unanswered.","a11yShowSolution":"Show the solution. The task will be marked with its correct solution.","a11yRetry":"Retry the task. Reset all responses and start the task over again.","submitAnswer":"Submit"},"confirmCheck":{"header":"Finish ?","body":"Are you sure you wish to finish ?","cancelLabel":"Cancel","confirmLabel":"Finish"},"confirmRetry":{"header":"Retry ?","body":"Are you sure you wish to retry ?","cancelLabel":"Cancel","confirmLabel":"Confirm"},"question":"<p><strong>Q.10. Goitre is a non-communicable disease. Is it true or false?<\/strong><\/p>\n"},"library":"H5P.TrueFalse 1.8","metadata":{"contentType":"True\/False Question","license":"U","title":"Q10- True\/False Question"},"subContentId":"d887e20f-84ef-4d68-b1e1-ef33e5a9f753"},"useSeparator":"auto"}]}