{"mode":"repetition","description":"<p style=\"text-align: center;\"><strong>Analyse the given cards and try to guess the correct answers.<\/strong><\/p>\n","dialogs":[{"tips":{},"text":"<p style=\"text-align: center;\"><strong>What is the condition of being safe and free from danger, risk or injury called?<\/strong><\/p>\n","answer":"<p style=\"text-align: center;\"><strong>Safety<\/strong><\/p>\n","image":{"path":"images\/image-60e971579cc59.jpg","mime":"image\/jpeg","copyright":{"license":"U"},"width":501,"height":497,"originalImage":{"path":"images\/image-60e971421e780.jpg#tmp","mime":"image\/jpeg","height":1080,"width":1000}},"audio":[{"path":"audios\/audio-60e97642c09b0.mp3","mime":"audio\/mpeg","copyright":{"license":"U"}}]},{"tips":{},"text":"<p style=\"text-align: center;\"><strong>While swimming, we should not push others into the water. Is it true or false?<\/strong><\/p>\n","answer":"<p style=\"text-align: center;\"><strong>True<\/strong><\/p>\n","image":{"path":"images\/image-60e97283ef318.jpg","mime":"image\/jpeg","copyright":{"license":"U"},"width":739,"height":497,"originalImage":{"path":"images\/image-60e971753d3ee.jpg#tmp","mime":"image\/jpeg","height":780,"width":1000}},"audio":[{"path":"audios\/audio-60e97570671e7.mp3","mime":"audio\/mpeg","copyright":{"license":"U"}}]},{"tips":{},"text":"<p style=\"text-align: center;\"><strong>What is the circular thing that we must use while swimming?<\/strong><\/p>\n","answer":"<p style=\"text-align: center;\"><strong>A tube<\/strong><\/p>\n","image":{"path":"images\/image-60e9727748ef6.jpg","mime":"image\/jpeg","copyright":{"license":"U"},"width":672,"height":497,"originalImage":{"path":"images\/image-60e9717c28f91.jpg#tmp","mime":"image\/jpeg","height":856,"width":1000}},"audio":[{"path":"audios\/audio-60ec440da488f.mp3","mime":"audio\/mpeg","copyright":{"license":"U"}}]},{"tips":{},"text":"<p style=\"text-align: center;\"><strong>What is the sudden and unpleasant event which causes injury called?<\/strong><\/p>\n","answer":"<p style=\"text-align: center;\"><strong>Accident<\/strong><\/p>\n","audio":[{"path":"audios\/audio-60e974663eac7.mp3","mime":"audio\/mpeg","copyright":{"license":"U"}}],"image":{"path":"images\/image-646ae2db339e8.png","mime":"image\/png","copyright":{"license":"U"},"width":487,"height":458}},{"tips":{},"text":"<p style=\"text-align: center;\"><strong>We should try to get down from a moving vehicle. Is it true or false?<\/strong><\/p>\n","answer":"<p style=\"text-align: center;\"><strong>False<\/strong><\/p>\n","image":{"path":"images\/image-60e9724a46568.jpg","mime":"image\/jpeg","copyright":{"license":"U"},"width":663,"height":497,"originalImage":{"path":"images\/image-60e9718bddcea.jpg#tmp","mime":"image\/jpeg","height":1080,"width":1000}},"audio":[{"path":"audios\/audio-60e9755bbded8.mp3","mime":"audio\/mpeg","copyright":{"license":"U"}}]},{"tips":{},"text":"<p style=\"text-align: center;\"><strong>What is the main cause of an accident?<\/strong><\/p>\n","answer":"<p style=\"text-align: center;\"><strong>Carelessness<\/strong><\/p>\n","image":{"path":"images\/image-60e97234ece97.jpg","mime":"image\/jpeg","copyright":{"license":"U"},"width":592,"height":497,"originalImage":{"path":"images\/image-60e97192f2f7e.jpg#tmp","mime":"image\/jpeg","height":976,"width":1000}},"audio":[{"path":"audios\/audio-60e97550f3b55.mp3","mime":"audio\/mpeg","copyright":{"license":"U"}}]},{"tips":{},"text":"<p style=\"text-align: center;\"><strong>Where should we cross the roads from?<\/strong><\/p>\n","answer":"<p style=\"text-align: center;\"><strong>Zebra-crossing<\/strong><\/p>\n","image":{"path":"images\/image-60e97227a7ffe.jpg","mime":"image\/jpeg","copyright":{"license":"U"},"width":626,"height":497,"originalImage":{"path":"images\/image-60e9719b398b5.jpg#tmp","mime":"image\/jpeg","height":913,"width":1000}},"audio":[{"path":"audios\/audio-60e9754808e52.mp3","mime":"audio\/mpeg","copyright":{"license":"U"}}]},{"tips":{},"text":"<p style=\"text-align: center;\"><strong>What is the help given to an injured person before getting medical treatment called?<\/strong><\/p>\n","answer":"<p style=\"text-align: center;\"><strong>First aid<\/strong><\/p>\n","image":{"path":"images\/image-60e9721c15f3e.jpg","mime":"image\/jpeg","copyright":{"license":"U"},"width":735,"height":497,"originalImage":{"path":"images\/image-60e971a1d0157.jpg#tmp","mime":"image\/jpeg","height":780,"width":1000}},"audio":[{"path":"audios\/audio-60e975404b889.mp3","mime":"audio\/mpeg","copyright":{"license":"U"}}]},{"tips":{},"text":"<p style=\"text-align: center;\"><strong>We should keep a first aid box at our home, in school bus and school. Is it true or false?<\/strong><\/p>\n","answer":"<p style=\"text-align: center;\"><strong>True<\/strong><\/p>\n","image":{"path":"images\/image-60e972132236a.jpg","mime":"image\/jpeg","copyright":{"license":"U"},"width":779,"height":497,"originalImage":{"path":"images\/image-60e971aa477e5.jpg#tmp","mime":"image\/jpeg","height":780,"width":1000}},"audio":[{"path":"audios\/audio-60e9753aa06a4.mp3","mime":"audio\/mpeg","copyright":{"license":"U"}}]},{"tips":{},"text":"<p style=\"text-align: center;\"><strong>We should use a blade to sharpen a pencil. Is it true or false?<\/strong><\/p>\n","answer":"<p style=\"text-align: center;\"><strong>False<\/strong><\/p>\n","image":{"path":"images\/image-60e97208db621.jpg","mime":"image\/jpeg","copyright":{"license":"U"},"width":485,"height":497,"originalImage":{"path":"images\/image-60e971f44281a.jpg#tmp","mime":"image\/jpeg","height":1080,"width":1000}},"audio":[{"path":"audios\/audio-60e9752fa7c63.mp3","mime":"audio\/mpeg","copyright":{"license":"U"}}]}],"behaviour":{"enableRetry":true,"disableBackwardsNavigation":false,"scaleTextNotCard":false,"randomCards":false,"maxProficiency":5,"quickProgression":false},"answer":"Turn","next":"Next","prev":"Previous","retry":"Retry","correctAnswer":"I got it right!","incorrectAnswer":"I got it wrong","round":"Round @round","cardsLeft":"Cards left: @number","nextRound":"Proceed to round @round","startOver":"Start over","showSummary":"Next","summary":"Summary","summaryCardsRight":"Cards you got right:","summaryCardsWrong":"Cards you got wrong:","summaryCardsNotShown":"Cards in pool not shown:","summaryOverallScore":"Overall Score","summaryCardsCompleted":"Cards you have completed learning:","summaryCompletedRounds":"Completed rounds:","summaryAllDone":"Well done! You got all @cards cards correct @max times in a row!","progressText":"Card @card of @total","cardFrontLabel":"Card front","cardBackLabel":"Card back","tipButtonLabel":"Show tip","audioNotSupported":"Your browser does not support this audio","confirmStartingOver":{"header":"Start over?","body":"All progress will be lost. Are you sure you want to start over?","cancelLabel":"Cancel","confirmLabel":"Start over"},"title":"<p style=\"text-align: center;\"><strong>Safety and First Aid<\/strong><\/p>\n"}