{"mode":"repetition","description":"<p style=\"text-align: center;\"><strong>Did you know about search engines?<\/strong><\/p>\n","dialogs":[{"tips":{},"text":"<p style=\"text-align: center;\"><strong>Whats the main technology used for gaining any information at present?<\/strong><\/p>\n","answer":"<p style=\"text-align: center;\"><strong>Internet<\/strong><\/p>\n","image":{"path":"images\/image-60f2ee6a77a70.jpg","mime":"image\/jpeg","copyright":{"license":"U"},"width":802,"height":720}},{"tips":{},"text":"<p style=\"text-align: center;\"><strong>Why do so many people use the internet to find information?<\/strong><\/p>\n","answer":"<p style=\"text-align: center;\"><strong>Internet is one of the biggest libraries in the world. It has almost all the info you need.<\/strong><\/p>\n","image":{"path":"images\/image-60f2eea643ed8.jpg","mime":"image\/jpeg","copyright":{"license":"U"},"width":1380,"height":783}},{"tips":{},"text":"<p style=\"text-align: center;\"><strong>What is used to search information ?<\/strong><\/p>\n","answer":"<p style=\"text-align: center;\"><strong>Search Engine.<\/strong><\/p>\n","image":{"path":"images\/image-60f2eef39790a.jpg","mime":"image\/jpeg","copyright":{"license":"U"},"width":800,"height":445}},{"tips":{},"text":"<p style=\"text-align: center;\"><strong>What can you do when you don't know the address to a particular website?<\/strong><\/p>\n","answer":"<p style=\"text-align: center;\"><strong>You can search for it in search engine.<\/strong><\/p>\n","image":{"path":"images\/image-60f2f6a7ea353.png","mime":"image\/png","copyright":{"license":"U"},"width":1600,"height":840}},{"tips":{},"text":"<p style=\"text-align: center;\"><strong>How does a search engine work?<\/strong><\/p>\n","answer":"<p style=\"text-align: center;\"><strong>A search engine will scan through thousands of websites and web pages on the internet and give you the information that you are looking for.<\/strong><\/p>\n","image":{"path":"images\/image-60f2ef5bb661f.png","mime":"image\/png","copyright":{"license":"U"},"width":512,"height":354}},{"tips":{},"text":"<p style=\"text-align: center;\"><strong>What is the default search engine that comes with google chrome?<\/strong><\/p>\n","answer":"<p style=\"text-align: center;\"><strong>Google search engine.<\/strong><\/p>\n","image":{"path":"images\/image-65847c321d542.png","mime":"image\/png","copyright":{"license":"U"},"width":786,"height":408}},{"tips":{},"text":"<p style=\"text-align: center;\"><strong>What type of information can you get in search engine?<\/strong><\/p>\n","answer":"<p style=\"text-align: center;\"><strong>Basically any information that is accessible in the World Wide Web.<\/strong><\/p>\n","image":{"path":"images\/image-60f2f06987aec.png","mime":"image\/png","copyright":{"license":"U"},"width":640,"height":480}},{"tips":{},"text":"<p style=\"text-align: center;\"><strong>What are some popular search engines?<\/strong><\/p>\n","answer":"<p style=\"text-align: center;\"><strong>Google, Bing, Yahoo, etc.<\/strong><\/p>\n","image":{"path":"images\/image-60f2f074d0f09.jpg","mime":"image\/jpeg","copyright":{"license":"U"},"width":800,"height":445}},{"tips":{},"text":"<p style=\"text-align: center;\"><strong>How do you search in search engines?<\/strong><\/p>\n","answer":"<p style=\"text-align: center;\"><strong>Open any search engine and you can type main keywords for your search. You can type questions as well.<\/strong><\/p>\n","image":{"path":"images\/image-60f2f61812d91.jpg","mime":"image\/jpeg","copyright":{"license":"U"},"width":1732,"height":1276}},{"tips":{},"text":"<p style=\"text-align: center;\"><strong>How has search engine improved over time?<\/strong><\/p>\n","answer":"<p style=\"text-align: center;\"><strong>Search engine now can assist you by guessing what you are actually gonna search for. It can predict.<\/strong><\/p>\n","image":{"path":"images\/image-60f2f5fa02487.png","mime":"image\/png","copyright":{"license":"U"},"width":1000,"height":902}}],"behaviour":{"enableRetry":true,"disableBackwardsNavigation":false,"scaleTextNotCard":false,"randomCards":false,"maxProficiency":5,"quickProgression":false},"answer":"Turn","next":"Next","prev":"Previous","retry":"Retry","correctAnswer":"I got it right!","incorrectAnswer":"I got it wrong","round":"Round @round","cardsLeft":"Cards left: @number","nextRound":"Proceed to round @round","startOver":"Start over","showSummary":"Next","summary":"Summary","summaryCardsRight":"Cards you got right:","summaryCardsWrong":"Cards you got wrong:","summaryCardsNotShown":"Cards in pool not shown:","summaryOverallScore":"Overall Score","summaryCardsCompleted":"Cards you have completed learning:","summaryCompletedRounds":"Completed rounds:","summaryAllDone":"Well done! You got all @cards cards correct @max times in a row!","progressText":"Card @card of @total","cardFrontLabel":"Card front","cardBackLabel":"Card back","tipButtonLabel":"Show tip","audioNotSupported":"Your browser does not support this audio","confirmStartingOver":{"header":"Start over?","body":"All progress will be lost. Are you sure you want to start over?","cancelLabel":"Cancel","confirmLabel":"Start over"},"title":"<p>&nbsp;&nbsp;<\/p>\n"}