{"cards":[{"text":"_____ statement is used to end the program.","answer":"END","image":{"path":"images\/image-60fa36771c415.png","mime":"image\/png","copyright":{"license":"U"},"width":225,"height":225},"tip":""},{"text":"_____ statement supplies data to the variables in READ statement.","answer":"DATA","image":{"path":"images\/image-60fa361ca0d81.jpg","mime":"image\/jpeg","copyright":{"license":"U"},"width":338,"height":338},"tip":""},{"text":"___ statement accepts data to a variable which are stored in DATA statement.","answer":"READ","image":{"path":"images\/image-60fa35ec9a0b7.png","mime":"image\/png","copyright":{"license":"U"},"width":282,"height":179},"tip":""},{"text":"_______ statement displays the value or values of variables on the screen.","answer":"PRINT","image":{"path":"images\/image-60fa3592555de.png","mime":"image\/png","copyright":{"license":"U"},"width":838,"height":720},"tip":""},{"text":"___ is used to assign value to a variable.","answer":"LET","image":{"path":"images\/image-60fa35561dd7e.png","mime":"image\/png","copyright":{"license":"U"},"width":265,"height":239,"originalImage":{"path":"images\/image-60fa354f459b2.png#tmp","mime":"image\/png","height":250,"width":1200}},"tip":""},{"text":"You can type ______ instead of REM statement.","answer":"Apostrophe\/&#039;","image":{"path":"images\/image-60fa35310d84e.png","mime":"image\/png","copyright":{"license":"U"},"width":200,"height":200},"tip":""},{"text":"____ command is used to put remarks to a program or a line of statement to  make the code more understandable.","answer":"REM","image":{"path":"images\/image-60fa34f5b1a18.gif","mime":"image\/gif","copyright":{"license":"U"},"width":512,"height":260},"tip":""},{"text":"____ statement is used as the first line of every program so that the screen is  cleared each time the program runs.","answer":"CLS","image":{"path":"images\/image-60fa34c2de427.png","mime":"image\/png","copyright":{"license":"U"},"width":305,"height":165},"tip":""},{"text":"______ is the grammar of writing a statement in a  language.","answer":"Syntax","image":{"path":"images\/image-60fa34814e683.png","mime":"image\/png","copyright":{"license":"U"},"width":315,"height":240,"originalImage":{"path":"images\/image-60fa3478680e9.png#tmp","mime":"image\/png","height":250,"width":1200}},"tip":""},{"text":"_______ statement is an instruction used in QBASIC to perform a specific task  in a program.","answer":"QBASIC","image":{"path":"images\/image-60fa345c4ea8e.jpg","mime":"image\/jpeg","copyright":{"license":"U"},"width":1280,"height":720},"tip":""}],"progressText":"Card @card of @total","next":"Next","previous":"Previous","checkAnswerText":"Check","showSolutionsRequiresInput":true,"defaultAnswerText":"Your answer","correctAnswerText":"Correct","incorrectAnswerText":"Incorrect","showSolutionText":"Correct answer","results":"Results","ofCorrect":"@score of @total correct","showResults":"Show results","answerShortText":"A:","retry":"Retry","caseSensitive":false,"cardAnnouncement":"Incorrect answer. Correct answer was @answer","pageAnnouncement":"Page @current of @total","description":"Guess the correct answer.","correctAnswerAnnouncement":"@answer is correct.","randomCards":false}