{"mode":"repetition","description":"<p style=\"text-align: center;\"><strong>Learn about HTML<\/strong><\/p>\n","dialogs":[{"tips":{},"text":"<p style=\"text-align: center;\"><strong>What does HTML stands for?<\/strong><\/p>\n","answer":"<p style=\"text-align: center;\"><strong>Hypertext Markup Language<\/strong><\/p>\n","image":{"path":"images\/image-60f5255b757fa.jpg","mime":"image\/jpeg","copyright":{"license":"U"},"width":1920,"height":1080}},{"tips":{},"text":"<p style=\"text-align: center;\"><strong>What is HTML used for?<\/strong><\/p>\n","answer":"<p style=\"text-align: center;\"><strong>It is a widely used language to write web pages of a website.<\/strong><\/p>\n","image":{"path":"images\/image-60f5257f92c4a.jpg","mime":"image\/jpeg","copyright":{"license":"U"},"width":1280,"height":640}},{"tips":{},"text":"<p style=\"text-align: center;\"><strong>Who developed HTML?<\/strong><\/p>\n","answer":"<p style=\"text-align: center;\"><strong>Tim Berner Lee<\/strong><\/p>\n","image":{"path":"images\/image-60f525a3f374c.png","mime":"image\/png","copyright":{"license":"U"},"width":700,"height":525}},{"tips":{},"text":"<p style=\"text-align: center;\"><strong>When was HTML first introduced?<\/strong><\/p>\n","answer":"<p style=\"text-align: center;\"><strong>1990 A.D.<\/strong><\/p>\n","image":{"path":"images\/image-60f525ace8ce5.jpg","mime":"image\/jpeg","copyright":{"license":"U"},"width":1920,"height":1707}},{"tips":{},"text":"<p style=\"text-align: center;\"><strong>What does mark up mean in HTML?<\/strong><\/p>\n","answer":"<p style=\"text-align: center;\"><strong>It &nbsp;simply means to \"mark up\" a text document with tags.<\/strong><\/p>\n","image":{"path":"images\/image-60f525cad7d69.jpg","mime":"image\/jpeg","copyright":{"license":"U"},"width":400,"height":400}},{"tips":{},"text":"<p style=\"text-align: center;\"><strong>What are some available HTML versions?<\/strong><\/p>\n","answer":"<p style=\"text-align: center;\"><strong>HTML<br>\nHTML+<br>\nHTML 5<\/strong><\/p>\n","image":{"path":"images\/image-60ff775b5e707.png","mime":"image\/png","copyright":{"license":"U"},"width":787,"height":422}},{"tips":{},"text":"<p style=\"text-align: center;\"><strong>What does hypertext in HTML mean?<\/strong><\/p>\n","answer":"<p style=\"text-align: center;\"><strong>Hypertext refers to the way in which Web pages HTML documents are linked.<\/strong><\/p>\n","image":{"path":"images\/image-60f52673d63cf.jpg","mime":"image\/jpeg","copyright":{"license":"U"},"width":1920,"height":1320}},{"tips":{},"text":"<p style=\"text-align: center;\"><strong>What was HTML originally designed for?<\/strong><\/p>\n","answer":"<p style=\"text-align: center;\"><strong>To define structure of document like header, paragraph, etc.<\/strong><\/p>\n","image":{"path":"images\/image-60f52683917ab.jpg","mime":"image\/jpeg","copyright":{"license":"U"},"width":238,"height":250}},{"tips":{},"text":"<p style=\"text-align: center;\"><strong>Where are HTML pages displayed?<\/strong><\/p>\n","answer":"<p style=\"text-align: center;\"><strong>In web browsers.<\/strong><\/p>\n","image":{"path":"images\/image-60f526ab0b739.jpg","mime":"image\/jpeg","copyright":{"license":"U"},"width":1200,"height":800}},{"tips":{},"text":"<p style=\"text-align: center;\"><strong>Is it difficult to learn HTML?<\/strong><\/p>\n","answer":"<p style=\"text-align: center;\"><strong>No, it is an easy and fun thing to learn.<\/strong><\/p>\n","image":{"path":"images\/image-60ff77ce0852b.png","mime":"image\/png","copyright":{"license":"U"},"width":800,"height":800}}],"behaviour":{"enableRetry":true,"disableBackwardsNavigation":false,"scaleTextNotCard":false,"randomCards":false,"maxProficiency":5,"quickProgression":false},"answer":"Turn","next":"Next","prev":"Previous","retry":"Retry","correctAnswer":"I got it right!","incorrectAnswer":"I got it wrong","round":"Round @round","cardsLeft":"Cards left: @number","nextRound":"Proceed to round @round","startOver":"Start over","showSummary":"Next","summary":"Summary","summaryCardsRight":"Cards you got right:","summaryCardsWrong":"Cards you got wrong:","summaryCardsNotShown":"Cards in pool not shown:","summaryOverallScore":"Overall Score","summaryCardsCompleted":"Cards you have completed learning:","summaryCompletedRounds":"Completed rounds:","summaryAllDone":"Well done! You got all @cards cards correct @max times in a row!","progressText":"Card @card of @total","cardFrontLabel":"Card front","cardBackLabel":"Card back","tipButtonLabel":"Show tip","audioNotSupported":"Your browser does not support this audio","confirmStartingOver":{"header":"Start over?","body":"All progress will be lost. Are you sure you want to start over?","cancelLabel":"Cancel","confirmLabel":"Start over"},"title":"<p>&nbsp;&nbsp;<\/p>\n"}