{"mode":"repetition","description":"<p style=\"text-align: center;\"><strong>Analyse the given cards and try to guess the correct answers.<\/strong><\/p>\n","dialogs":[{"tips":{},"text":"<p style=\"text-align: center;\"><strong>A drill is an easy and simple physical exercise. Is it true or false?<\/strong><\/p>\n","answer":"<p style=\"text-align: center;\"><strong>True<\/strong><\/p>\n","audio":[{"path":"audios\/audio-60ec64d119c03.mp3","mime":"audio\/mpeg","copyright":{"license":"U"}}],"image":{"path":"images\/image-60ec6d1da367e.jpg","mime":"image\/jpeg","copyright":{"license":"U"},"width":776,"height":497,"originalImage":{"path":"images\/image-60ec6d105f374.jpg#tmp","mime":"image\/jpeg","height":780,"width":1000}}},{"tips":{},"text":"<p style=\"text-align: center;\"><strong>What is the state of alert in a drill called?<\/strong><\/p>\n","answer":"<p style=\"text-align: center;\"><strong>Attention<\/strong><\/p>\n","audio":[{"path":"audios\/audio-60ec64d79f168.mp3","mime":"audio\/mpeg","copyright":{"license":"U"}}],"image":{"path":"images\/image-60ec6d011b719.jpg","mime":"image\/jpeg","copyright":{"license":"U"},"width":431,"height":497,"originalImage":{"path":"images\/image-60ec6cf8eccf0.jpg#tmp","mime":"image\/jpeg","height":1080,"width":1000}}},{"tips":{},"text":"<p style=\"text-align: center;\"><strong>In which drill command do we stand in a straight line keeping equal distance among friends?<\/strong><\/p>\n","answer":"<p style=\"text-align: center;\"><strong>Standing in a queue<\/strong><\/p>\n","audio":[{"path":"audios\/audio-60ec64f1596d4.mp3","mime":"audio\/mpeg","copyright":{"license":"U"}}],"image":{"path":"images\/image-60ec71e691817.jpg","mime":"image\/jpeg","copyright":{"license":"U"},"width":825,"height":484,"originalImage":{"path":"images\/image-60ec71dba2ef5.jpg#tmp","mime":"image\/jpeg","height":780,"width":1000}}},{"tips":{},"text":"<p style=\"text-align: center;\"><strong>In the command Stand-at-ease,&nbsp;we should lift our left leg up and then place about half feet apart from the right leg. Is it true or false?<\/strong><\/p>\n","answer":"<p style=\"text-align: center;\"><strong>True<\/strong><\/p>\n","audio":[{"path":"audios\/audio-60ec64540f3af.mp3","mime":"audio\/mpeg","copyright":{"license":"U"}}],"image":{"path":"images\/image-60ec6ae8b48aa.jpg","mime":"image\/jpeg","copyright":{"license":"U"},"width":173,"height":333,"originalImage":{"path":"images\/image-60ec6adcc2cdf.jpg#tmp","mime":"image\/jpeg","height":345,"width":460}}},{"tips":{},"text":"<p style=\"text-align: center;\"><strong>Which drill command does the picture above show?<\/strong><\/p>\n","audio":[{"path":"audios\/audio-60ec64fc33f17.mp3","mime":"audio\/mpeg","copyright":{"license":"U"}}],"image":{"path":"images\/image-60ec712799b99.jpg","mime":"image\/jpeg","copyright":{"license":"U"},"width":825,"height":433,"originalImage":{"path":"images\/image-60ec711b17467.jpg#tmp","mime":"image\/jpeg","height":780,"width":1000}},"answer":"<p style=\"text-align: center;\"><strong>Walking in a queue<\/strong><\/p>\n"},{"tips":{},"text":"<p style=\"text-align: center;\"><strong>In the command attention, where should our hands be?<\/strong><\/p>\n","answer":"<p style=\"text-align: center;\"><strong>Straight down with legs<\/strong><\/p>\n","audio":[{"path":"audios\/audio-60ec63375edd5.mp3","mime":"audio\/mpeg","copyright":{"license":"U"}}],"image":{"path":"images\/image-60ec6ce6ec615.jpg","mime":"image\/jpeg","copyright":{"license":"U"},"width":521,"height":497,"originalImage":{"path":"images\/image-60ec6b610b16d.jpg#tmp","mime":"image\/jpeg","height":1080,"width":1000}}},{"tips":{},"text":"<p style=\"text-align: center;\"><strong>Drills include activities like attention, stand-at-ease, stand-at-rest, standing in a queue and walking in a queue. Is it true or false?<\/strong><\/p>\n","answer":"<p style=\"text-align: center;\"><strong>True<\/strong><\/p>\n","image":{"path":"images\/image-60ec6d471ecc7.jpg","mime":"image\/jpeg","copyright":{"license":"U"},"width":824,"height":342,"originalImage":{"path":"images\/image-60ec6d3b2adb9.jpg#tmp","mime":"image\/jpeg","height":1086,"width":2597}},"audio":[{"path":"audios\/audio-65af6e86e10d8.wav","mime":"audio\/x-wav","copyright":{"license":"U"}}]},{"tips":{},"text":"<p style=\"text-align: center;\"><strong>In the command Standing in a queue,&nbsp;we walk in a straight line (in a queue) without touching one another's body. Is it true or false?<\/strong><\/p>\n","answer":"<p style=\"text-align: center;\"><strong>False<\/strong><\/p>\n","image":{"path":"images\/image-60ec6bdb8d342.jpg","mime":"image\/jpeg","copyright":{"license":"U"},"width":825,"height":354,"originalImage":{"path":"images\/image-60ec6bd316f4e.jpg#tmp","mime":"image\/jpeg","height":780,"width":1000}},"audio":[{"path":"audios\/audio-60f423fa018ba.mp3","mime":"audio\/mpeg","copyright":{"license":"U"}}]},{"tips":{},"text":"<p style=\"text-align: center;\"><strong>Drill does not help in the physical development of the body. Is it true or false?<\/strong><\/p>\n","answer":"<p style=\"text-align: center;\"><strong>False<\/strong><\/p>\n","audio":[{"path":"audios\/audio-60ec652293845.mp3","mime":"audio\/mpeg","copyright":{"license":"U"}}],"image":{"path":"images\/image-60ec6ccfba68d.jpg","mime":"image\/jpeg","copyright":{"license":"U"},"width":523,"height":497,"originalImage":{"path":"images\/image-60ec6cc05bfb7.jpg#tmp","mime":"image\/jpeg","height":1080,"width":1000}}},{"tips":{},"text":"<p style=\"text-align: center;\"><strong>Playing football is also a drill command. Is it true or false?<\/strong><\/p>\n","answer":"<p style=\"text-align: center;\"><strong>False<\/strong><\/p>\n","audio":[{"path":"audios\/audio-60ec6530a4135.mp3","mime":"audio\/mpeg","copyright":{"license":"U"}}],"image":{"path":"images\/image-60ec6c0d428dc.jpg","mime":"image\/jpeg","copyright":{"license":"U"},"width":825,"height":472,"originalImage":{"path":"images\/image-60ec6c015dea7.jpg#tmp","mime":"image\/jpeg","height":780,"width":1000}}}],"behaviour":{"enableRetry":true,"disableBackwardsNavigation":false,"scaleTextNotCard":false,"randomCards":false,"maxProficiency":5,"quickProgression":false},"answer":"Turn","next":"Next","prev":"Previous","retry":"Retry","correctAnswer":"I got it right!","incorrectAnswer":"I got it wrong","round":"Round @round","cardsLeft":"Cards left: @number","nextRound":"Proceed to round @round","startOver":"Start over","showSummary":"Next","summary":"Summary","summaryCardsRight":"Cards you got right:","summaryCardsWrong":"Cards you got wrong:","summaryCardsNotShown":"Cards in pool not shown:","summaryOverallScore":"Overall Score","summaryCardsCompleted":"Cards you have completed learning:","summaryCompletedRounds":"Completed rounds:","summaryAllDone":"Well done! You got all @cards cards correct @max times in a row!","progressText":"Card @card of @total","cardFrontLabel":"Card front","cardBackLabel":"Card back","tipButtonLabel":"Show tip","audioNotSupported":"Your browser does not support this audio","confirmStartingOver":{"header":"Start over?","body":"All progress will be lost. Are you sure you want to start over?","cancelLabel":"Cancel","confirmLabel":"Start over"},"title":"<p style=\"text-align: center;\"><strong>Drill<\/strong><\/p>\n"}