{"mode":"repetition","description":"<p style=\"text-align: center;\"><strong>Answer the questions properly.<\/strong><\/p>\n","behaviour":{"enableRetry":true,"disableBackwardsNavigation":false,"scaleTextNotCard":false,"randomCards":false,"maxProficiency":5,"quickProgression":false},"answer":"Turn","next":"Next","prev":"Previous","retry":"Retry","correctAnswer":"I got it right!","incorrectAnswer":"I got it wrong","round":"Round @round","cardsLeft":"Cards left: @number","nextRound":"Proceed to round @round","startOver":"Start over","showSummary":"Next","summary":"Summary","summaryCardsRight":"Cards you got right:","summaryCardsWrong":"Cards you got wrong:","summaryCardsNotShown":"Cards in pool not shown:","summaryOverallScore":"Overall Score","summaryCardsCompleted":"Cards you have completed learning:","summaryCompletedRounds":"Completed rounds:","summaryAllDone":"Well done! You got all @cards cards correct @max times in a row!","progressText":"Card @card of @total","cardFrontLabel":"Card front","cardBackLabel":"Card back","tipButtonLabel":"Show tip","audioNotSupported":"Your browser does not support this audio","confirmStartingOver":{"header":"Start over?","body":"All progress will be lost. Are you sure you want to start over?","cancelLabel":"Cancel","confirmLabel":"Start over"},"title":"<p style=\"text-align: center;\">&nbsp;<strong>Information and Communication<\/strong><\/p>\n","dialogs":[{"tips":{},"text":"<p style=\"text-align: center;\"><strong>Information is the accumulated knowledge or details about<br>\nsomebody or something.<br>\nTrue or False?<\/strong><\/p>\n","answer":"<p style=\"text-align: center;\"><strong>True<\/strong><\/p>\n","image":{"path":"images\/image-61055867bbb3c.png","mime":"image\/png","copyright":{"license":"U"},"width":1000,"height":1000}},{"tips":{},"text":"<p style=\"text-align: center;\"><strong>Which popular social media is this?<\/strong><\/p>\n","answer":"<p style=\"text-align: center;\"><strong>Facebook<\/strong><\/p>\n","image":{"path":"images\/image-60ebc302306f8.jpg","mime":"image\/jpeg","copyright":{"license":"U"},"width":238,"height":250}},{"tips":{},"text":"<p style=\"text-align: center;\"><strong>Is a telephone network required to operate fax?<br>\nYes or No?<\/strong><\/p>\n","answer":"<p style=\"text-align: center;\"><strong>Yes<\/strong><\/p>\n","image":{"path":"images\/image-610558be6354a.png","mime":"image\/png","copyright":{"license":"U"},"width":1000,"height":813}},{"tips":{},"text":"<p style=\"text-align: center;\"><strong>Identify this means of information.<\/strong><\/p>\n","answer":"<p style=\"text-align: center;\"><strong>Radio<\/strong><\/p>\n","image":{"path":"images\/image-610557fa4d51f.png","mime":"image\/png","copyright":{"license":"U"},"width":1000,"height":936}},{"tips":{},"answer":"<p style=\"text-align: center;\"><strong>Yes<\/strong><\/p>\n","text":"<p style=\"text-align: center;\"><strong>Is mobile a means of communication?<br>\nYes or No?<\/strong><\/p>\n","image":{"path":"images\/image-610556040b6a3.png","mime":"image\/png","copyright":{"license":"U"},"width":949,"height":987}},{"tips":{},"text":"<p style=\"text-align: center;\"><strong>Television is a not source of entertainment as well as information.<br>\nYes or No?<\/strong><\/p>\n","answer":"<p style=\"text-align: center;\"><strong>No<\/strong><\/p>\n","image":{"path":"images\/image-61055672de82e.png","mime":"image\/png","copyright":{"license":"U"},"width":984,"height":661}},{"tips":{},"text":"<p style=\"text-align: center;\"><strong>Is the Internet a means of communication or information?<\/strong><\/p>\n","answer":"<p style=\"text-align: center;\"><strong>Both<\/strong><\/p>\n","image":{"path":"images\/image-610556c601851.png","mime":"image\/png","copyright":{"license":"U"},"width":999,"height":999}},{"tips":{},"text":"<p style=\"text-align: center;\"><strong>Is communication the process of expressing ideas and feelings or giving people information?<br>\nYes or No?<\/strong><\/p>\n","answer":"<p style=\"text-align: center;\"><strong>Yes<\/strong><\/p>\n","image":{"path":"images\/image-60e9ac55c998a.jpg","mime":"image\/jpeg","copyright":{"license":"U"},"width":238,"height":250}},{"tips":{},"text":"<p style=\"text-align: center;\"><strong>We cannot get information from newspapers.<br>\nTrue or False?<\/strong><\/p>\n","answer":"<p style=\"text-align: center;\"><strong>False<\/strong><\/p>\n","image":{"path":"images\/image-61055726d1378.png","mime":"image\/png","copyright":{"license":"U"},"width":1000,"height":816}},{"tips":{},"text":"<p style=\"text-align: center;\"><strong>Can we use the Internet to collect information?<br>\nYes or No?<\/strong><\/p>\n","answer":"<p style=\"text-align: center;\"><strong>Yes<\/strong><\/p>\n","image":{"path":"images\/image-6105576f839ff.png","mime":"image\/png","copyright":{"license":"U"},"width":1000,"height":1000}}]}