{"cards":[{"tip":"","text":"It is the use of scientific knowledge, experience and resources to create processes and products that fulfill human needs.","answer":"Technology","image":{"path":"images\/image-6103974749eba.jpg","mime":"image\/jpeg","copyright":{"license":"U"},"width":1024,"height":566}},{"tip":"","text":"Communication is used to broadcast information such as ______ &amp; weather reports effectively.","answer":"News","image":{"path":"images\/image-6103974ea4f7a.jpg","mime":"image\/jpeg","copyright":{"license":"U"},"width":932,"height":620}},{"tip":"","text":"What is the process of interaction and integration among people, companies, and governments worldwide called?","answer":"Globalization","image":{"path":"images\/image-610397525d8f7.png","mime":"image\/png","copyright":{"license":"U"},"width":860,"height":899}},{"tip":"","text":"Digital communication helps to promote _______ environment.","answer":"Paperless","image":{"path":"images\/image-610397556cae3.png","mime":"image\/png","copyright":{"license":"U"},"width":264,"height":163}},{"tip":"","text":"Traditional means of communication is faster and reliable than current means.[True\/False]","answer":"False","image":{"path":"images\/image-6103975c92a91.jpg","mime":"image\/jpeg","copyright":{"license":"U"},"width":1000,"height":1000}},{"tip":"","text":"It refers to the knowledge obtained from reading, investigation, study or research.","answer":"Information","image":{"path":"images\/image-6103975e7f4a8.png","mime":"image\/png","copyright":{"license":"U"},"width":900,"height":940}},{"tip":"","text":"A person who finds and exploits the weakness in computer systems and\/or networks to gain access for malicious intent.","answer":"Hacker","image":{"path":"images\/image-6103976193043.jpg","mime":"image\/jpeg","copyright":{"license":"U"},"width":2000,"height":1335}},{"tip":"","text":"The usage of Information and Communication Technology (ICT) by the government to provide and facilitate government services.","answer":"E-Governance","image":{"path":"images\/image-610397629f0cf.jpg","mime":"image\/jpeg","copyright":{"license":"U"},"width":500,"height":500}},{"tip":"","text":"Easier access to pornography is an positive impact of ICT. [True\/False]","answer":"False","image":{"path":"images\/image-6103976538cbe.png","mime":"image\/png","copyright":{"license":"U"},"width":512,"height":512}},{"tip":"","text":"The provision of banking and financial services with the help of mobile telecommunication devices.","answer":"Mobile Banking\/E-Banking","image":{"path":"images\/image-6103976ab6d66.jpg","mime":"image\/jpeg","copyright":{"license":"U"},"width":360,"height":360}}],"progressText":"Card @card of @total","next":"Next","previous":"Previous","checkAnswerText":"Check","showSolutionsRequiresInput":true,"defaultAnswerText":"Your answer","correctAnswerText":"Correct","incorrectAnswerText":"Incorrect","showSolutionText":"Correct answer","results":"Results","ofCorrect":"@score of @total correct","showResults":"Show results","answerShortText":"A:","retry":"Retry","caseSensitive":false,"cardAnnouncement":"Incorrect answer. Correct answer was @answer","pageAnnouncement":"Page @current of @total","description":"Read the instructions provided and answer accordingly","correctAnswerAnnouncement":"@answer is correct.","randomCards":false}