{"cards":[{"text":"Accidents are unpleasant event that occur suddenly and cause injury. Yes or No?","answer":"Yes","tip":"","image":{"path":"images\/image-60e93ea863720.jpg","mime":"image\/jpeg","copyright":{"license":"U"},"width":712,"height":497,"originalImage":{"path":"images\/image-60e93e87bfa70.jpg#tmp","mime":"image\/jpeg","height":787,"width":1000}}},{"text":"____ is the state of being safe and protected from accidents.","answer":"Safety","tip":"<p><strong>Danger\/Safety<\/strong><\/p>\n","image":{"path":"images\/image-60e93cf417df8.jpg","mime":"image\/jpeg","copyright":{"license":"U"},"width":755,"height":497,"originalImage":{"path":"images\/image-60e93ce1b9ccf.jpg#tmp","mime":"image\/jpeg","height":780,"width":1000}}},{"text":"We should not cross the road from Zebra crossing. Yes or No?","answer":"No","tip":"","image":{"path":"images\/image-60e93d1381c37.jpg","mime":"image\/jpeg","copyright":{"license":"U"},"width":572,"height":497,"originalImage":{"path":"images\/image-60e93cfd87783.jpg#tmp","mime":"image\/jpeg","height":952,"width":1000}}},{"text":"We should get down from a moving vehicle. Yes or No?","answer":"No","tip":"","image":{"path":"images\/image-60e93d7187b6b.jpg","mime":"image\/jpeg","copyright":{"license":"U"},"width":825,"height":368,"originalImage":{"path":"images\/image-60e93d4e77666.jpg#tmp","mime":"image\/jpeg","height":720,"width":1280}}},{"text":"We should walk from the Footpath while walking on the raod. Yes or No?","answer":"Yes","tip":"","image":{"path":"images\/image-60e93d9dec0df.jpg","mime":"image\/jpeg","copyright":{"license":"U"},"width":543,"height":497,"originalImage":{"path":"images\/image-60e93d8bbce32.jpg#tmp","mime":"image\/jpeg","height":1031,"width":1000}}},{"text":"We should not play with electrical appliances, switches, plugs, and wires. Yes or No?","answer":"Yes","tip":"","image":{"path":"images\/image-60e93dd34300a.jpg","mime":"image\/jpeg","copyright":{"license":"U"},"width":536,"height":497,"originalImage":{"path":"images\/image-60e93dbe39220.jpg#tmp","mime":"image\/jpeg","height":1020,"width":1000}}},{"text":"First Aid is the immediate help given to an injured person until the medical treatment is available. Yes or No?","answer":"Yes","tip":"","image":{"path":"images\/image-60e93dfd6e36b.jpg","mime":"image\/jpeg","copyright":{"license":"U"},"width":426,"height":497,"originalImage":{"path":"images\/image-60e93ddf7c211.jpg#tmp","mime":"image\/jpeg","height":2880,"width":2188}}},{"text":"What is the sudden twisting of a joint called?","answer":"Sprain","tip":"<p><strong>Fracture\/Sprain<\/strong><\/p>\n","image":{"path":"images\/image-60e93e196318d.jpg","mime":"image\/jpeg","copyright":{"license":"U"},"width":350,"height":612}},{"text":"The break or crack in a bone due to an accident is called ____ .","answer":"Fracture","tip":"<p><strong>Fracture\/Sprain<\/strong><\/p>\n","image":{"path":"images\/image-60e93e45a6ead.jpg","mime":"image\/jpeg","copyright":{"license":"U"},"width":467,"height":497,"originalImage":{"path":"images\/image-60e93e2d5f8fc.jpg#tmp","mime":"image\/jpeg","height":1080,"width":1000}}},{"text":"Which disease can bites of animals transmit?","answer":"Rabies","tip":"<p><strong>Rabies\/Chickenpox<\/strong><\/p>\n","image":{"path":"images\/image-60e93e626af34.jpg","mime":"image\/jpeg","copyright":{"license":"U"},"width":626,"height":497,"originalImage":{"path":"images\/image-60e93e55e5a6b.jpg#tmp","mime":"image\/jpeg","height":980,"width":1000}}}],"progressText":"Card @card of @total","next":"Next","previous":"Previous","checkAnswerText":"Check","showSolutionsRequiresInput":true,"defaultAnswerText":"Your answer","correctAnswerText":"Correct","incorrectAnswerText":"Incorrect","showSolutionText":"Correct answer","results":"Results","ofCorrect":"@score of @total correct","showResults":"Show results","answerShortText":"A:","retry":"Retry","caseSensitive":false,"cardAnnouncement":"Incorrect answer. Correct answer was @answer","pageAnnouncement":"Page @current of @total","description":"Read the questions carefully and answer them.","correctAnswerAnnouncement":"@answer is correct.","randomCards":true}