{"cards":[{"image":{"path":"images\/image-60e6a4e9871cc.jpg","mime":"image\/jpeg","copyright":{"license":"U"},"width":1000,"height":758},"text":"What are the substances which have mass and occupies space called?","answer":"Matter","tip":""},{"image":{"path":"images\/image-60e6a52db43d9.jpg","mime":"image\/jpeg","copyright":{"license":"U"},"width":994,"height":815},"text":"Change in state is the process of changing of a substance from one physical state to another. Yes or No?","answer":"Yes","tip":""},{"image":{"path":"images\/image-60e6a5daa18c3.jpg","mime":"image\/jpeg","copyright":{"license":"U"},"width":994,"height":984},"text":"How do you turn ice into water?","answer":"By heating\/Heating","tip":""},{"text":"Liquid wax changes into solid wax on cooling. What is this process called?","answer":"Freezing","image":{"path":"images\/image-60e6a94a644f2.jpg","mime":"image\/jpeg","copyright":{"license":"U"},"width":994,"height":979},"tip":""},{"image":{"path":"images\/image-60e6a81b8f9a0.jpg","mime":"image\/jpeg","copyright":{"license":"U"},"width":1170,"height":780},"text":"What is the conversion of solid into gas called?","answer":"Sublimation","tip":""},{"image":{"path":"images\/image-60e6a911168a9.jpg","mime":"image\/jpeg","copyright":{"license":"U"},"width":999,"height":881},"text":"What is the conversion of liquid into gas called?","answer":"Evaporation","tip":""},{"image":{"path":"images\/image-60e6aa334d038.jpg","mime":"image\/jpeg","copyright":{"license":"U"},"width":883,"height":924},"text":"What is the change of the physical state of matter from the gas phase into the liquid phase called?","answer":"Condensation","tip":""},{"image":{"path":"images\/image-60e6ab1df22eb.jpg","mime":"image\/jpeg","copyright":{"license":"U"},"width":999,"height":681},"text":"Drying wet clothes in the sun is an example of _______.","answer":"evaporation","tip":""},{"image":{"path":"images\/image-60e6abe4f0fa6.jpg","mime":"image\/jpeg","copyright":{"license":"U"},"width":1000,"height":924},"text":"A chocolate bar changes into liquid state on _____.","answer":"melting","tip":""},{"image":{"path":"images\/image-60e6acb0aba41.jpg","mime":"image\/jpeg","copyright":{"license":"U"},"width":999,"height":974},"text":"The conversion of a liquid into its solid state is called _______.","answer":"freezing","tip":""}],"progressText":"Card @card of @total","next":"Next","previous":"Previous","checkAnswerText":"Check","showSolutionsRequiresInput":true,"defaultAnswerText":"Your answer","correctAnswerText":"Correct","incorrectAnswerText":"Incorrect","showSolutionText":"Correct answer","results":"Results","ofCorrect":"@score of @total correct","showResults":"Show results","answerShortText":"A:","retry":"Retry","caseSensitive":false,"cardAnnouncement":"Incorrect answer. Correct answer was @answer","pageAnnouncement":"Page @current of @total","description":"Read the questions properly and fill in the correct answers.","correctAnswerAnnouncement":"@answer is correct.","randomCards":true}