{"mode":"repetition","description":"<p style=\"text-align: center;\"><strong>Guess the answers to the following questions.<\/strong><\/p>\n","dialogs":[{"tips":{},"text":"<p style=\"text-align: center;\"><strong>It is difficult to provide the desired priority in real time OS. True or False?<\/strong><\/p>\n","answer":"<p style=\"text-align: center;\"><strong>False<\/strong><\/p>\n","image":{"path":"images\/image-60eef666588be.png","mime":"image\/png","copyright":{"license":"U"},"width":216,"height":215}},{"tips":{},"text":"<p style=\"text-align: center;\"><strong>Multimedia, virtual reality are examples of ________<\/strong><\/p>\n","answer":"<p style=\"text-align: center;\"><strong>Soft real time system.<\/strong><\/p>\n","image":{"path":"images\/image-60eef5cc086e2.jpg","mime":"image\/jpeg","copyright":{"license":"U"},"width":450,"height":366}},{"tips":{},"text":"<p style=\"text-align: center;\"><strong>In ______ critical real-time task gets priority over other tasks and retains the priority until it completes.<\/strong><\/p>\n","answer":"<p style=\"text-align: center;\"><strong>Soft real time system<\/strong><\/p>\n","image":{"path":"images\/image-60eef5585f912.jpg","mime":"image\/jpeg","copyright":{"license":"U"},"width":626,"height":471}},{"tips":{},"text":"<p style=\"text-align: center;\">_________<strong> systems guarantee that critical tasks complete on time.<\/strong><\/p>\n","answer":"<p style=\"text-align: center;\"><strong>Hard real-time<\/strong><\/p>\n","image":{"path":"images\/image-60eef4f8d5733.jpg","mime":"image\/jpeg","copyright":{"license":"U"},"width":626,"height":500}},{"tips":{},"text":"<p style=\"text-align: center;\"><strong>_______ guarantee that eritical task complete on time.<\/strong><\/p>\n","answer":"<p style=\"text-align: center;\"><strong>Real Time Operating system<\/strong><\/p>\n","image":{"path":"images\/image-60eef4a975a63.jpg","mime":"image\/jpeg","copyright":{"license":"U"},"width":238,"height":250}},{"tips":{},"text":"<p style=\"text-align: center;\"><strong>A real-time operating system must have well-defined, fixed time constraints. True or False?<\/strong><\/p>\n","answer":"<p style=\"text-align: center;\"><strong>True<\/strong><\/p>\n","image":{"path":"images\/image-60eef4695f05f.jpg","mime":"image\/jpeg","copyright":{"license":"U"},"width":338,"height":338}},{"tips":{},"text":"<p style=\"text-align: center;\">______<strong> systems are used when there are rigid time requirements on the operation of a processor.<\/strong><\/p>\n","answer":"<p style=\"text-align: center;\"><strong>Real-time<\/strong><\/p>\n","image":{"path":"images\/image-60eef4462cf71.jpg","mime":"image\/jpeg","copyright":{"license":"U"},"width":626,"height":626}},{"tips":{},"text":"<p style=\"text-align: center;\"><strong>What is the time taken by the system to respond to an input and display of required updated information is termed as ?<\/strong><\/p>\n","answer":"<p style=\"text-align: center;\"><strong>Response time<\/strong><\/p>\n","image":{"path":"images\/image-60eef3f9c04fb.jpg","mime":"image\/jpeg","copyright":{"license":"U"},"width":980,"height":980}},{"tips":{},"text":"<p style=\"text-align: center;\"><strong>A ________ is defined as a data processing system in which the time interval required to process and respond to inputs is so small that it controls the environment.<\/strong><\/p>\n","answer":"<p style=\"text-align: center;\"><strong>Real-time system<\/strong><\/p>\n","image":{"path":"images\/image-60eef34d47df5.jpg","mime":"image\/jpeg","copyright":{"license":"U"},"width":338,"height":338}},{"tips":{},"text":"<p style=\"text-align: center;\"><strong>Real Time Operating system is time sensitive. True or False?<\/strong><\/p>\n","answer":"<p style=\"text-align: center;\"><strong>False<\/strong><\/p>\n","image":{"path":"images\/image-60eef30fe1140.jpg","mime":"image\/jpeg","copyright":{"license":"U"},"width":612,"height":459}}],"behaviour":{"enableRetry":true,"disableBackwardsNavigation":false,"scaleTextNotCard":false,"randomCards":false,"maxProficiency":5,"quickProgression":false},"answer":"Turn","next":"Next","prev":"Previous","retry":"Retry","correctAnswer":"I got it right!","incorrectAnswer":"I got it wrong","round":"Round @round","cardsLeft":"Cards left: @number","nextRound":"Proceed to round @round","startOver":"Start over","showSummary":"Next","summary":"Summary","summaryCardsRight":"Cards you got right:","summaryCardsWrong":"Cards you got wrong:","summaryCardsNotShown":"Cards in pool not shown:","summaryOverallScore":"Overall Score","summaryCardsCompleted":"Cards you have completed learning:","summaryCompletedRounds":"Completed rounds:","summaryAllDone":"Well done! You got all @cards cards correct @max times in a row!","progressText":"Card @card of @total","cardFrontLabel":"Card front","cardBackLabel":"Card back","tipButtonLabel":"Show tip","audioNotSupported":"Your browser does not support this audio","confirmStartingOver":{"header":"Start over?","body":"All progress will be lost. Are you sure you want to start over?","cancelLabel":"Cancel","confirmLabel":"Start over"},"title":""}