{"content":[{"content":{"params":{"taskDescription":"<h3><strong>Drag the words into the correct boxes.<\/strong><\/h3>\n","overallFeedback":[{"from":0,"to":100}],"checkAnswer":"Check","tryAgain":"Retry","showSolution":"Show solution","dropZoneIndex":"Drop Zone @index.","empty":"Drop Zone @index is empty.","contains":"Drop Zone @index contains draggable @draggable.","ariaDraggableIndex":"@index of @count draggables.","tipLabel":"Show tip","correctText":"Correct!","incorrectText":"Incorrect!","resetDropTitle":"Reset drop","resetDropDescription":"Are you sure you want to reset this drop zone?","grabbed":"Draggable is grabbed.","cancelledDragging":"Cancelled dragging.","correctAnswer":"Correct answer:","feedbackHeader":"Feedback","behaviour":{"enableRetry":true,"enableSolutionsButton":true,"enableCheckButton":true,"instantFeedback":false},"scoreBarLabel":"You got :num out of :total points","a11yCheck":"Check the answers. The responses will be marked as correct, incorrect, or unanswered.","a11yShowSolution":"Show the solution. The task will be marked with its correct solution.","a11yRetry":"Retry the task. Reset all responses and start the task over again.","textField":"The SI unit of force is *Newton (N)*.\nThe SI unit of distance is *Metre (m)*.\nThe SI unit of work is *Joule (J)*.","submitAnswer":"Submit","media":{"disableImageZooming":false}},"library":"H5P.DragText 1.10","metadata":{"contentType":"Drag the Words","license":"U","title":"Drag Text"},"subContentId":"bde215a8-92f9-40ac-91fa-e5841c1c02dd"},"useSeparator":"auto"},{"content":{"params":{"media":{"type":{"params":{"contentName":"Image","file":{"path":"images\/file-60eaf63891976.png","mime":"image\/png","copyright":{"license":"U"},"width":580,"height":348},"decorative":false,"expandImage":"Expand Image","minimizeImage":"Minimize Image"},"library":"H5P.Image 1.1","metadata":{"contentType":"Image","license":"U","title":"Untitled Image"},"subContentId":"cf71a8f7-c0f1-4828-80cd-782f6b9bd789"},"disableImageZooming":true},"answers":[{"correct":false,"tipsAndFeedback":{"tip":"","chosenFeedback":"","notChosenFeedback":""},"text":"<div><strong>1,000 J<\/strong><\/div>\n"},{"correct":true,"tipsAndFeedback":{"tip":"","chosenFeedback":"","notChosenFeedback":""},"text":"<div><strong>2,000 J<\/strong><\/div>\n"},{"correct":false,"tipsAndFeedback":{"tip":"","chosenFeedback":"","notChosenFeedback":""},"text":"<div><strong>1,500 J<\/strong><\/div>\n"},{"correct":false,"tipsAndFeedback":{"tip":"","chosenFeedback":"","notChosenFeedback":""},"text":"<div><strong>2,500 J<\/strong><\/div>\n"}],"overallFeedback":[{"from":0,"to":50,"feedback":"Try Again"},{"from":51,"to":100,"feedback":"Excellent"}],"behaviour":{"enableRetry":true,"enableSolutionsButton":true,"enableCheckButton":true,"type":"auto","singlePoint":false,"randomAnswers":true,"showSolutionsRequiresInput":true,"confirmCheckDialog":false,"confirmRetryDialog":false,"autoCheck":false,"passPercentage":100,"showScorePoints":true},"UI":{"checkAnswerButton":"Check","showSolutionButton":"Show solution","tryAgainButton":"Retry","tipsLabel":"Show tip","scoreBarLabel":"You got :num out of :total points","tipAvailable":"Tip available","feedbackAvailable":"Feedback available","readFeedback":"Read feedback","wrongAnswer":"Wrong answer","correctAnswer":"Correct answer","shouldCheck":"Should have been checked","shouldNotCheck":"Should not have been checked","noInput":"Please answer before viewing the solution","a11yCheck":"Check the answers. The responses will be marked as correct, incorrect, or unanswered.","a11yShowSolution":"Show the solution. The task will be marked with its correct solution.","a11yRetry":"Retry the task. Reset all responses and start the task over again.","submitAnswerButton":"Submit"},"confirmCheck":{"header":"Finish ?","body":"Are you sure you wish to finish ?","cancelLabel":"Cancel","confirmLabel":"Finish"},"confirmRetry":{"header":"Retry ?","body":"Are you sure you wish to retry ?","cancelLabel":"Cancel","confirmLabel":"Confirm"},"question":"<h2><strong>A man pushing a car has to overcome a force of 200 N for a distance of 10 m. How much work does he perform?&nbsp;<\/strong><\/h2>\n"},"library":"H5P.MultiChoice 1.16","metadata":{"contentType":"Multiple Choice","license":"U","title":"Multiple Choice Question"},"subContentId":"df8d5150-58e5-45b0-bc05-6c48c943a7a4"},"useSeparator":"auto"},{"content":{"params":{"media":{"type":{"params":{"contentName":"Image","file":{"path":"images\/file-60eaf775b3598.png","mime":"image\/png","copyright":{"license":"U"},"width":614,"height":314},"decorative":false,"expandImage":"Expand Image","minimizeImage":"Minimize Image"},"library":"H5P.Image 1.1","metadata":{"contentType":"Image","license":"U","title":"Untitled Image"},"subContentId":"27f11eb2-66f1-40b4-8478-7aae6e981d21"},"disableImageZooming":true},"text":"<h2><strong>Fill in the blank with the correct answer.<\/strong><\/h2>\n","overallFeedback":[{"from":0,"to":50,"feedback":"Try Again"},{"from":51,"to":100,"feedback":"Excellent"}],"showSolutions":"Show solution","tryAgain":"Retry","checkAnswer":"Check","notFilledOut":"Please fill in all blanks to view solution","answerIsCorrect":"&#039;:ans&#039; is correct","answerIsWrong":"&#039;:ans&#039; is wrong","answeredCorrectly":"Answered correctly","answeredIncorrectly":"Answered incorrectly","solutionLabel":"Correct answer:","inputLabel":"Blank input @num of @total","inputHasTipLabel":"Tip available","tipLabel":"Tip","behaviour":{"enableRetry":true,"enableSolutionsButton":true,"enableCheckButton":true,"autoCheck":false,"caseSensitive":true,"showSolutionsRequiresInput":true,"separateLines":false,"confirmCheckDialog":false,"confirmRetryDialog":false,"acceptSpellingErrors":false},"scoreBarLabel":"You got :num out of :total points","a11yCheck":"Check the answers. The responses will be marked as correct, incorrect, or unanswered.","a11yShowSolution":"Show the solution. The task will be marked with its correct solution.","a11yRetry":"Retry the task. Reset all responses and start the task over again.","a11yCheckingModeHeader":"Checking mode","confirmCheck":{"header":"Finish ?","body":"Are you sure you wish to finish ?","cancelLabel":"Cancel","confirmLabel":"Finish"},"confirmRetry":{"header":"Retry ?","body":"Are you sure you wish to retry ?","cancelLabel":"Cancel","confirmLabel":"Confirm"},"questions":["<p><strong>If a man lifts a load of 10 kg to a height of 2 m, the amount of work done by the man is *200*J.<\/strong><\/p>\n"],"submitAnswer":"Submit"},"library":"H5P.Blanks 1.14","metadata":{"contentType":"Fill in the Blanks","license":"U","title":"Fill in the Blanks"},"subContentId":"9c736854-fcca-459e-b855-a825d7811953"},"useSeparator":"auto"},{"content":{"params":{"media":{"type":{"params":{"contentName":"Image","file":{"path":"images\/file-60eaf85ec1aae.png","mime":"image\/png","copyright":{"license":"U"},"width":570,"height":589},"decorative":false,"expandImage":"Expand Image","minimizeImage":"Minimize Image"},"library":"H5P.Image 1.1","metadata":{"contentType":"Image","license":"U","title":"Untitled Image"},"subContentId":"6011d7d9-7f03-488b-a785-9729ecdd7dff"},"disableImageZooming":true},"answers":[{"correct":false,"tipsAndFeedback":{"tip":"","chosenFeedback":"","notChosenFeedback":""},"text":"<div><strong>10 watt<\/strong><\/div>\n"},{"correct":true,"tipsAndFeedback":{"tip":"","chosenFeedback":"","notChosenFeedback":""},"text":"<div><strong>15 watt<\/strong><\/div>\n"},{"correct":false,"tipsAndFeedback":{"tip":"","chosenFeedback":"","notChosenFeedback":""},"text":"<div><strong>20 watt<\/strong><\/div>\n"},{"correct":false,"tipsAndFeedback":{"tip":"","chosenFeedback":"","notChosenFeedback":""},"text":"<div><strong>23 watt<\/strong><\/div>\n"}],"overallFeedback":[{"from":0,"to":50,"feedback":"Try Again"},{"from":51,"to":100,"feedback":"Excellent"}],"behaviour":{"enableRetry":true,"enableSolutionsButton":true,"enableCheckButton":true,"type":"auto","singlePoint":false,"randomAnswers":true,"showSolutionsRequiresInput":true,"confirmCheckDialog":false,"confirmRetryDialog":false,"autoCheck":false,"passPercentage":100,"showScorePoints":true},"UI":{"checkAnswerButton":"Check","showSolutionButton":"Show solution","tryAgainButton":"Retry","tipsLabel":"Show tip","scoreBarLabel":"You got :num out of :total points","tipAvailable":"Tip available","feedbackAvailable":"Feedback available","readFeedback":"Read feedback","wrongAnswer":"Wrong answer","correctAnswer":"Correct answer","shouldCheck":"Should have been checked","shouldNotCheck":"Should not have been checked","noInput":"Please answer before viewing the solution","a11yCheck":"Check the answers. The responses will be marked as correct, incorrect, or unanswered.","a11yShowSolution":"Show the solution. The task will be marked with its correct solution.","a11yRetry":"Retry the task. Reset all responses and start the task over again.","submitAnswerButton":"Submit"},"confirmCheck":{"header":"Finish ?","body":"Are you sure you wish to finish ?","cancelLabel":"Cancel","confirmLabel":"Finish"},"confirmRetry":{"header":"Retry ?","body":"Are you sure you wish to retry ?","cancelLabel":"Cancel","confirmLabel":"Confirm"},"question":"<h2><strong>If a crane lifts a load of 75 N to a height of 20 m in 100 s, what is the power of the crane?<\/strong><\/h2>\n"},"library":"H5P.MultiChoice 1.16","metadata":{"contentType":"Multiple Choice","license":"U","title":"Multiple Choice Question"},"subContentId":"d5f1dfd2-bb56-401c-9bcf-838419205ea9"},"useSeparator":"auto"},{"content":{"params":{"taskDescription":"<h2><strong>Drag the words into the correct boxes.<\/strong><\/h2>\n","overallFeedback":[{"from":0,"to":100}],"checkAnswer":"Check","tryAgain":"Retry","showSolution":"Show solution","dropZoneIndex":"Drop Zone @index.","empty":"Drop Zone @index is empty.","contains":"Drop Zone @index contains draggable @draggable.","ariaDraggableIndex":"@index of @count draggables.","tipLabel":"Show tip","correctText":"Correct!","incorrectText":"Incorrect!","resetDropTitle":"Reset drop","resetDropDescription":"Are you sure you want to reset this drop zone?","grabbed":"Draggable is grabbed.","cancelledDragging":"Cancelled dragging.","correctAnswer":"Correct answer:","feedbackHeader":"Feedback","behaviour":{"enableRetry":true,"enableSolutionsButton":true,"enableCheckButton":true,"instantFeedback":false},"scoreBarLabel":"You got :num out of :total points","a11yCheck":"Check the answers. The responses will be marked as correct, incorrect, or unanswered.","a11yShowSolution":"Show the solution. The task will be marked with its correct solution.","a11yRetry":"Retry the task. Reset all responses and start the task over again.","textField":"The energy found in a moving object by virtue of its motion is called *kinetic* energy.\nThe energy found in a body by virtue of its position or state of tension is called *potential* energy.\n*Kinetic* energy and *potential* energy are the forms of *mechanical* energy.","submitAnswer":"Submit","media":{"disableImageZooming":false}},"library":"H5P.DragText 1.10","metadata":{"contentType":"Drag the Words","license":"U","title":"Drag Text"},"subContentId":"2b1a8edd-f133-49ac-92de-4761c7a68b52"},"useSeparator":"auto"},{"content":{"params":{"media":{"type":{"params":{"contentName":"Image","file":{"path":"images\/file-60eaf9ac965af.png","mime":"image\/png","copyright":{"license":"U"},"width":620,"height":405},"decorative":false,"expandImage":"Expand Image","minimizeImage":"Minimize Image"},"library":"H5P.Image 1.1","metadata":{"contentType":"Image","license":"U","title":"Untitled Image"},"subContentId":"05ba2633-b5a1-4a75-ae98-af13a2122b0c"},"disableImageZooming":true},"text":"<h2><strong>Fill in the blank with the correct answer.<\/strong><\/h2>\n","overallFeedback":[{"from":0,"to":50,"feedback":"Try Again"},{"from":51,"to":100,"feedback":"Excellent"}],"showSolutions":"Show solution","tryAgain":"Retry","checkAnswer":"Check","notFilledOut":"Please fill in all blanks to view solution","answerIsCorrect":"&#039;:ans&#039; is correct","answerIsWrong":"&#039;:ans&#039; is wrong","answeredCorrectly":"Answered correctly","answeredIncorrectly":"Answered incorrectly","solutionLabel":"Correct answer:","inputLabel":"Blank input @num of @total","inputHasTipLabel":"Tip available","tipLabel":"Tip","behaviour":{"enableRetry":true,"enableSolutionsButton":true,"enableCheckButton":true,"autoCheck":false,"caseSensitive":true,"showSolutionsRequiresInput":true,"separateLines":false,"confirmCheckDialog":false,"confirmRetryDialog":false,"acceptSpellingErrors":false},"scoreBarLabel":"You got :num out of :total points","a11yCheck":"Check the answers. The responses will be marked as correct, incorrect, or unanswered.","a11yShowSolution":"Show the solution. The task will be marked with its correct solution.","a11yRetry":"Retry the task. Reset all responses and start the task over again.","a11yCheckingModeHeader":"Checking mode","confirmCheck":{"header":"Finish ?","body":"Are you sure you wish to finish ?","cancelLabel":"Cancel","confirmLabel":"Finish"},"confirmRetry":{"header":"Retry ?","body":"Are you sure you wish to retry ?","cancelLabel":"Cancel","confirmLabel":"Confirm"},"questions":["<p><strong>A worker can carry 40 bricks at a distance of 75 m away in 50 s. If the weight of each bricks is 10 N, the power of the worker is *600* W.<\/strong><\/p>\n"],"submitAnswer":"Submit"},"library":"H5P.Blanks 1.14","metadata":{"contentType":"Fill in the Blanks","license":"U","title":"Fill in the Blanks"},"subContentId":"05fe32dd-f1d9-45fb-9106-9e4d34bb4208"},"useSeparator":"auto"},{"content":{"params":{"media":{"type":{"params":{"contentName":"Image","file":{"path":"images\/file-60eafa1b29e1e.png","mime":"image\/png","copyright":{"license":"U"},"width":594,"height":352},"decorative":false,"expandImage":"Expand Image","minimizeImage":"Minimize Image"},"library":"H5P.Image 1.1","metadata":{"contentType":"Image","license":"U","title":"Untitled Image"},"subContentId":"d27e7c62-f7aa-4566-9ea1-e42151ebebd1"},"disableImageZooming":true},"correct":"false","behaviour":{"enableRetry":true,"enableSolutionsButton":true,"enableCheckButton":true,"confirmCheckDialog":false,"confirmRetryDialog":false,"autoCheck":false},"l10n":{"trueText":"True","falseText":"False","score":"You got @score of @total points","checkAnswer":"Check","showSolutionButton":"Show solution","tryAgain":"Retry","wrongAnswerMessage":"Wrong answer","correctAnswerMessage":"Correct answer","scoreBarLabel":"You got :num out of :total points","a11yCheck":"Check the answers. The responses will be marked as correct, incorrect, or unanswered.","a11yShowSolution":"Show the solution. The task will be marked with its correct solution.","a11yRetry":"Retry the task. Reset all responses and start the task over again.","submitAnswer":"Submit"},"confirmCheck":{"header":"Finish ?","body":"Are you sure you wish to finish ?","cancelLabel":"Cancel","confirmLabel":"Finish"},"confirmRetry":{"header":"Retry ?","body":"Are you sure you wish to retry ?","cancelLabel":"Cancel","confirmLabel":"Confirm"},"question":"<h2><strong>A person uses 20 N force to carry a body 15 m away. If the time taken to do that work is 2 s, his power in kilowatt is 150 KW. Is it true or false?<\/strong><\/h2>\n"},"library":"H5P.TrueFalse 1.8","metadata":{"contentType":"True\/False Question","license":"U","title":"True\/False Question"},"subContentId":"f633c922-7dff-49d2-9206-baabcce79a04"},"useSeparator":"auto"},{"content":{"params":{"media":{"type":{"params":{"contentName":"Image","decorative":false,"expandImage":"Expand Image","minimizeImage":"Minimize Image","file":{"path":"images\/file-65c7b72d8e090.jpg","mime":"image\/jpeg","copyright":{"license":"U"},"width":404,"height":612}},"library":"H5P.Image 1.1","metadata":{"contentType":"Image","license":"U","title":"Untitled Image"},"subContentId":"e42ea58c-1fac-4940-92b8-2d206fc7925e"},"disableImageZooming":true},"answers":[{"correct":true,"tipsAndFeedback":{"tip":"","chosenFeedback":"","notChosenFeedback":""},"text":"<div><strong>0 J<\/strong><\/div>\n"},{"correct":false,"tipsAndFeedback":{"tip":"","chosenFeedback":"","notChosenFeedback":""},"text":"<div><strong>1 J<\/strong><\/div>\n"},{"correct":false,"tipsAndFeedback":{"tip":"","chosenFeedback":"","notChosenFeedback":""},"text":"<div><strong>2 J<\/strong><\/div>\n"},{"correct":false,"tipsAndFeedback":{"tip":"","chosenFeedback":"","notChosenFeedback":""},"text":"<div><strong>3 J<\/strong><\/div>\n"}],"overallFeedback":[{"from":0,"to":50,"feedback":"Try Again"},{"from":51,"to":100,"feedback":"Excellent"}],"behaviour":{"enableRetry":true,"enableSolutionsButton":true,"enableCheckButton":true,"type":"auto","singlePoint":false,"randomAnswers":true,"showSolutionsRequiresInput":true,"confirmCheckDialog":false,"confirmRetryDialog":false,"autoCheck":false,"passPercentage":100,"showScorePoints":true},"UI":{"checkAnswerButton":"Check","showSolutionButton":"Show solution","tryAgainButton":"Retry","tipsLabel":"Show tip","scoreBarLabel":"You got :num out of :total points","tipAvailable":"Tip available","feedbackAvailable":"Feedback available","readFeedback":"Read feedback","wrongAnswer":"Wrong answer","correctAnswer":"Correct answer","shouldCheck":"Should have been checked","shouldNotCheck":"Should not have been checked","noInput":"Please answer before viewing the solution","a11yCheck":"Check the answers. The responses will be marked as correct, incorrect, or unanswered.","a11yShowSolution":"Show the solution. The task will be marked with its correct solution.","a11yRetry":"Retry the task. Reset all responses and start the task over again.","submitAnswerButton":"Submit"},"confirmCheck":{"header":"Finish ?","body":"Are you sure you wish to finish ?","cancelLabel":"Cancel","confirmLabel":"Finish"},"confirmRetry":{"header":"Retry ?","body":"Are you sure you wish to retry ?","cancelLabel":"Cancel","confirmLabel":"Confirm"},"question":"<h2><strong>How much work is done by a person if he stands carrying a load of 50 kg at the height of 1 m at rest?<\/strong><\/h2>\n"},"library":"H5P.MultiChoice 1.16","metadata":{"contentType":"Multiple Choice","license":"U","title":"Multiple Choice Question"},"subContentId":"b64344c5-a422-486a-b6ce-482c98f988f9"},"useSeparator":"auto"},{"content":{"params":{"media":{"type":{"params":{"contentName":"Image","file":{"path":"images\/file-60eafc0411648.png","mime":"image\/png","copyright":{"license":"U"},"width":307,"height":460},"decorative":false,"expandImage":"Expand Image","minimizeImage":"Minimize Image"},"library":"H5P.Image 1.1","metadata":{"contentType":"Image","license":"U","title":"Untitled Image"},"subContentId":"2160f590-9e6e-46b2-abdd-d9740e90ba94"},"disableImageZooming":true},"text":"<h2><strong>Fill in the blank with the correct answer.<\/strong><\/h2>\n","overallFeedback":[{"from":0,"to":50,"feedback":"Try Again"},{"from":51,"to":100,"feedback":"Excellent"}],"showSolutions":"Show solution","tryAgain":"Retry","checkAnswer":"Check","notFilledOut":"Please fill in all blanks to view solution","answerIsCorrect":"&#039;:ans&#039; is correct","answerIsWrong":"&#039;:ans&#039; is wrong","answeredCorrectly":"Answered correctly","answeredIncorrectly":"Answered incorrectly","solutionLabel":"Correct answer:","inputLabel":"Blank input @num of @total","inputHasTipLabel":"Tip available","tipLabel":"Tip","behaviour":{"enableRetry":true,"enableSolutionsButton":true,"enableCheckButton":true,"autoCheck":false,"caseSensitive":true,"showSolutionsRequiresInput":true,"separateLines":false,"confirmCheckDialog":false,"confirmRetryDialog":false,"acceptSpellingErrors":false},"scoreBarLabel":"You got :num out of :total points","a11yCheck":"Check the answers. The responses will be marked as correct, incorrect, or unanswered.","a11yShowSolution":"Show the solution. The task will be marked with its correct solution.","a11yRetry":"Retry the task. Reset all responses and start the task over again.","a11yCheckingModeHeader":"Checking mode","confirmCheck":{"header":"Finish ?","body":"Are you sure you wish to finish ?","cancelLabel":"Cancel","confirmLabel":"Finish"},"confirmRetry":{"header":"Retry ?","body":"Are you sure you wish to retry ?","cancelLabel":"Cancel","confirmLabel":"Confirm"},"questions":["<p><strong>An electric heater has power 2 Kw. In 60 seconds, *120* KJ of heat is produced.<\/strong><\/p>\n"],"submitAnswer":"Submit"},"library":"H5P.Blanks 1.14","metadata":{"contentType":"Fill in the Blanks","license":"U","title":"Fill in the Blanks"},"subContentId":"9f8ed913-d5dd-4ead-aad7-7be5b0bf1c95"},"useSeparator":"auto"},{"content":{"params":{"taskDescription":"<h2><strong>Drag the words into the correct boxes.<\/strong><\/h2>\n","overallFeedback":[{"from":0,"to":100}],"checkAnswer":"Check","tryAgain":"Retry","showSolution":"Show solution","dropZoneIndex":"Drop Zone @index.","empty":"Drop Zone @index is empty.","contains":"Drop Zone @index contains draggable @draggable.","ariaDraggableIndex":"@index of @count draggables.","tipLabel":"Show tip","correctText":"Correct!","incorrectText":"Incorrect!","resetDropTitle":"Reset drop","resetDropDescription":"Are you sure you want to reset this drop zone?","grabbed":"Draggable is grabbed.","cancelledDragging":"Cancelled dragging.","correctAnswer":"Correct answer:","feedbackHeader":"Feedback","behaviour":{"enableRetry":true,"enableSolutionsButton":true,"enableCheckButton":true,"instantFeedback":false},"scoreBarLabel":"You got :num out of :total points","a11yCheck":"Check the answers. The responses will be marked as correct, incorrect, or unanswered.","a11yShowSolution":"Show the solution. The task will be marked with its correct solution.","a11yRetry":"Retry the task. Reset all responses and start the task over again.","textField":"The energy which is released by the splitting of heavier atom into simpler atoms (fission) or forming heavier atom from the fusion of simpler atoms (fusion) is called *nuclear energy*.\nThe energy stored in the magnet whose effects can be felt in the magnetic field is called *magnetic energy*.\nThe wind has enormous *kinetic energy*.\nThe water collected in a reservoir has *potential energy*.","submitAnswer":"Submit","media":{"disableImageZooming":false}},"library":"H5P.DragText 1.10","metadata":{"contentType":"Drag the Words","license":"U","title":"Drag Text"},"subContentId":"5c25bc55-2117-4ea6-b2d4-aea7e78fd7c7"},"useSeparator":"auto"}]}