{"cards":[{"text":"____ is the most commonly used statement for entering the values.","answer":"INPUT","image":{"path":"images\/image-60fa37ad9f608.jpg","mime":"image\/jpeg","copyright":{"license":"U"},"width":600,"height":600},"tip":""},{"text":"______ can be used with numbers as well as strings.","answer":"SELECT CASE","tip":"<p style=\"text-align: center;\"><strong>Type of conditional branching statement<\/strong><\/p>\n","image":{"path":"images\/image-60fa39efda5f4.png","mime":"image\/png","copyright":{"license":"U"},"width":507,"height":99}},{"text":"When the program encounters the ____ statement, the program tests the first condition.","answer":"IF","image":{"path":"images\/image-60fa393ebee0d.jpg","mime":"image\/jpeg","copyright":{"license":"U"},"width":279,"height":272},"tip":""},{"text":"Conditional ________ statement is used to make comparison between two or more values.","answer":"Branching","image":{"path":"images\/image-60fa38e8c6d1f.png","mime":"image\/png","copyright":{"license":"U"},"width":571,"height":541},"tip":""},{"text":"_______ Branching statement is executed only when a given condition is satisfied.","answer":"Conditional","image":{"path":"images\/image-60fa38a477cdb.jpg","mime":"image\/jpeg","copyright":{"license":"U"},"width":600,"height":424},"tip":""},{"text":"______ statement declares one or more symbolic constants.","answer":"CONST","image":{"path":"images\/image-60fa385cad9f6.png","mime":"image\/png","copyright":{"license":"U"},"width":291,"height":219,"originalImage":{"path":"images\/image-60fa385167d38.png#tmp","mime":"image\/png","height":250,"width":1200}},"tip":""},{"text":"The string must be enclosed  within _______.","answer":"Double quotes\/&quot;","image":{"path":"images\/image-60fa38237853a.jpg","mime":"image\/jpeg","copyright":{"license":"U"},"width":238,"height":250},"tip":""},{"text":"Keyword in _______ represents BASIC statement","answer":"Capital","image":{"path":"images\/image-60fa37f226773.png","mime":"image\/png","copyright":{"license":"U"},"width":299,"height":243,"originalImage":{"path":"images\/image-60fa37e6a4ecb.png#tmp","mime":"image\/png","height":250,"width":1200}},"tip":""},{"text":"Select case is _______ statement.","answer":"Conditional","image":{"path":"images\/image-60fa39a2bd5b1.png","mime":"image\/png","copyright":{"license":"U"},"width":507,"height":99},"tip":""},{"text":"_____ statement allows a user to enter values to variable during program  execution.","answer":"INPUT","image":{"path":"images\/image-60fa37948f5d0.jpg","mime":"image\/jpeg","copyright":{"license":"U"},"width":600,"height":600},"tip":""}],"progressText":"Card @card of @total","next":"Next","previous":"Previous","checkAnswerText":"Check","showSolutionsRequiresInput":true,"defaultAnswerText":"Your answer","correctAnswerText":"Correct","incorrectAnswerText":"Incorrect","showSolutionText":"Correct answer","results":"Results","ofCorrect":"@score of @total correct","showResults":"Show results","answerShortText":"A:","retry":"Retry","caseSensitive":false,"cardAnnouncement":"Incorrect answer. Correct answer was @answer","pageAnnouncement":"Page @current of @total","description":"Guess the correct answer.","correctAnswerAnnouncement":"@answer is correct.","randomCards":false}