{"cards":[{"text":"What is the bad habit of taking alcohol called? (Drinking\/Eating)","answer":"Drinking","tip":"","image":{"path":"images\/image-6106a781aec20.png","mime":"image\/png","copyright":{"license":"U"},"width":1284,"height":998}},{"text":"People drink alcohol to have fun and forget tension. True or False?","answer":"True","tip":"","image":{"path":"images\/image-60f3c313217f6.png","mime":"image\/png","copyright":{"license":"U"},"width":300,"height":300}},{"image":{"path":"images\/image-60e68343a8f28.png","mime":"image\/png","copyright":{"license":"U"},"width":1913,"height":1920},"text":"What is the habit of taking the smoke of tobacco called? (Smoking\/Chewing)","answer":"Smoking","tip":""},{"image":{"path":"images\/image-60e6836b6479f.jpg","mime":"image\/jpeg","copyright":{"license":"U"},"width":450,"height":450},"text":"Whose company should one prefer? (Good friends\/Bad friends)","answer":"Good friends","tip":""},{"text":"What is the name of the harmful chemical that tobacco contains? (Nicotine\/Sugar)","answer":"Nicotine","tip":"","image":{"path":"images\/image-6106a9c16264d.png","mime":"image\/png","copyright":{"license":"U"},"width":1000,"height":1000}},{"text":"A very few number of people consume alcoholic drinks in Nepal. True or False?","answer":"False","tip":"","image":{"path":"images\/image-60f3c33748a50.png","mime":"image\/png","copyright":{"license":"U"},"width":641,"height":389}},{"text":"From whom do young children generally copy bad habits? (Parents\/Teachers)","answer":"Parents","tip":"","image":{"path":"images\/image-6106aa5c5e78b.png","mime":"image\/png","copyright":{"license":"U"},"width":1000,"height":708}},{"text":"Alcohol affects the reproductive power of females and males. True or False?","answer":"True","tip":"","image":{"path":"images\/image-6106a9c84120a.png","mime":"image\/png","copyright":{"license":"U"},"width":1000,"height":884}},{"image":{"path":"images\/image-60e684a6531d8.jpg","mime":"image\/jpeg","copyright":{"license":"U"},"width":626,"height":626},"text":"What causes cancer of the mouth, throat and lungs? (Smoking\/Drinking)","answer":"Smoking","tip":""},{"text":"Generating awareness by giving proper health education can minimize the problems of smoking and drinking. True or False?","answer":"True","tip":"","image":{"path":"images\/image-6106a9cea7a86.png","mime":"image\/png","copyright":{"license":"U"},"width":1000,"height":1000}}],"progressText":"Card @card of @total","next":"Next","previous":"Previous","checkAnswerText":"Check","showSolutionsRequiresInput":true,"defaultAnswerText":"Your answer","correctAnswerText":"Correct","incorrectAnswerText":"Incorrect","showSolutionText":"Correct answer","results":"Results","ofCorrect":"@score of @total correct","showResults":"Show results","answerShortText":"A:","retry":"Retry","caseSensitive":false,"cardAnnouncement":"Incorrect answer. Correct answer was @answer","pageAnnouncement":"Page @current of @total","description":"Give the correct answers with the help of the flashcards given.","correctAnswerAnnouncement":"@answer is correct.","randomCards":true}