{"mode":"repetition","description":"<p style=\"text-align: center;\"><strong>Learn about sunny and cloudy days by answering the given questions.<\/strong><\/p>\n","dialogs":[{"tips":{},"text":"<p style=\"text-align: center;\"><strong>Is it better to dry crops on a cloudy or sunny day?<\/strong><\/p>\n","answer":"<p style=\"text-align: center;\"><strong>Sunny day<\/strong><\/p>\n","image":{"path":"images\/image-60df20f91ea43.jpg","mime":"image\/jpeg","copyright":{"license":"U"},"width":626,"height":626},"audio":[{"path":"audios\/audio-60f54b240da44.mp3","mime":"audio\/mpeg","copyright":{"license":"U"}}]},{"tips":{},"text":"<p style=\"text-align: center;\"><strong>Do green plants use sunlight to make their food? Yes or No?<\/strong><\/p>\n","answer":"<p style=\"text-align: center;\"><strong>Yes<\/strong><\/p>\n","image":{"path":"images\/image-60df231d5050b.jpg","mime":"image\/jpeg","copyright":{"license":"U"},"width":626,"height":469},"audio":[{"path":"audios\/audio-60f54bc94fbc9.mp3","mime":"audio\/mpeg","copyright":{"license":"U"}}]},{"tips":{},"text":"<p style=\"text-align: center;\"><strong>On which day do we eat ice-cream to beat the heat,&nbsp;sunny or cloudy day?<\/strong><\/p>\n","answer":"<p style=\"text-align: center;\"><strong>Sunny day<\/strong><\/p>\n","image":{"path":"images\/image-60df241a320be.jpg","mime":"image\/jpeg","copyright":{"license":"U"},"width":626,"height":659},"audio":[{"path":"audios\/audio-60f3eae48b801.mp3","mime":"audio\/mpeg","copyright":{"license":"U"}}]},{"tips":{},"text":"<p style=\"text-align: center;\"><strong>When are people more likely to go swimming, on a cloudy or sunny day?<\/strong><\/p>\n","answer":"<p style=\"text-align: center;\"><strong>Sunny day<\/strong><\/p>\n","image":{"path":"images\/image-60df24b114eaf.jpg","mime":"image\/jpeg","copyright":{"license":"U"},"width":626,"height":568},"audio":[{"path":"audios\/audio-60f52ad52a456.mp3","mime":"audio\/mpeg","copyright":{"license":"U"}}]},{"tips":{},"text":"<p style=\"text-align: center;\"><strong>When do wet clothes dry faster,&nbsp;on a sunny or cloudy day?<\/strong><\/p>\n","answer":"<p style=\"text-align: center;\"><strong>Sunny day<\/strong><\/p>\n","image":{"path":"images\/image-60df2521db02b.jpg","mime":"image\/jpeg","copyright":{"license":"U"},"width":626,"height":544},"audio":[{"path":"audios\/audio-60f3eb01414a5.mp3","mime":"audio\/mpeg","copyright":{"license":"U"}}]},{"tips":{},"text":"<p style=\"text-align: center;\"><strong>Cloudy day is brighter than sunny day. True or False?<\/strong><\/p>\n","answer":"<p style=\"text-align: center;\"><strong>False<\/strong><\/p>\n","image":{"path":"images\/image-60df29e7ee451.jpg","mime":"image\/jpeg","copyright":{"license":"U"},"width":626,"height":626},"audio":[{"path":"audios\/audio-60df2a04089a7.mp3","mime":"audio\/mpeg","copyright":{"license":"U"}}]},{"tips":{},"text":"<p style=\"text-align: center;\"><strong>We should wear warm clothes on cloudy day. True or False?<\/strong><\/p>\n","answer":"<p style=\"text-align: center;\"><strong>True<\/strong><\/p>\n","image":{"path":"images\/image-60df2a832a6f2.jpg","mime":"image\/jpeg","copyright":{"license":"U"},"width":626,"height":783},"audio":[{"path":"audios\/audio-60df2a993e649.mp3","mime":"audio\/mpeg","copyright":{"license":"U"}}]},{"tips":{},"text":"<p style=\"text-align: center;\"><strong>Can we generate electricity from sun light? Yes or No?<\/strong><\/p>\n","answer":"<p style=\"text-align: center;\"><strong>Yes<\/strong><\/p>\n","image":{"path":"images\/image-60df2b2ad86af.jpg","mime":"image\/jpeg","copyright":{"license":"U"},"width":626,"height":626},"audio":[{"path":"audios\/audio-60df2b4578dd6.mp3","mime":"audio\/mpeg","copyright":{"license":"U"}}]},{"tips":{},"text":"<p style=\"text-align: center;\"><strong>When do you take sun bath? On sunny day or cloudy day?<\/strong><\/p>\n","answer":"<p style=\"text-align: center;\"><strong>Sunny day<\/strong><\/p>\n","audio":[{"path":"audios\/audio-60df2cc958d8a.mp3","mime":"audio\/mpeg","copyright":{"license":"U"}}],"image":{"path":"images\/image-60df32b8a7658.jpg","mime":"image\/jpeg","copyright":{"license":"U"},"width":338,"height":338}},{"tips":{},"text":"<p style=\"text-align: center;\"><strong>Can we see bright sunshine on a sunny day? Yes or No?<\/strong><\/p>\n","answer":"<p style=\"text-align: center;\"><strong>Yes<\/strong><\/p>\n","image":{"path":"images\/image-60df2d43aacf1.jpg","mime":"image\/jpeg","copyright":{"license":"U"},"width":626,"height":533},"audio":[{"path":"audios\/audio-60f54d6295bf9.mp3","mime":"audio\/mpeg","copyright":{"license":"U"}}]}],"behaviour":{"enableRetry":false,"disableBackwardsNavigation":false,"scaleTextNotCard":false,"randomCards":false,"maxProficiency":5,"quickProgression":false},"answer":"Turn","next":"Next","prev":"Previous","retry":"Retry","correctAnswer":"I got it right!","incorrectAnswer":"I got it wrong","round":"Round @round","cardsLeft":"Cards left: @number","nextRound":"Proceed to round @round","startOver":"Start over","showSummary":"Next","summary":"Summary","summaryCardsRight":"Cards you got right:","summaryCardsWrong":"Cards you got wrong:","summaryCardsNotShown":"Cards in pool not shown:","summaryOverallScore":"Overall Score","summaryCardsCompleted":"Cards you have completed learning:","summaryCompletedRounds":"Completed rounds:","summaryAllDone":"Well done! You got all @cards cards correct @max times in a row!","progressText":"Card @card of @total","cardFrontLabel":"Card front","cardBackLabel":"Card back","tipButtonLabel":"Show tip","audioNotSupported":"Your browser does not support this audio","confirmStartingOver":{"header":"Start over?","body":"All progress will be lost. Are you sure you want to start over?","cancelLabel":"Cancel","confirmLabel":"Start over"},"title":"<p style=\"text-align: center;\"><strong>Sunny day and Cloudy day<\/strong><\/p>\n"}