{"mode":"repetition","description":"<p style=\"text-align: center;\">Read the given instructions and answer correctly.<\/p>\n","dialogs":[{"tips":{},"text":"<p style=\"text-align: center;\"><strong>MS-Excel is a ______ application.<\/strong><\/p>\n","answer":"<p style=\"text-align: center;\"><strong>Spreadsheet <\/strong><\/p>\n","image":{"path":"images\/image-60ec1b0206e96.png","mime":"image\/png","copyright":{"license":"U"},"width":173,"height":180}},{"tips":{},"text":"<p style=\"text-align: center;\"><strong>Excel is the program created by...<\/strong><\/p>\n","answer":"<p style=\"text-align: center;\"><strong>Microsoft<\/strong><\/p>\n","image":{"path":"images\/image-60ec1b985f049.png","mime":"image\/png","copyright":{"license":"U"},"width":190,"height":192}},{"tips":{},"text":"<p style=\"text-align: center;\"><strong>In a spreadsheet application, each value sits in a...<\/strong><\/p>\n","answer":"<p style=\"text-align: center;\"><strong>Cell<\/strong><\/p>\n","image":{"path":"images\/image-60ec1c3641886.png","mime":"image\/png","copyright":{"license":"U"},"width":314,"height":201}},{"tips":{},"text":"<p style=\"text-align: center;\"><strong>Each cell has a _______, made up of its column letter and row number. E.g. A1<\/strong><\/p>\n","answer":"<p style=\"text-align: center;\"><strong>Cell reference<\/strong><\/p>\n","image":{"path":"images\/image-60ec1df1c9d2b.png","mime":"image\/png","copyright":{"license":"U"},"width":294,"height":168}},{"tips":{},"text":"<p style=\"text-align: center;\"><strong>What always begins with an equal to sign(=)?<\/strong><\/p>\n","answer":"<p style=\"text-align: center;\"><strong>Formula<\/strong><\/p>\n","image":{"path":"images\/image-60ec1e34b4054.png","mime":"image\/png","copyright":{"license":"U"},"width":294,"height":168}},{"tips":{},"text":"<p style=\"text-align: center;\"><strong>What are the in-built formulae in the spreadsheet called?<\/strong><\/p>\n","answer":"<p style=\"text-align: center;\"><strong>Functions<\/strong><\/p>\n","image":{"path":"images\/image-60ec1ed8ca457.png","mime":"image\/png","copyright":{"license":"U"},"width":188,"height":208}},{"tips":{},"text":"<p style=\"text-align: center;\"><strong>The maximum zoom in is ___%.<\/strong><\/p>\n","answer":"<p style=\"text-align: center;\"><strong>400<\/strong><\/p>\n","image":{"path":"images\/image-60ec1fc63bb51.png","mime":"image\/png","copyright":{"license":"U"},"width":215,"height":188}},{"tips":{},"text":"<p style=\"text-align: center;\"><strong>What is the collection of worksheet called?<\/strong><\/p>\n","answer":"<p style=\"text-align: center;\"><strong>Workbook<\/strong><\/p>\n","image":{"path":"images\/image-60ec208b5e900.png","mime":"image\/png","copyright":{"license":"U"},"width":145,"height":171}},{"tips":{},"text":"<p style=\"text-align: center;\"><strong>What is cell?<\/strong><\/p>\n","answer":"<p style=\"text-align: center;\"><strong>Intersection of rows and columns<\/strong><\/p>\n","image":{"path":"images\/image-60ec20962a7dc.png","mime":"image\/png","copyright":{"license":"U"},"width":314,"height":201}},{"tips":{},"text":"<p style=\"text-align: center;\"><strong>What is asterisk (*) used for ?<\/strong><\/p>\n","answer":"<p style=\"text-align: center;\"><strong>Multiplication<\/strong><\/p>\n","image":{"path":"images\/image-60ec2256323c4.png","mime":"image\/png","copyright":{"license":"U"},"width":238,"height":248}}],"behaviour":{"enableRetry":true,"disableBackwardsNavigation":false,"scaleTextNotCard":false,"randomCards":false,"maxProficiency":5,"quickProgression":false},"answer":"Turn","next":"Next","prev":"Previous","retry":"Retry","correctAnswer":"I got it right!","incorrectAnswer":"I got it wrong","round":"Round @round","cardsLeft":"Cards left: @number","nextRound":"Proceed to round @round","startOver":"Start over","showSummary":"Next","summary":"Summary","summaryCardsRight":"Cards you got right:","summaryCardsWrong":"Cards you got wrong:","summaryCardsNotShown":"Cards in pool not shown:","summaryOverallScore":"Overall Score","summaryCardsCompleted":"Cards you have completed learning:","summaryCompletedRounds":"Completed rounds:","summaryAllDone":"Well done! You got all @cards cards correct @max times in a row!","progressText":"Card @card of @total","cardFrontLabel":"Card front","cardBackLabel":"Card back","tipButtonLabel":"Show tip","audioNotSupported":"Your browser does not support this audio","confirmStartingOver":{"header":"Start over?","body":"All progress will be lost. Are you sure you want to start over?","cancelLabel":"Cancel","confirmLabel":"Start over"},"title":"<p style=\"text-align: center;\"><strong>Introduction<\/strong><\/p>\n"}