{"cards":[{"text":"What is the property of a magnet by virtue of which it is transferred from one body to another which is attracted by it?","answer":"Magnetic induction","tip":"","image":{"path":"images\/image-60ec14e98e326.jpg","mime":"image\/jpeg","copyright":{"license":"U"},"width":750,"height":231}},{"text":"The process of loosing magnetic property of a magnet is called:","answer":"Demagnetization","tip":"","image":{"path":"images\/image-60ec13d893310.png","mime":"image\/png","copyright":{"license":"U"},"width":640,"height":640}},{"text":"The two poles of a magnet are east pole and south pole. Is it True or False?","answer":"False","tip":"","image":{"path":"images\/image-60ec159094287.jpg","mime":"image\/jpeg","copyright":{"license":"U"},"width":1200,"height":900}},{"text":"The space around the magnet upto which its magnetic influence can be felt is called:","answer":"Magnetic field","tip":"","image":{"path":"images\/image-60ec145db7898.gif","mime":"image\/gif","copyright":{"license":"U"},"width":189,"height":300}},{"text":"The property of a magnet is called?","answer":"Magnetism","tip":"","image":{"path":"images\/image-60ec156c153e0.jpg","mime":"image\/jpeg","copyright":{"license":"U"},"width":612,"height":612}},{"text":"Do the opposite poles of magnet attract or repel?","answer":"Attract","tip":"","image":{"path":"images\/image-60ec16ab7498c.jpg","mime":"image\/jpeg","copyright":{"license":"U"},"width":500,"height":500}},{"text":"Heating the magnet causes?  A. Demagnetization    B. Magnetic induction","answer":"A","tip":"<p>Answer in A or B<\/p>\n","image":{"path":"images\/image-60ec16e133eab.jpg","mime":"image\/jpeg","copyright":{"license":"U"},"width":750,"height":500}},{"text":"Which direction does a magnetic compass always show?","answer":"North-south direction\/North-south\/North to south direction\/North to south\/North South direction","tip":"","image":{"path":"images\/image-60ec17b4743ab.jpeg","mime":"image\/jpeg","copyright":{"license":"U"},"width":800,"height":600}},{"text":"Molecular thoery of magnetism is also known as Weber-Ewing Theory. Yes or No?","answer":"Yes","tip":"","image":{"path":"images\/image-60ec1821459a4.png","mime":"image\/png","copyright":{"license":"U"},"width":279,"height":181}},{"text":"Subtances like iron, nickel and cobalt which are strongly attracted by magnet are called:","answer":"Ferromagnetic substances\/Ferromagnetic substance","tip":"","image":{"path":"images\/image-60ec18c15e86d.jpg","mime":"image\/jpeg","copyright":{"license":"U"},"width":600,"height":189}}],"progressText":"Card @card of @total","next":"Next","previous":"Previous","checkAnswerText":"Check","showSolutionsRequiresInput":true,"defaultAnswerText":"Your answer","correctAnswerText":"Correct","incorrectAnswerText":"Incorrect","showSolutionText":"Correct answer","results":"Results","ofCorrect":"@score of @total correct","showResults":"Show results","answerShortText":"A:","retry":"Retry","caseSensitive":false,"cardAnnouncement":"Incorrect answer. Correct answer was @answer","pageAnnouncement":"Page @current of @total","description":"Answer the questions below.","correctAnswerAnnouncement":"@answer is correct.","randomCards":false}