{"title":"Magnetism","language":"und","mainLibrary":"H5P.Flashcards","embedTypes":["div"],"source":"normal","license":"U","defaultLanguage":"en","preloadedDependencies":[{"machineName":"H5P.Flashcards","majorVersion":"1","minorVersion":"7"},{"machineName":"FontAwesome","majorVersion":"4","minorVersion":"5"},{"machineName":"H5P.JoubelUI","majorVersion":"1","minorVersion":"3"},{"machineName":"H5P.Transition","majorVersion":"1","minorVersion":"0"},{"machineName":"H5P.FontIcons","majorVersion":"1","minorVersion":"0"}]}