{"mode":"repetition","description":"<p style=\"text-align: center;\"><strong>View the images and answer according to the instructions.<\/strong><\/p>\n","dialogs":[{"tips":{},"text":"<p style=\"text-align: center;\"><strong>Who designed Mark-I<\/strong><\/p>\n","answer":"<p style=\"text-align: center;\"><strong>Howard Aiken<\/strong><\/p>\n","image":{"path":"images\/image-60e9b4fba9c43.jpg","mime":"image\/jpeg","copyright":{"license":"U"},"width":600,"height":471}},{"tips":{},"text":"<p style=\"text-align: center;\"><strong>Mark-I was invented in?<\/strong><\/p>\n","answer":"<p style=\"text-align: center;\"><strong>1937<\/strong><\/p>\n","image":{"path":"images\/image-60e9b7316bf02.jpg","mime":"image\/jpeg","copyright":{"license":"U"},"width":612,"height":612}},{"tips":{},"text":"<p style=\"text-align: center;\"><strong>What was the first automatic electromechanical digital computer ?<\/strong><\/p>\n","answer":"<p style=\"text-align: center;\"><strong>ABC (Atanasoff-Berry Computer)<\/strong><\/p>\n","image":{"path":"images\/image-60e9b7d84d0fb.jpg","mime":"image\/jpeg","copyright":{"license":"U"},"width":600,"height":400}},{"tips":{},"text":"<p style=\"text-align: center;\"><strong>Which computer introduced the idea of binary arithmetic and logic circuit?<\/strong><\/p>\n","answer":"<p style=\"text-align: center;\"><strong>ABC (Atanasoff-Berry Computer)<\/strong><\/p>\n","image":{"path":"images\/image-60e9b81869ee5.jpg","mime":"image\/jpeg","copyright":{"license":"U"},"width":600,"height":400}},{"tips":{},"text":"<p style=\"text-align: center;\"><strong>Who designed ENIAC (Electronic Numerical Integrator and Calculator)?<\/strong><\/p>\n","answer":"<p style=\"text-align: center;\"><strong>Dr. John W. Mauchly and Dr. J. P. Eckert<\/strong><\/p>\n","image":{"path":"images\/image-60e9b92733cae.png","mime":"image\/png","copyright":{"license":"U"},"width":390,"height":242,"originalImage":{"path":"images\/image-60e9b914c57e9.png#tmp","mime":"image\/png","height":250,"width":1200}}},{"tips":{},"text":"<p style=\"text-align: center;\"><strong>Who designed EDSAC (Electronic Delay Storage Automatic Computer) ?<\/strong><\/p>\n","answer":"<p style=\"text-align: center;\"><strong>Maurice Wilkes<\/strong><\/p>\n","image":{"path":"images\/image-60e9b9ce2d254.png","mime":"image\/png","copyright":{"license":"U"},"width":308,"height":206}},{"tips":{},"text":"<p style=\"text-align: center;\"><strong>Who designed EDVAC (Electronic Discrete Variable Automatic Computer) ?<\/strong><\/p>\n","answer":"<p style=\"text-align: center;\"><strong>J. Mauchly and J.P. Eckert<\/strong><\/p>\n","image":{"path":"images\/image-60e9ba44ea380.png","mime":"image\/png","copyright":{"license":"U"},"width":308,"height":206}},{"tips":{},"text":"<p style=\"text-align: center;\"><strong>When was UNIVAC (Universal Automatic Computer) invented?<\/strong><\/p>\n","answer":"<p style=\"text-align: center;\"><strong>1951<\/strong><\/p>\n","image":{"path":"images\/image-60e9bb1b1fa05.jpg","mime":"image\/jpeg","copyright":{"license":"U"},"width":600,"height":428}},{"tips":{},"text":"<p style=\"text-align: center;\"><strong>What was the first general-purpose electronic digital computer designed for commercial use?<\/strong><\/p>\n","answer":"<p style=\"text-align: center;\"><strong>UNIVAC (Universal Automatic Computer)<\/strong><\/p>\n","image":{"path":"images\/image-60e9bb705eafb.jpg","mime":"image\/jpeg","copyright":{"license":"U"},"width":600,"height":428}},{"tips":{},"text":"<p style=\"text-align: center;\"><strong>What was the first computer based on stored program concept.?<\/strong><\/p>\n","answer":"<p style=\"text-align: center;\"><strong>EDVAC<\/strong><\/p>\n","image":{"path":"images\/image-60e9bbe077556.png","mime":"image\/png","copyright":{"license":"U"},"width":308,"height":206}}],"behaviour":{"enableRetry":true,"disableBackwardsNavigation":false,"scaleTextNotCard":false,"randomCards":false,"maxProficiency":5,"quickProgression":false},"answer":"Turn","next":"Next","prev":"Previous","retry":"Retry","correctAnswer":"I got it right!","incorrectAnswer":"I got it wrong","round":"Round @round","cardsLeft":"Cards left: @number","nextRound":"Proceed to round @round","startOver":"Start over","showSummary":"Next","summary":"Summary","summaryCardsRight":"Cards you got right:","summaryCardsWrong":"Cards you got wrong:","summaryCardsNotShown":"Cards in pool not shown:","summaryOverallScore":"Overall Score","summaryCardsCompleted":"Cards you have completed learning:","summaryCompletedRounds":"Completed rounds:","summaryAllDone":"Well done! You got all @cards cards correct @max times in a row!","progressText":"Card @card of @total","cardFrontLabel":"Card front","cardBackLabel":"Card back","tipButtonLabel":"Show tip","audioNotSupported":"Your browser does not support this audio","confirmStartingOver":{"header":"Start over?","body":"All progress will be lost. Are you sure you want to start over?","cancelLabel":"Cancel","confirmLabel":"Start over"},"title":"<p style=\"text-align: center;\"><strong>Electro-mechanical and electronic computers<\/strong><\/p>\n"}