{"cards":[{"text":"Internet has provided its services in countless number of field.  [True\/False]","answer":"True","tip":"","image":{"path":"images\/image-60f2f7246336e.png","mime":"image\/png","copyright":{"license":"U"},"width":602,"height":450}},{"tip":"","text":"A fast, easy, and inexpensive way to send and receive mails with other internet users is called ____.","answer":"Email\/E-mail","image":{"path":"images\/image-60f2f73d55ae5.jpg","mime":"image\/jpeg","copyright":{"license":"U"},"width":850,"height":409}},{"text":"______ allows a user to log into a remote computer as though it were a local system.","answer":"Telnet","tip":"","image":{"path":"images\/image-60f2f79e4efaa.png","mime":"image\/png","copyright":{"license":"U"},"width":845,"height":471}},{"text":"A protocol that allows a user to transfer virtually every kind of file is ____.","answer":"FTP\/File Transfer Protocol","tip":"","image":{"path":"images\/image-60f2f7b626d0c.png","mime":"image\/png","copyright":{"license":"U"},"width":680,"height":371}},{"text":"A distributed bulletin board that offers a combination of news and discussion service is ____ news.","answer":"Usenet","tip":"","image":{"path":"images\/image-60f2f92a67595.jpg","mime":"image\/jpeg","copyright":{"license":"U"},"width":852,"height":480}},{"text":"Internet Relay chat allows the people from all over the world to communicate in ____ time.","answer":"Real","tip":"<p style=\"text-align: center;\"><strong>The actual time during which a process or event occurs.<\/strong><\/p>\n","image":{"path":"images\/image-60f2f84e812f5.png","mime":"image\/png","copyright":{"license":"U"},"width":1000,"height":1000}},{"text":"VOIP allows the Internet users to talk across the Internet to any PC equipped to receive the call. (True\/False)","answer":"True","tip":"","image":{"path":"images\/image-60f2f875a0301.jpg","mime":"image\/jpeg","copyright":{"license":"U"},"width":612,"height":612}},{"text":"World Wide Web (WWW) service was created in _____A.D.","answer":"1990","tip":"<p style=\"text-align: center;\"><strong>What year?<\/strong><\/p>\n","image":{"path":"images\/image-60f2f88c884ad.jpeg","mime":"image\/jpeg","copyright":{"license":"U"},"width":223,"height":226}},{"text":"First protocol that allows sharing data over internet is ______.","answer":"HTTP\/Hyper Text Transfer Protocol","tip":"<p style=\"text-align: center;\"><strong>A protocol<\/strong><\/p>\n","image":{"path":"images\/image-60f2f8b54a4a9.jpg","mime":"image\/jpeg","copyright":{"license":"U"},"width":639,"height":749}},{"text":"A hypertext document is a specially encoded file that uses _____.","answer":"HTML\/Hypertext Markup Language","tip":"<p style=\"text-align: center;\"><strong>A language of webpage or website<\/strong><\/p>\n","image":{"path":"images\/image-60f2f8eac8e00.jpg","mime":"image\/jpeg","copyright":{"license":"U"},"width":626,"height":354}}],"progressText":"Card @card of @total","next":"Next","previous":"Previous","checkAnswerText":"Check","showSolutionsRequiresInput":true,"defaultAnswerText":"Your answer","correctAnswerText":"Correct","incorrectAnswerText":"Incorrect","showSolutionText":"Correct answer","results":"Results","ofCorrect":"@score of @total correct","showResults":"Show results","answerShortText":"A:","retry":"Retry","caseSensitive":false,"cardAnnouncement":"Incorrect answer. Correct answer was @answer","pageAnnouncement":"Page @current of @total","description":"Answer according to the given instructions.","correctAnswerAnnouncement":"@answer is correct.","randomCards":false}