{"cards":[{"tip":"<p>Middle name is not required.&nbsp;<\/p>\n","text":"Mark-I was designed by...","answer":"Howard Aiken","image":{"path":"images\/image-60f23514ece2b.png","mime":"image\/png","copyright":{"license":"U"},"width":219,"height":205}},{"text":"The ideas of binary arithmetic and logic circuit was introduced in...","answer":"ABC\/Atanasoff-Berry Computer","tip":"<p style=\"text-align: center;\"><strong>It was the first electromechanical digital computer.<\/strong><\/p>\n","image":{"path":"images\/image-60f2356a40b00.jpg","mime":"image\/jpeg","copyright":{"license":"U"},"width":275,"height":183}},{"text":"The first general-purpose electronic digital computer designed for commercial use was...","answer":"UNIVAC\/Universal Automatic Computer","tip":"","image":{"path":"images\/image-60f235fab3cd3.png","mime":"image\/png","copyright":{"license":"U"},"width":281,"height":203}},{"text":"The full form of EDSAC is...","answer":"Electronic Delay Storage Automatic Calculator","tip":"","image":{"path":"images\/image-60f23661167ef.png","mime":"image\/png","copyright":{"license":"U"},"width":245,"height":224}},{"text":"Dr. John  W. Mauchly and Dr. J. P. Eckert designed...","answer":"ENIAC\/Electronic Numerical Integrator and Calculator","tip":"","image":{"path":"images\/image-60f236b97dfb3.png","mime":"image\/png","copyright":{"license":"U"},"width":341,"height":229}},{"text":"A mercury delay line storage system was used by...","answer":"EDSAC\/Electronic Delay Storage Automatic Calculator","tip":"","image":{"path":"images\/image-60f237166776f.png","mime":"image\/png","copyright":{"license":"U"},"width":245,"height":224}},{"text":"The full form of EDVAC is...","answer":"Electronic Discrete Variable Automatic Computer","tip":"","image":{"path":"images\/image-60f236fb04ded.png","mime":"image\/png","copyright":{"license":"U"},"width":349,"height":223}},{"text":"The first operational stored-program computer was...","answer":"EDSAC\/Electronic Delay Storage Automatic Calculator","tip":"","image":{"path":"images\/image-60f237d673bf6.png","mime":"image\/png","copyright":{"license":"U"},"width":220,"height":140}},{"text":"Mark-I was invented in _____  A.D.","answer":"1937","tip":"","image":{"path":"images\/image-60f238228e952.jpg","mime":"image\/jpeg","copyright":{"license":"U"},"width":250,"height":167}},{"text":"ENIAC was completed in _____ A.D.","answer":"1946","tip":"","image":{"path":"images\/image-60f238980aa9c.png","mime":"image\/png","copyright":{"license":"U"},"width":341,"height":229}}],"progressText":"Card @card of @total","next":"Next","previous":"Previous","checkAnswerText":"Check","showSolutionsRequiresInput":true,"defaultAnswerText":"Your answer","correctAnswerText":"Correct","incorrectAnswerText":"Incorrect","showSolutionText":"Correct answer","results":"Results","ofCorrect":"@score of @total correct","showResults":"Show results","answerShortText":"A:","retry":"Retry","caseSensitive":false,"cardAnnouncement":"Incorrect answer. Correct answer was @answer","pageAnnouncement":"Page @current of @total","description":"Answer according to the given instructions.","correctAnswerAnnouncement":"@answer is correct.","randomCards":false}