{"mode":"repetition","description":"<p style=\"text-align: center;\"><strong>Read the given questions and guess the correct answers.<\/strong><\/p>\n","dialogs":[{"tips":{},"text":"<p style=\"text-align: center;\"><strong>Do we get heat from fire? Yes or No?<\/strong><\/p>\n","answer":"<p style=\"text-align: center;\"><strong>Yes<\/strong><\/p>\n","image":{"path":"images\/image-60def5d58e6bf.jpg","mime":"image\/jpeg","copyright":{"license":"U"},"width":626,"height":695},"audio":[{"path":"audios\/audio-60f3dacc6dec6.mp3","mime":"audio\/mpeg","copyright":{"license":"U"}}]},{"tips":{},"text":"<p style=\"text-align: center;\"><strong>We use fire to cook food. True or False?<\/strong><\/p>\n","answer":"<p style=\"text-align: center;\"><strong>True<\/strong><\/p>\n","image":{"path":"images\/image-611e85bb72352.jpg","mime":"image\/jpeg","copyright":{"license":"U"},"width":512,"height":346},"audio":[{"path":"audios\/audio-60f3d9c87df50.mp3","mime":"audio\/mpeg","copyright":{"license":"U"}}]},{"tips":{},"text":"<p style=\"text-align: center;\"><strong>A microwave uses heat to cook food.&nbsp;Yes or No?<\/strong><\/p>\n","answer":"<p style=\"text-align: center;\"><strong>No, It actually excites water molecules in the food, producing heat and cooking the food from the inside out.<\/strong><\/p>\n","image":{"path":"images\/image-60def765cda67.jpg","mime":"image\/jpeg","copyright":{"license":"U"},"width":626,"height":626},"audio":[{"path":"audios\/audio-60f3d72285fee.mp3","mime":"audio\/mpeg","copyright":{"license":"U"}}]},{"tips":{},"text":"<p style=\"text-align: center;\"><strong>Fire helps you to keep your body warm. True or False?<\/strong><\/p>\n","image":{"path":"images\/image-60def95b4df64.jpg","mime":"image\/jpeg","copyright":{"license":"U"},"width":626,"height":695},"answer":"<p style=\"text-align: center;\"><strong>True<\/strong><\/p>\n","audio":[{"path":"audios\/audio-60def9898b9a4.mp3","mime":"audio\/mpeg","copyright":{"license":"U"}}]},{"tips":{},"text":"<p style=\"text-align: center;\"><strong>Should we be careful while using fire? Yes or No?<\/strong><\/p>\n","answer":"<p style=\"text-align: center;\"><strong>Yes<\/strong><\/p>\n","audio":[{"path":"audios\/audio-60defaa479446.mp3","mime":"audio\/mpeg","copyright":{"license":"U"}}],"image":{"path":"images\/image-60defaeeb71f1.jpg","mime":"image\/jpeg","copyright":{"license":"U"},"width":626,"height":626}},{"tips":{},"text":"<p style=\"text-align: center;\"><strong>The object in the image helps to make fire. What is it?<\/strong><\/p>\n","answer":"<p style=\"text-align: center;\"><strong>Firewood<\/strong><\/p>\n","image":{"path":"images\/image-60defbace8bef.jpg","mime":"image\/jpeg","copyright":{"license":"U"},"width":626,"height":626},"audio":[{"path":"audios\/audio-60f3d86a2a562.mp3","mime":"audio\/mpeg","copyright":{"license":"U"}}]},{"tips":{},"text":"<p style=\"text-align: center;\"><strong>What do we use to make fire in lantern?<\/strong><\/p>\n","image":{"path":"images\/image-60defc1cc63b7.jpg","mime":"image\/jpeg","copyright":{"license":"U"},"width":240,"height":240},"answer":"<p style=\"text-align: center;\"><strong>Kerosene<\/strong><\/p>\n","audio":[{"path":"audios\/audio-60defc8ba93e8.mp3","mime":"audio\/mpeg","copyright":{"license":"U"}}]},{"tips":{},"text":"<p style=\"text-align: center;\"><strong>Is fire useful for us? Yes or No?<\/strong><\/p>\n","answer":"<p style=\"text-align: center;\"><strong>Yes<\/strong><\/p>\n","image":{"path":"images\/image-60defd1141bf9.jpg","mime":"image\/jpeg","copyright":{"license":"U"},"width":626,"height":695},"audio":[{"path":"audios\/audio-60defd4dc4583.mp3","mime":"audio\/mpeg","copyright":{"license":"U"}}]},{"tips":{},"text":"<p style=\"text-align: center;\"><strong>Electric kettle uses heat from electricity to boil water.&nbsp;Yes or No?<\/strong><\/p>\n","answer":"<p style=\"text-align: center;\"><strong>Yes<\/strong><\/p>\n","image":{"path":"images\/image-60defd90ee72e.jpg","mime":"image\/jpeg","copyright":{"license":"U"},"width":626,"height":626},"audio":[{"path":"audios\/audio-60f3db71722a5.mp3","mime":"audio\/mpeg","copyright":{"license":"U"}}]},{"tips":{},"text":"<p style=\"text-align: center;\"><strong>What do you see in the picture?<\/strong><\/p>\n","answer":"<p style=\"text-align: center;\"><strong>Electric kettle<\/strong><\/p>\n","image":{"path":"images\/image-60defe31a6dc8.jpg","mime":"image\/jpeg","copyright":{"license":"U"},"width":626,"height":626},"audio":[{"path":"audios\/audio-60defe74a40eb.mp3","mime":"audio\/mpeg","copyright":{"license":"U"}}]}],"behaviour":{"enableRetry":false,"disableBackwardsNavigation":false,"scaleTextNotCard":false,"randomCards":false,"maxProficiency":5,"quickProgression":false},"answer":"Turn","next":"Next","prev":"Previous","retry":"Retry","correctAnswer":"I got it right!","incorrectAnswer":"I got it wrong","round":"Round @round","cardsLeft":"Cards left: @number","nextRound":"Proceed to round @round","startOver":"Start over","showSummary":"Next","summary":"Summary","summaryCardsRight":"Cards you got right:","summaryCardsWrong":"Cards you got wrong:","summaryCardsNotShown":"Cards in pool not shown:","summaryOverallScore":"Overall Score","summaryCardsCompleted":"Cards you have completed learning:","summaryCompletedRounds":"Completed rounds:","summaryAllDone":"Well done! You got all @cards cards correct @max times in a row!","progressText":"Card @card of @total","cardFrontLabel":"Card front","cardBackLabel":"Card back","tipButtonLabel":"Show tip","audioNotSupported":"Your browser does not support this audio","confirmStartingOver":{"header":"Start over?","body":"All progress will be lost. Are you sure you want to start over?","cancelLabel":"Cancel","confirmLabel":"Start over"},"title":"<p style=\"text-align: center;\"><strong>Fire and Its Uses<\/strong><\/p>\n"}