{"content":[{"content":{"params":{"contentName":"Image","alt":"alloy","file":{"path":"images\/file-60f68234cc6de.png","mime":"image\/png","copyright":{"license":"U"},"width":1300,"height":250},"decorative":false,"expandImage":"Expand Image","minimizeImage":"Minimize Image"},"library":"H5P.Image 1.1","metadata":{"contentType":"Image","license":"U","title":"Untitled Image"},"subContentId":"8eb9b13b-1912-43db-a725-bc491d76ec05"},"useSeparator":"auto"},{"content":{"params":{"media":{"disableImageZooming":false},"answers":[{"correct":true,"tipsAndFeedback":{"tip":"","chosenFeedback":"","notChosenFeedback":""},"text":"<div><strong>Homogeneous<\/strong><\/div>\n"},{"correct":false,"tipsAndFeedback":{"tip":"","chosenFeedback":"","notChosenFeedback":""},"text":"<div><strong>Heterogeneous<\/strong><\/div>\n"},{"correct":false,"tipsAndFeedback":{"tip":"","chosenFeedback":"","notChosenFeedback":""},"text":"<div><strong>None of these<\/strong><\/div>\n"}],"overallFeedback":[{"from":0,"to":100}],"behaviour":{"enableRetry":true,"enableSolutionsButton":true,"enableCheckButton":true,"type":"auto","singlePoint":false,"randomAnswers":false,"showSolutionsRequiresInput":true,"confirmCheckDialog":false,"confirmRetryDialog":false,"autoCheck":false,"passPercentage":100,"showScorePoints":true},"UI":{"checkAnswerButton":"Check","showSolutionButton":"Show solution","tryAgainButton":"Retry","tipsLabel":"Show tip","scoreBarLabel":"You got :num out of :total points","tipAvailable":"Tip available","feedbackAvailable":"Feedback available","readFeedback":"Read feedback","wrongAnswer":"Wrong answer","correctAnswer":"Correct answer","shouldCheck":"Should have been checked","shouldNotCheck":"Should not have been checked","noInput":"Please answer before viewing the solution","a11yCheck":"Check the answers. The responses will be marked as correct, incorrect, or unanswered.","a11yShowSolution":"Show the solution. The task will be marked with its correct solution.","a11yRetry":"Retry the task. Reset all responses and start the task over again.","submitAnswerButton":"Submit"},"confirmCheck":{"header":"Finish ?","body":"Are you sure you wish to finish ?","cancelLabel":"Cancel","confirmLabel":"Finish"},"confirmRetry":{"header":"Retry ?","body":"Are you sure you wish to retry ?","cancelLabel":"Cancel","confirmLabel":"Confirm"},"question":"<p><strong>An alloy is a ......... mixture of two or more metals or metals and non-metals.<\/strong><\/p>\n"},"library":"H5P.MultiChoice 1.16","metadata":{"contentType":"Multiple Choice","license":"U","title":"."},"subContentId":"9b60dc4e-69f6-4782-a51d-ec392abf31f2"},"useSeparator":"disabled"},{"content":{"params":{"media":{"disableImageZooming":false},"text":"<p><strong>Fill in the blanks.<\/strong><\/p>\n","overallFeedback":[{"from":0,"to":100}],"showSolutions":"Show solution","tryAgain":"Retry","checkAnswer":"Check","notFilledOut":"Please fill in all blanks to view solution","answerIsCorrect":"&#039;:ans&#039; is correct","answerIsWrong":"&#039;:ans&#039; is wrong","answeredCorrectly":"Answered correctly","answeredIncorrectly":"Answered incorrectly","solutionLabel":"Correct answer:","inputLabel":"Blank input @num of @total","inputHasTipLabel":"Tip available","tipLabel":"Tip","behaviour":{"enableRetry":true,"enableSolutionsButton":true,"enableCheckButton":true,"autoCheck":false,"caseSensitive":false,"showSolutionsRequiresInput":true,"separateLines":false,"confirmCheckDialog":false,"confirmRetryDialog":false,"acceptSpellingErrors":false},"scoreBarLabel":"You got :num out of :total points","a11yCheck":"Check the answers. The responses will be marked as correct, incorrect, or unanswered.","a11yShowSolution":"Show the solution. The task will be marked with its correct solution.","a11yRetry":"Retry the task. Reset all responses and start the task over again.","a11yCheckingModeHeader":"Checking mode","confirmCheck":{"header":"Finish ?","body":"Are you sure you wish to finish ?","cancelLabel":"Cancel","confirmLabel":"Finish"},"confirmRetry":{"header":"Retry ?","body":"Are you sure you wish to retry ?","cancelLabel":"Cancel","confirmLabel":"Confirm"},"questions":["<p><strong>*Non metals || Nonmetals || non metal || nonmetal* do not have lustre in general.<\/strong><\/p>\n"],"submitAnswer":"Submit"},"library":"H5P.Blanks 1.14","metadata":{"contentType":"Fill in the Blanks","license":"U","title":"."},"subContentId":"3232604a-d3b1-4b99-a6d7-56dd6b7996f9"},"useSeparator":"enabled"},{"content":{"params":{"contentName":"Image","alt":"metals","file":{"path":"images\/file-60f682628a614.png","mime":"image\/png","copyright":{"license":"U"},"width":1300,"height":250},"decorative":false,"expandImage":"Expand Image","minimizeImage":"Minimize Image"},"library":"H5P.Image 1.1","metadata":{"contentType":"Image","license":"U","title":"Untitled Image"},"subContentId":"c79407fe-7775-4ee7-a2a1-e9ec95cd1b02"},"useSeparator":"enabled"},{"content":{"params":{"media":{"disableImageZooming":false},"correct":"false","behaviour":{"enableRetry":true,"enableSolutionsButton":true,"enableCheckButton":true,"confirmCheckDialog":false,"confirmRetryDialog":false,"autoCheck":false},"l10n":{"trueText":"True","falseText":"False","score":"You got @score of @total points","checkAnswer":"Check","showSolutionButton":"Show solution","tryAgain":"Retry","wrongAnswerMessage":"Wrong answer","correctAnswerMessage":"Correct answer","scoreBarLabel":"You got :num out of :total points","a11yCheck":"Check the answers. The responses will be marked as correct, incorrect, or unanswered.","a11yShowSolution":"Show the solution. The task will be marked with its correct solution.","a11yRetry":"Retry the task. Reset all responses and start the task over again.","submitAnswer":"Submit"},"confirmCheck":{"header":"Finish ?","body":"Are you sure you wish to finish ?","cancelLabel":"Cancel","confirmLabel":"Finish"},"confirmRetry":{"header":"Retry ?","body":"Are you sure you wish to retry ?","cancelLabel":"Cancel","confirmLabel":"Confirm"},"question":"<p><strong>Metals are bad conductor of heat and electricity.<\/strong><\/p>\n"},"library":"H5P.TrueFalse 1.8","metadata":{"contentType":"True\/False Question","license":"U","title":"True or false"},"subContentId":"896b5d6f-616e-41c0-9193-70f97265f536"},"useSeparator":"disabled"},{"content":{"params":{"contentName":"Image","alt":"non metals","file":{"path":"images\/file-60f68286183c2.png","mime":"image\/png","copyright":{"license":"U"},"width":1300,"height":250},"decorative":false,"expandImage":"Expand Image","minimizeImage":"Minimize Image"},"library":"H5P.Image 1.1","metadata":{"contentType":"Image","license":"U","title":"Untitled Image"},"subContentId":"410e251e-317b-4b96-88dc-1a5d47d682ee"},"useSeparator":"enabled"},{"content":{"params":{"media":{"disableImageZooming":false},"answers":[{"correct":false,"tipsAndFeedback":{"tip":"","chosenFeedback":"","notChosenFeedback":""},"text":"<div><strong>Copper<\/strong><\/div>\n"},{"correct":false,"tipsAndFeedback":{"tip":"","chosenFeedback":"","notChosenFeedback":""},"text":"<div><strong>Iron<\/strong><\/div>\n"},{"correct":false,"tipsAndFeedback":{"tip":"","chosenFeedback":"","notChosenFeedback":""},"text":"<div><strong>Gold<\/strong><\/div>\n"},{"correct":true,"tipsAndFeedback":{"tip":"","chosenFeedback":"","notChosenFeedback":""},"text":"<div><strong>None of these<\/strong><\/div>\n"}],"overallFeedback":[{"from":0,"to":100}],"behaviour":{"enableRetry":true,"enableSolutionsButton":true,"enableCheckButton":true,"type":"auto","singlePoint":false,"randomAnswers":false,"showSolutionsRequiresInput":true,"confirmCheckDialog":false,"confirmRetryDialog":false,"autoCheck":false,"passPercentage":100,"showScorePoints":true},"UI":{"checkAnswerButton":"Check","showSolutionButton":"Show solution","tryAgainButton":"Retry","tipsLabel":"Show tip","scoreBarLabel":"You got :num out of :total points","tipAvailable":"Tip available","feedbackAvailable":"Feedback available","readFeedback":"Read feedback","wrongAnswer":"Wrong answer","correctAnswer":"Correct answer","shouldCheck":"Should have been checked","shouldNotCheck":"Should not have been checked","noInput":"Please answer before viewing the solution","a11yCheck":"Check the answers. The responses will be marked as correct, incorrect, or unanswered.","a11yShowSolution":"Show the solution. The task will be marked with its correct solution.","a11yRetry":"Retry the task. Reset all responses and start the task over again.","submitAnswerButton":"Submit"},"confirmCheck":{"header":"Finish ?","body":"Are you sure you wish to finish ?","cancelLabel":"Cancel","confirmLabel":"Finish"},"confirmRetry":{"header":"Retry ?","body":"Are you sure you wish to retry ?","cancelLabel":"Cancel","confirmLabel":"Confirm"},"question":"<p><strong>Which of these are non-metals?<\/strong><\/p>\n"},"library":"H5P.MultiChoice 1.16","metadata":{"contentType":"Multiple Choice","license":"U","title":"."},"subContentId":"13840aad-754c-4f5e-8a2d-e24a63557e2b"},"useSeparator":"disabled"},{"content":{"params":{"overallFeedback":[{"from":0,"to":100}],"checkAnswerButton":"Check","tryAgainButton":"Retry","showSolutionButton":"Show solution","behaviour":{"enableRetry":true,"enableSolutionsButton":true,"enableCheckButton":true,"showScorePoints":true},"correctAnswer":"Correct!","incorrectAnswer":"Incorrect!","missedAnswer":"Answer not found!","displaySolutionDescription":"Task is updated to contain the solution.","scoreBarLabel":"You got :num out of :total points","a11yFullTextLabel":"Full readable text","a11yClickableTextLabel":"Full text where words can be marked","a11ySolutionModeHeader":"Solution mode","a11yCheckingHeader":"Checking mode","a11yCheck":"Check the answers. The responses will be marked as correct, incorrect, or unanswered.","a11yShowSolution":"Show the solution. The task will be marked with its correct solution.","a11yRetry":"Retry the task. Reset all responses and start the task over again.","taskDescription":"<p><strong>Mark down the non metals.<\/strong><\/p>\n","textField":"<p><strong>*Carbon*, Aluminium, Zinc, *Sulpher*, *Rubber*<\/strong><\/p>\n","submitAnswerButton":"Submit","media":{"disableImageZooming":false}},"library":"H5P.MarkTheWords 1.11","metadata":{"contentType":"Mark the Words","license":"U","title":"."},"subContentId":"97402679-b656-43bc-9161-73249d281a50"},"useSeparator":"enabled"},{"content":{"params":{"contentName":"Image","alt":"graphite","file":{"path":"images\/file-60f682a1c8a5e.png","mime":"image\/png","copyright":{"license":"U"},"width":1300,"height":250},"decorative":false,"expandImage":"Expand Image","minimizeImage":"Minimize Image"},"library":"H5P.Image 1.1","metadata":{"contentType":"Image","license":"U","title":"Untitled Image"},"subContentId":"473b061a-ac53-4d6f-8bc2-718d50d69bd7"},"useSeparator":"enabled"},{"content":{"params":{"media":{"disableImageZooming":false},"text":"<p><strong>Fill in the blanks<\/strong><\/p>\n","overallFeedback":[{"from":0,"to":100}],"showSolutions":"Show solution","tryAgain":"Retry","checkAnswer":"Check","notFilledOut":"Please fill in all blanks to view solution","answerIsCorrect":"&#039;:ans&#039; is correct","answerIsWrong":"&#039;:ans&#039; is wrong","answeredCorrectly":"Answered correctly","answeredIncorrectly":"Answered incorrectly","solutionLabel":"Correct answer:","inputLabel":"Blank input @num of @total","inputHasTipLabel":"Tip available","tipLabel":"Tip","behaviour":{"enableRetry":true,"enableSolutionsButton":true,"enableCheckButton":true,"autoCheck":false,"caseSensitive":false,"showSolutionsRequiresInput":true,"separateLines":false,"confirmCheckDialog":false,"confirmRetryDialog":false,"acceptSpellingErrors":false},"scoreBarLabel":"You got :num out of :total points","a11yCheck":"Check the answers. The responses will be marked as correct, incorrect, or unanswered.","a11yShowSolution":"Show the solution. The task will be marked with its correct solution.","a11yRetry":"Retry the task. Reset all responses and start the task over again.","a11yCheckingModeHeader":"Checking mode","confirmCheck":{"header":"Finish ?","body":"Are you sure you wish to finish ?","cancelLabel":"Cancel","confirmLabel":"Finish"},"confirmRetry":{"header":"Retry ?","body":"Are you sure you wish to retry ?","cancelLabel":"Cancel","confirmLabel":"Confirm"},"questions":["<p><strong>*Graphite*&nbsp;is a non-metal that conducts heat and electricity.<\/strong><\/p>\n"],"submitAnswer":"Submit"},"library":"H5P.Blanks 1.14","metadata":{"contentType":"Fill in the Blanks","license":"U","title":"."},"subContentId":"aeb69e62-1ff6-490c-a3aa-1c43f860416d"},"useSeparator":"disabled"},{"content":{"params":{"scoreShow":"Check","tryAgain":"Retry","scoreExplanation":"Correct answers give +1 point. Incorrect answers give -1 point. The lowest possible score is 0.","question":{"settings":{"size":{"width":620,"height":210}},"task":{"elements":[{"x":51.612903225806448,"y":52.38095238095238,"width":7.9511362500000002,"height":1.0759937500000001,"dropZones":["0","1"],"type":{"library":"H5P.AdvancedText 1.1","params":{"text":"<p style=\"text-align: center;\">Good conductor<\/p>\n"},"subContentId":"8cc7daa5-c00f-4dac-b766-7eea562cb753","metadata":{"contentType":"Text","license":"U","title":"Untitled Text"}},"backgroundOpacity":100,"multiple":false},{"x":51.612903225806448,"y":23.80952380952381,"width":7.9511362500000002,"height":2.32421875,"dropZones":["0","1"],"type":{"library":"H5P.AdvancedText 1.1","params":{"text":"<p>Most of them are soft<\/p>\n"},"subContentId":"84133364-2224-447e-9b55-643526e17477","metadata":{"contentType":"Text","license":"U","title":"Untitled Text"}},"backgroundOpacity":100,"multiple":false},{"x":51.612903225806448,"y":4.7619047619047619,"width":7.9511362500000002,"height":1.07421875,"dropZones":["0","1"],"type":{"library":"H5P.AdvancedText 1.1","params":{"text":"<p>Bad conductor<\/p>\n"},"subContentId":"3e0b6c2a-be73-43fa-b79b-680d80cb164e","metadata":{"contentType":"Text","license":"U","title":"Untitled Text"}},"backgroundOpacity":100,"multiple":false},{"x":51.612903225806448,"y":71.428571428571431,"width":7.9511362500000002,"height":2.9509937500000003,"dropZones":["0","1"],"type":{"library":"H5P.AdvancedText 1.1","params":{"text":"<p>Most of them are hard<\/p>\n"},"subContentId":"26be8037-1dda-4628-980d-c2c62c49be8b","metadata":{"contentType":"Text","license":"U","title":"Untitled Text"}},"backgroundOpacity":100,"multiple":false},{"x":75.806451612903217,"y":33.333333333333329,"width":7.9509999999999996,"height":1.70113625,"dropZones":["0","1"],"type":{"library":"H5P.AdvancedText 1.1","params":{"text":"<p>They are ductile<\/p>\n"},"subContentId":"f521655e-11d1-4fba-8a4a-857f11706604","metadata":{"contentType":"Text","license":"U","title":"Untitled Text"}},"backgroundOpacity":100,"multiple":false},{"x":75.806451612903217,"y":4.7619047619047619,"width":6.0761362500000002,"height":2.3259937500000003,"dropZones":["0","1"],"type":{"library":"H5P.AdvancedText 1.1","params":{"text":"<p>They are non-ductile<\/p>\n"},"subContentId":"c4da121d-0d19-46a2-95ad-5bc72283dec4","metadata":{"contentType":"Text","license":"U","title":"Untitled Text"}},"backgroundOpacity":100,"multiple":false}],"dropZones":[{"x":1.6129035348018523,"y":14.286094851190899,"width":8.75,"height":10.625,"correctElements":["0","4","3"],"showLabel":true,"backgroundOpacity":100,"tipsAndFeedback":{"tip":""},"single":false,"autoAlign":true,"label":"<div style=\"text-align: center;\"><strong>Metals<\/strong><\/div>\n"},{"x":25.806451612903224,"y":14.285714285714285,"width":8.75,"height":10.625,"correctElements":["1","2","5"],"showLabel":true,"backgroundOpacity":100,"tipsAndFeedback":{"tip":""},"single":false,"autoAlign":true,"label":"<div style=\"text-align: center;\"><strong>Non-Metals<\/strong><\/div>\n"}]}},"overallFeedback":[{"from":0,"to":100}],"behaviour":{"enableRetry":true,"enableCheckButton":true,"singlePoint":false,"applyPenalties":true,"enableScoreExplanation":true,"dropZoneHighlighting":"dragging","autoAlignSpacing":2,"enableFullScreen":false,"showScorePoints":true,"showTitle":true},"grabbablePrefix":"Grabbable {num} of {total}.","grabbableSuffix":"Placed in dropzone {num}.","dropzonePrefix":"Dropzone {num} of {total}.","noDropzone":"No dropzone.","tipLabel":"Show tip.","tipAvailable":"Tip available","correctAnswer":"Correct answer","wrongAnswer":"Wrong answer","feedbackHeader":"Feedback","scoreBarLabel":"You got :num out of :total points","scoreExplanationButtonLabel":"Show score explanation","a11yCheck":"Check the answers. The responses will be marked as correct, incorrect, or unanswered.","a11yRetry":"Retry the task. Reset all responses and start the task over again.","localize":{"fullscreen":"Fullscreen","exitFullscreen":"Exit fullscreen"},"submit":"Submit"},"library":"H5P.DragQuestion 1.14","metadata":{"contentType":"Drag and Drop","license":"U","title":"Drag the properties of metal and non-metal to their respective place."},"subContentId":"ce8b52ef-2f91-4369-b6fd-4eba7069a58f"},"useSeparator":"enabled"},{"content":{"params":{"contentName":"Image","alt":"bronze","file":{"path":"images\/file-60f682aa07c5e.png","mime":"image\/png","copyright":{"license":"U"},"width":1300,"height":250},"decorative":false,"expandImage":"Expand Image","minimizeImage":"Minimize Image"},"library":"H5P.Image 1.1","metadata":{"contentType":"Image","license":"U","title":"Untitled Image"},"subContentId":"385b142b-3d8d-420e-9018-943a4c3dec8e"},"useSeparator":"enabled"},{"content":{"params":{"media":{"disableImageZooming":false},"correct":"false","behaviour":{"enableRetry":true,"enableSolutionsButton":true,"enableCheckButton":true,"confirmCheckDialog":false,"confirmRetryDialog":false,"autoCheck":false},"l10n":{"trueText":"True","falseText":"False","score":"You got @score of @total points","checkAnswer":"Check","showSolutionButton":"Show solution","tryAgain":"Retry","wrongAnswerMessage":"Wrong answer","correctAnswerMessage":"Correct answer","scoreBarLabel":"You got :num out of :total points","a11yCheck":"Check the answers. The responses will be marked as correct, incorrect, or unanswered.","a11yShowSolution":"Show the solution. The task will be marked with its correct solution.","a11yRetry":"Retry the task. Reset all responses and start the task over again.","submitAnswer":"Submit"},"confirmCheck":{"header":"Finish ?","body":"Are you sure you wish to finish ?","cancelLabel":"Cancel","confirmLabel":"Finish"},"confirmRetry":{"header":"Retry ?","body":"Are you sure you wish to retry ?","cancelLabel":"Cancel","confirmLabel":"Confirm"},"question":"<p><strong>Bronze is an alloy made of copper and gold.<\/strong><\/p>\n"},"library":"H5P.TrueFalse 1.8","metadata":{"contentType":"True\/False Question","license":"U","title":"True or false"},"subContentId":"bd7ffbff-1f32-40a7-89e5-42b01789f4ea"},"useSeparator":"disabled"},{"content":{"params":{"contentName":"Image","alt":"brass","file":{"path":"images\/file-60f682b4b23d9.png","mime":"image\/png","copyright":{"license":"U"},"width":1300,"height":250},"decorative":false,"expandImage":"Expand Image","minimizeImage":"Minimize Image"},"library":"H5P.Image 1.1","metadata":{"contentType":"Image","license":"U","title":"Untitled Image"},"subContentId":"40ba7ddc-0cdc-4c9b-8127-e22018986094"},"useSeparator":"enabled"},{"content":{"params":{"media":{"disableImageZooming":false},"answers":[{"correct":true,"tipsAndFeedback":{"tip":"","chosenFeedback":"","notChosenFeedback":""},"text":"<div><strong>Copper and zinc<\/strong><\/div>\n"},{"correct":false,"tipsAndFeedback":{"tip":"","chosenFeedback":"","notChosenFeedback":""},"text":"<div><strong>Copper and tin<\/strong><\/div>\n"},{"correct":false,"tipsAndFeedback":{"tip":"","chosenFeedback":"","notChosenFeedback":""},"text":"<div><strong>Gold and silver<\/strong><\/div>\n"},{"correct":false,"tipsAndFeedback":{"tip":"","chosenFeedback":"","notChosenFeedback":""},"text":"<div><strong>Sulpher and graphite<\/strong><\/div>\n"}],"overallFeedback":[{"from":0,"to":100}],"behaviour":{"enableRetry":true,"enableSolutionsButton":true,"enableCheckButton":true,"type":"auto","singlePoint":false,"randomAnswers":true,"showSolutionsRequiresInput":true,"confirmCheckDialog":false,"confirmRetryDialog":false,"autoCheck":false,"passPercentage":100,"showScorePoints":true},"UI":{"checkAnswerButton":"Check","showSolutionButton":"Show solution","tryAgainButton":"Retry","tipsLabel":"Show tip","scoreBarLabel":"You got :num out of :total points","tipAvailable":"Tip available","feedbackAvailable":"Feedback available","readFeedback":"Read feedback","wrongAnswer":"Wrong answer","correctAnswer":"Correct answer","shouldCheck":"Should have been checked","shouldNotCheck":"Should not have been checked","noInput":"Please answer before viewing the solution","a11yCheck":"Check the answers. The responses will be marked as correct, incorrect, or unanswered.","a11yShowSolution":"Show the solution. The task will be marked with its correct solution.","a11yRetry":"Retry the task. Reset all responses and start the task over again.","submitAnswerButton":"Submit"},"confirmCheck":{"header":"Finish ?","body":"Are you sure you wish to finish ?","cancelLabel":"Cancel","confirmLabel":"Finish"},"confirmRetry":{"header":"Retry ?","body":"Are you sure you wish to retry ?","cancelLabel":"Cancel","confirmLabel":"Confirm"},"question":"<p><strong>Brass is an alloy made of .......<\/strong><\/p>\n"},"library":"H5P.MultiChoice 1.16","metadata":{"contentType":"Multiple Choice","license":"U","title":"."},"subContentId":"da2843be-6e33-4aba-8c42-37efe278ac0a"},"useSeparator":"disabled"},{"content":{"params":{"contentName":"Image","alt":"thyroid cancer","file":{"path":"images\/file-60f682c6247b5.png","mime":"image\/png","copyright":{"license":"U"},"width":1300,"height":250},"decorative":false,"expandImage":"Expand Image","minimizeImage":"Minimize Image"},"library":"H5P.Image 1.1","metadata":{"contentType":"Image","license":"U","title":"Untitled Image"},"subContentId":"84203895-9d96-423f-a0ce-fe7b3c18a266"},"useSeparator":"enabled"},{"content":{"params":{"media":{"disableImageZooming":false},"text":"<p><strong>Fill in the blanks<\/strong><\/p>\n","overallFeedback":[{"from":0,"to":100}],"showSolutions":"Show solution","tryAgain":"Retry","checkAnswer":"Check","notFilledOut":"Please fill in all blanks to view solution","answerIsCorrect":"&#039;:ans&#039; is correct","answerIsWrong":"&#039;:ans&#039; is wrong","answeredCorrectly":"Answered correctly","answeredIncorrectly":"Answered incorrectly","solutionLabel":"Correct answer:","inputLabel":"Blank input @num of @total","inputHasTipLabel":"Tip available","tipLabel":"Tip","behaviour":{"enableRetry":true,"enableSolutionsButton":true,"enableCheckButton":true,"autoCheck":false,"caseSensitive":false,"showSolutionsRequiresInput":true,"separateLines":false,"confirmCheckDialog":false,"confirmRetryDialog":false,"acceptSpellingErrors":false},"scoreBarLabel":"You got :num out of :total points","a11yCheck":"Check the answers. The responses will be marked as correct, incorrect, or unanswered.","a11yShowSolution":"Show the solution. The task will be marked with its correct solution.","a11yRetry":"Retry the task. Reset all responses and start the task over again.","a11yCheckingModeHeader":"Checking mode","confirmCheck":{"header":"Finish ?","body":"Are you sure you wish to finish ?","cancelLabel":"Cancel","confirmLabel":"Finish"},"confirmRetry":{"header":"Retry ?","body":"Are you sure you wish to retry ?","cancelLabel":"Cancel","confirmLabel":"Confirm"},"questions":["<p><strong>*Iodine* is used to treat thyroid cancer.<\/strong><\/p>\n"],"submitAnswer":"Submit"},"library":"H5P.Blanks 1.14","metadata":{"contentType":"Fill in the Blanks","license":"U","title":"."},"subContentId":"feef595a-7a1d-4718-a68f-d2601356025b"},"useSeparator":"auto"}]}