{"cards":[{"text":"________ statement accepts data to a variable which are stored in DATA statement.","answer":"Read","image":{"path":"images\/image-60ec58fe5e2cb.jpg","mime":"image\/jpeg","copyright":{"license":"U"},"width":360,"height":360},"tip":""},{"text":"You can insert the CLS statement anywhere in a program. True or false?","answer":"True","image":{"path":"images\/image-60ec56b437a1a.png","mime":"image\/png","copyright":{"license":"U"},"width":860,"height":900},"tip":""},{"text":"Which statement allows users to enter value to variable during program execution?","answer":"Input\/Input statement","image":{"path":"images\/image-60ec58ad794a5.jpg","mime":"image\/jpeg","copyright":{"license":"U"},"width":600,"height":600},"tip":""},{"text":"What is used to end the program?","answer":"End\/End statement","image":{"path":"images\/image-60ec585fe707a.jpg","mime":"image\/jpeg","copyright":{"license":"U"},"width":238,"height":250},"tip":""},{"text":"_______ displays the value or values of variables on the screen.","answer":"PRINT","tip":"<p>Command that is used to print in QBASIC<\/p>\n","image":{"path":"images\/image-60ec57dd6bb3c.jpg","mime":"image\/jpeg","copyright":{"license":"U"},"width":580,"height":400}},{"text":"______ is used to assign value to a variable.","answer":"Let","image":{"path":"images\/image-60ec574c0ce61.png","mime":"image\/png","copyright":{"license":"U"},"width":390,"height":246,"originalImage":{"path":"images\/image-60ec5744f21d0.png#tmp","mime":"image\/png","height":250,"width":1200}},"tip":""},{"text":"Which command is used to put remarks to a program or a line of statement to make the code more understandable?","answer":"REM","image":{"path":"images\/image-60ec5713908a3.png","mime":"image\/png","copyright":{"license":"U"},"width":946,"height":980},"tip":""},{"text":"What as the first line of every program so that the screen is cleared each time the program runs?","answer":"CLS","tip":"<p style=\"text-align: center;\"><strong>syntax that clers screen<\/strong><\/p>\n\n<p style=\"text-align: center;\">&nbsp;<\/p>\n","image":{"path":"images\/image-60ec5689c2da3.png","mime":"image\/png","copyright":{"license":"U"},"width":860,"height":900}},{"text":"What is the grammar of writing the statement in a language?","answer":"Syntax","image":{"path":"images\/image-60ec561b1f09d.png","mime":"image\/png","copyright":{"license":"U"},"width":439,"height":246,"originalImage":{"path":"images\/image-60ec560fdc39b.png#tmp","mime":"image\/png","height":250,"width":1200}},"tip":""},{"text":"_______ is the word used in QBASIC to perform specific task in a program.","answer":"BASIC","image":{"path":"images\/image-60ec55d2ee221.gif","mime":"image\/gif","copyright":{"license":"U"},"width":568,"height":308},"tip":""}],"progressText":"Card @card of @total","next":"Next","previous":"Previous","checkAnswerText":"Check","showSolutionsRequiresInput":true,"defaultAnswerText":"Your answer","correctAnswerText":"Correct","incorrectAnswerText":"Incorrect","showSolutionText":"Correct answer","results":"Results","ofCorrect":"@score of @total correct","showResults":"Show results","answerShortText":"A:","retry":"Retry","caseSensitive":false,"cardAnnouncement":"Incorrect answer. Correct answer was @answer","pageAnnouncement":"Page @current of @total","description":"Guess the statements used for the following tasks.","correctAnswerAnnouncement":"@answer is correct.","randomCards":false}