{"mode":"repetition","description":"<p style=\"text-align: center;\"><strong>Guess the correct answer<\/strong><\/p>\n","dialogs":[{"tips":{},"answer":"<p style=\"text-align: center;\"><strong>1. Click your SmartArt graphic.<br>\n2. Under SmartArt Tools, on the Design tab, in the SmartArt Styles group.<br>\n3. Click the SmartArt Style that you want.<\/strong><\/p>\n","text":"<p style=\"text-align: center;\"><strong>Mention steps to  apply a SmartArt Style to a SmartArt graphic.<\/strong><\/p>\n","image":{"path":"images\/image-60f005dede7d8.png","mime":"image\/png","copyright":{"license":"U"},"width":341,"height":157}},{"tips":{},"text":"<p style=\"text-align: center;\"><strong>Does MS Word support smart art graphics?<\/strong><\/p>\n","answer":"<p style=\"text-align: center;\"><strong>Yes<\/strong><\/p>\n","image":{"path":"images\/image-60f0057debc91.png","mime":"image\/png","copyright":{"license":"U"},"width":800,"height":436}},{"tips":{},"text":"<p style=\"text-align: center;\"><strong>You can use 3-D shapes in smart art graphics. True or false?<\/strong><\/p>\n","answer":"<p style=\"text-align: center;\"><strong>True<\/strong><\/p>\n","image":{"path":"images\/image-60f0018adfa74.jpg","mime":"image\/jpeg","copyright":{"license":"U"},"width":600,"height":510}},{"tips":{"front":"Yes or no"},"text":"<p style=\"text-align: center;\"><strong>Can you add animation to your SmartArt graphic in word?<\/strong><\/p>\n","answer":"<p style=\"text-align: center;\"><strong>No<\/strong><\/p>\n","image":{"path":"images\/image-60f001264db52.gif","mime":"image\/gif","copyright":{"license":"U"},"width":800,"height":600}},{"tips":{},"text":"<p style=\"text-align: center;\">_______<strong>&nbsp;is a visual representation of your information and ideas.&nbsp;<\/strong><\/p>\n","answer":"<p style=\"text-align: center;\"><strong>SmartArt graphic<\/strong><\/p>\n","image":{"path":"images\/image-60f0009d3fb9f.jpg","mime":"image\/jpeg","copyright":{"license":"U"},"width":512,"height":271}},{"tips":{},"text":"<p style=\"text-align: center;\"><strong>How can you redo last thing you did?<\/strong><\/p>\n","answer":"<p style=\"text-align: center;\"><strong>By pressing [ CTRL+Y ]<\/strong><\/p>\n","image":{"path":"images\/image-60f00049ab9f5.jpg","mime":"image\/jpeg","copyright":{"license":"U"},"width":626,"height":626}},{"tips":{},"text":"<p style=\"text-align: center;\"><strong>How can you undo last thing you did?<\/strong><\/p>\n","answer":"<p style=\"text-align: center;\"><strong>By pressing [ CTRL+Z ]<\/strong><\/p>\n","image":{"path":"images\/image-60efffda33260.png","mime":"image\/png","copyright":{"license":"U"},"width":225,"height":225}},{"tips":{},"text":"<p style=\"text-align: center;\"><strong>List steps for changing colours in smart art graphics.<\/strong><\/p>\n","answer":"<p style=\"text-align: center;\"><strong>1. Click your SmartArt graphic. <\/strong><\/p>\n\n<p style=\"text-align: center;\"><strong>2. Under SmartArt Tools, on the Design tab, in the SmartArt Styles group, click Change Colors. If you don't see the SmartArt Tools or Design tabs, make sure that you've selected a SmartArt graphic. <\/strong><\/p>\n\n<p style=\"text-align: center;\"><strong>3. Click the color variation that you want.<\/strong><\/p>\n","image":{"path":"images\/image-60efff7f9642a.jpg","mime":"image\/jpeg","copyright":{"license":"U"},"width":1081,"height":574}},{"tips":{},"text":"<p style=\"text-align: center;\"><strong>You can apply color variations that are derived from the theme colors to the shapes in your SmartArt graphic.True or False?<\/strong><\/p>\n","answer":"<p style=\"text-align: center;\"><strong>True<\/strong><\/p>\n","image":{"path":"images\/image-60efff1b8794e.jpg","mime":"image\/jpeg","copyright":{"license":"U"},"width":512,"height":271}},{"tips":{},"text":"<p style=\"text-align: center;\"><strong>List steps for creating a SmartArt graphic and adding text to it.<\/strong><\/p>\n","answer":"<p style=\"text-align: center;\"><strong>1. On the Insert tab, in the Illustrations group, click SmartArt.<br>\n2. In the Choose a SmartArt Graphic dialog box, click the type and layout that you want.<br>\n3. Enter your text by doing one of the following:<br>\n\u2022 Click [Text] in the Text pane, and then type your text.<br>\n\u2022 Copy text from another location or program,<br>\n\u2022 Click [Text] in the Text pane, and then paste your text<\/strong><\/p>\n","image":{"path":"images\/image-60effeb9c1725.png","mime":"image\/png","copyright":{"license":"U"},"width":341,"height":157}}],"behaviour":{"enableRetry":true,"disableBackwardsNavigation":false,"scaleTextNotCard":false,"randomCards":false,"maxProficiency":5,"quickProgression":false},"answer":"Turn","next":"Next","prev":"Previous","retry":"Retry","correctAnswer":"I got it right!","incorrectAnswer":"I got it wrong","round":"Round @round","cardsLeft":"Cards left: @number","nextRound":"Proceed to round @round","startOver":"Start over","showSummary":"Next","summary":"Summary","summaryCardsRight":"Cards you got right:","summaryCardsWrong":"Cards you got wrong:","summaryCardsNotShown":"Cards in pool not shown:","summaryOverallScore":"Overall Score","summaryCardsCompleted":"Cards you have completed learning:","summaryCompletedRounds":"Completed rounds:","summaryAllDone":"Well done! You got all @cards cards correct @max times in a row!","progressText":"Card @card of @total","cardFrontLabel":"Card front","cardBackLabel":"Card back","tipButtonLabel":"Show tip","audioNotSupported":"Your browser does not support this audio","confirmStartingOver":{"header":"Start over?","body":"All progress will be lost. Are you sure you want to start over?","cancelLabel":"Cancel","confirmLabel":"Start over"},"title":"<p>&nbsp;&nbsp;<\/p>\n"}