{"cards":[{"text":"Solid waste are the waste materials that exist in solid state. Yes or No?","answer":"Yes","tip":"","image":{"path":"images\/image-60e9380e64d5f.jpg","mime":"image\/jpeg","copyright":{"license":"U"},"width":519,"height":497,"originalImage":{"path":"images\/image-60e937ee1acf2.jpg#tmp","mime":"image\/jpeg","height":993,"width":1000}}},{"text":"Solid wastes are classified into 10 groups. Yes or No?","answer":"No","tip":"","image":{"path":"images\/image-60e939805455d.jpg","mime":"image\/jpeg","copyright":{"license":"U"},"width":481,"height":497,"originalImage":{"path":"images\/image-60e9397110a3a.jpg#tmp","mime":"image\/jpeg","height":1080,"width":1000}}},{"text":"Biodegradable wastes are the solid wastes that decay easily. Yes or No?","answer":"Yes","tip":"","image":{"path":"images\/image-60e9395f9af28.jpg","mime":"image\/jpeg","copyright":{"license":"U"},"width":450,"height":450}},{"tip":"<p style=\"text-align: center;\"><em>Ans in (yes or no).<\/em><\/p>\n","text":"Do non-biodegradable wastes decay due to microbes? Yes or No?","answer":"No","image":{"path":"images\/image-60e9395af20e8.jpg","mime":"image\/jpeg","copyright":{"license":"U"},"width":400,"height":419}},{"tip":"<p><strong>Landfill\/Compost<\/strong><\/p>\n","text":"____ is the organic manure produced by decaying biodegradable wastes.","answer":"Compost","image":{"path":"images\/image-60e93941c9743.jpg","mime":"image\/jpeg","copyright":{"license":"U"},"width":825,"height":488,"originalImage":{"path":"images\/image-60e9392f718df.jpg#tmp","mime":"image\/jpeg","height":780,"width":1000}}},{"tip":"","text":"Recycling is the process of treating things that have already been used. Yes or No?","answer":"Yes","image":{"path":"images\/image-60e9391e515ba.jpg","mime":"image\/jpeg","copyright":{"license":"U"},"width":612,"height":612}},{"tip":"<p style=\"text-align: center;\"><em>Ans in (true or false).<\/em><\/p>\n","text":"Preparing compost and manure is an artificial way of reducing wastes. Yes or No?","answer":"No","image":{"path":"images\/image-60e938dd4111c.jpg","mime":"image\/jpeg","copyright":{"license":"U"},"width":485,"height":497,"originalImage":{"path":"images\/image-60e938ce8adcc.jpg#tmp","mime":"image\/jpeg","height":1080,"width":1000}}},{"tip":"<p><strong>Landfill\/Compost<\/strong><\/p>\n","text":"The process of burying waste materials under the ground is called ____ .","answer":"Landfill","image":{"path":"images\/image-60e938b4e6743.jpg","mime":"image\/jpeg","copyright":{"license":"U"},"width":810,"height":497,"originalImage":{"path":"images\/image-60e9389d61906.jpg#tmp","mime":"image\/jpeg","height":780,"width":1000}}},{"tip":"","text":"Incineration is the process of burning waste materials at low temperatures. Yes or No?","answer":"No","image":{"path":"images\/image-60e9386b51efa.png","mime":"image\/png","copyright":{"license":"U"},"width":393,"height":457,"originalImage":{"path":"images\/image-60e93832ebf06.png#tmp","mime":"image\/png","height":486,"width":434}}},{"tip":"","text":"Reduce, Reuse, and Recycle are the 3R&#039;s used for waste management. Yes or No?","answer":"Yes","image":{"path":"images\/image-60e9381e6bb06.png","mime":"image\/png","copyright":{"license":"U"},"width":307,"height":164}}],"progressText":"Card @card of @total","next":"Next","previous":"Previous","checkAnswerText":"Check","showSolutionsRequiresInput":true,"defaultAnswerText":"Your answer","correctAnswerText":"Correct","incorrectAnswerText":"Incorrect","showSolutionText":"Correct answer","results":"Results","ofCorrect":"@score of @total correct","showResults":"Show results","answerShortText":"A:","retry":"Retry","caseSensitive":false,"cardAnnouncement":"Incorrect answer. Correct answer was @answer","pageAnnouncement":"Page @current of @total","description":"Read the questions properly and fill in the correct answers.","correctAnswerAnnouncement":"@answer is correct.","randomCards":true}