{"cards":[{"tip":"<p><strong>Electricity\/Cooking fuel<\/strong><\/p>\n","text":"What can we generate using water?","answer":"Electricity","image":{"path":"images\/image-60e6de2eca9e8.jpg","mime":"image\/jpeg","copyright":{"license":"U"},"width":499,"height":497,"originalImage":{"path":"images\/image-60e6de1a833a3.jpg#tmp","mime":"image\/jpeg","height":1080,"width":1000}}},{"tip":"","text":"Spouts is one of the sources of water. Is it true or false?","answer":"True","image":{"path":"images\/image-60e6de070e916.jpg","mime":"image\/jpeg","copyright":{"license":"U"},"width":232,"height":218}},{"tip":"","text":"We do not need to boil or filter water before drinking it. Is it true or false?","answer":"False","image":{"path":"images\/image-60e6ddfeb5d78.jpg","mime":"image\/jpeg","copyright":{"license":"U"},"width":444,"height":497,"originalImage":{"path":"images\/image-60e6ddf11729a.jpg#tmp","mime":"image\/jpeg","height":1080,"width":1000}}},{"tip":"<p><strong>River water\/Pure water<\/strong><\/p>\n","text":"What kind of water is clean water without germs and other impurities?","answer":"Pure water","image":{"path":"images\/image-60e6ddd18ed18.jpg","mime":"image\/jpeg","copyright":{"license":"U"},"width":677,"height":497,"originalImage":{"path":"images\/image-60e6ddc675e6d.jpg#tmp","mime":"image\/jpeg","height":915,"width":1000}}},{"tip":"","text":"What can we add to water to purify it?","answer":"Chlorine","image":{"path":"images\/image-60e6dd8dda14c.jpg","mime":"image\/jpeg","copyright":{"license":"U"},"width":760,"height":461,"originalImage":{"path":"images\/image-60e6dd7825302.jpg#tmp","mime":"image\/jpeg","height":780,"width":1000}}},{"tip":"","text":"We can purify water using electrical method. Is it true or false?","answer":"True","image":{"path":"images\/image-60e6dd6ba8e93.jpg","mime":"image\/jpeg","copyright":{"license":"U"},"width":574,"height":497,"originalImage":{"path":"images\/image-60e6dd6156520.jpg#tmp","mime":"image\/jpeg","height":1080,"width":1000}}},{"tip":"","answer":"Yes","text":"Can we use water in irrigation? Yes or No?","image":{"path":"images\/image-60e6dd5894835.jpg","mime":"image\/jpeg","copyright":{"license":"U"},"width":525,"height":497,"originalImage":{"path":"images\/image-60e6dd4f8b45e.jpg#tmp","mime":"image\/jpeg","height":1080,"width":1000}}},{"tip":"<p><strong>Minerals\/Fats<\/strong><\/p>\n","text":"What should drinking water be rich in?","answer":"Minerals","image":{"path":"images\/image-65797100b5bec.png","mime":"image\/png","copyright":{"license":"U"},"width":512,"height":512}},{"tip":"","text":"Living beings can easily survive without water. Is it true or false?","answer":"False","image":{"path":"images\/image-60e6dd2cd8e06.jpg","mime":"image\/jpeg","copyright":{"license":"U"},"width":408,"height":497,"originalImage":{"path":"images\/image-60e6dd1eca4b0.jpg#tmp","mime":"image\/jpeg","height":1080,"width":799}}},{"tip":"","answer":"True","text":"We can fall ill due to contaminated water. Is it true or false?","image":{"path":"images\/image-60e6dd10b2927.jpg","mime":"image\/jpeg","copyright":{"license":"U"},"width":570,"height":497,"originalImage":{"path":"images\/image-60e6dcfe6d732.jpg#tmp","mime":"image\/jpeg","height":959,"width":1000}}}],"progressText":"Card @card of @total","next":"Next","previous":"Previous","checkAnswerText":"Check","showSolutionsRequiresInput":true,"defaultAnswerText":"Your answer","correctAnswerText":"Correct","incorrectAnswerText":"Incorrect","showSolutionText":"Correct answer","results":"Results","ofCorrect":"@score of @total correct","showResults":"Show results","answerShortText":"A:","retry":"Retry","caseSensitive":false,"cardAnnouncement":"Incorrect answer. Correct answer was @answer","pageAnnouncement":"Page @current of @total","description":"Read the questions carefully and answer the questions.","correctAnswerAnnouncement":"@answer is correct.","randomCards":true}