{"mode":"repetition","description":"<p style=\"text-align: center;\"><strong>Learn about jumping by guessing the answers.<\/strong><\/p>\n","dialogs":[{"tips":{},"text":"<p style=\"text-align: center;\"><strong>What is Jumping?<\/strong><\/p>\n","answer":"<p style=\"text-align: center;\"><strong>Jumping is the act of lifting our whole body leaving the ground.<\/strong><\/p>\n","image":{"path":"images\/image-60ed581b9d4bf.jpg","mime":"image\/jpeg","copyright":{"license":"U"},"width":349,"height":497,"originalImage":{"path":"images\/image-60ed57ee812b2.jpg#tmp","mime":"image\/jpeg","height":1080,"width":700}}},{"tips":{},"text":"<p style=\"text-align: center;\"><strong>To jump over a rope which is held at both ends is called .......<\/strong><\/p>\n","answer":"<p style=\"text-align: center;\"><strong>Skipping<\/strong><\/p>\n","image":{"path":"images\/image-60ed5858e860b.png","mime":"image\/png","copyright":{"license":"U"},"width":466,"height":800}},{"tips":{},"text":"<p style=\"text-align: center;\"><strong>There are 4 steps of long jump, They are:<\/strong><\/p>\n","answer":"<p style=\"text-align: center;\"><strong>a. Approach<\/strong><\/p>\n\n<p style=\"text-align: center;\"><strong>b. Take off<\/strong><\/p>\n\n<p style=\"text-align: center;\"><strong>c. Flight<\/strong><\/p>\n\n<p style=\"text-align: center;\"><strong>d. Landing<\/strong><\/p>\n","image":{"path":"images\/image-60ed589c7b815.jpg","mime":"image\/jpeg","copyright":{"license":"U"},"width":626,"height":327}},{"tips":{},"text":"<p style=\"text-align: center;\"><strong>There are ..... steps of high jump.<\/strong><\/p>\n","answer":"<p style=\"text-align: center;\"><strong>Four (4)<\/strong><\/p>\n","image":{"path":"images\/image-60ed596c33d43.png","mime":"image\/png","copyright":{"license":"U"},"width":360,"height":360}},{"tips":{},"text":"<p style=\"text-align: center;\"><strong>Identify the given figure and name the activity.<\/strong><\/p>\n","answer":"<p style=\"text-align: center;\"><strong>Skipping<\/strong><\/p>\n","image":{"path":"images\/image-60ed5a3f8dcfa.png","mime":"image\/png","copyright":{"license":"U"},"width":920,"height":544}},{"tips":{},"text":"<p style=\"text-align: center;\"><strong>Identify the given image and name the activity.<\/strong><\/p>\n","answer":"<p style=\"text-align: center;\"><strong>Long jump<\/strong><\/p>\n","image":{"path":"images\/image-60ed5ab5de623.jpg","mime":"image\/jpeg","copyright":{"license":"U"},"width":612,"height":433}},{"tips":{},"text":"<p style=\"text-align: center;\"><strong>What is the third step of high jump?<\/strong><\/p>\n","answer":"<p style=\"text-align: center;\"><strong>Flight<\/strong><\/p>\n","image":{"path":"images\/image-60ed5ba39c58c.png","mime":"image\/png","copyright":{"license":"U"},"width":1000,"height":1000}},{"tips":{},"text":"<p style=\"text-align: center;\"><strong>The activity shown in image indicates of .......<\/strong><\/p>\n","answer":"<p style=\"text-align: center;\"><strong>Landing<\/strong><\/p>\n","image":{"path":"images\/image-60ed5e445fe18.png","mime":"image\/png","copyright":{"license":"U"},"width":920,"height":703}},{"tips":{},"text":"<p style=\"text-align: center;\"><strong>Why is jumping skill required?<\/strong><\/p>\n","answer":"<p style=\"text-align: center;\"><strong>Jumping skill is required to escape hurdles.<\/strong><\/p>\n","image":{"path":"images\/image-60ed5eec59209.png","mime":"image\/png","copyright":{"license":"U"},"width":860,"height":830}},{"tips":{},"text":"<p style=\"text-align: center;\"><strong>Why is sand pit required?<\/strong><\/p>\n","answer":"<p style=\"text-align: center;\"><strong>Sand pit is required for safe landing of long jump and high jump.<\/strong><\/p>\n","image":{"path":"images\/image-60ed60436f802.png","mime":"image\/png","copyright":{"license":"U"},"width":1349,"height":160}}],"behaviour":{"enableRetry":true,"disableBackwardsNavigation":false,"scaleTextNotCard":false,"randomCards":false,"maxProficiency":5,"quickProgression":false},"answer":"Turn","next":"Next","prev":"Previous","retry":"Retry","correctAnswer":"I got it right!","incorrectAnswer":"I got it wrong","round":"Round @round","cardsLeft":"Cards left: @number","nextRound":"Proceed to round @round","startOver":"Start over","showSummary":"Next","summary":"Summary","summaryCardsRight":"Cards you got right:","summaryCardsWrong":"Cards you got wrong:","summaryCardsNotShown":"Cards in pool not shown:","summaryOverallScore":"Overall Score","summaryCardsCompleted":"Cards you have completed learning:","summaryCompletedRounds":"Completed rounds:","summaryAllDone":"Well done! You got all @cards cards correct @max times in a row!","progressText":"Card @card of @total","cardFrontLabel":"Card front","cardBackLabel":"Card back","tipButtonLabel":"Show tip","audioNotSupported":"Your browser does not support this audio","confirmStartingOver":{"header":"Start over?","body":"All progress will be lost. Are you sure you want to start over?","cancelLabel":"Cancel","confirmLabel":"Start over"},"title":"<p style=\"text-align: center;\"><strong>Jumping<\/strong><\/p>\n"}