{"mode":"repetition","description":"<p style=\"text-align: center;\"><strong>Guess the answer<\/strong><\/p>\n","dialogs":[{"tips":{},"text":"<p style=\"text-align: center;\"><strong>Special-Purpose Computers is compatirively faster than General-Purpose computer. True or False?<\/strong><\/p>\n","answer":"<p style=\"text-align: center;\"><strong>True<\/strong><\/p>\n","image":{"path":"images\/image-60eac6dd8f185.png","mime":"image\/png","copyright":{"license":"U"},"width":238,"height":250}},{"tips":{},"text":"<p style=\"text-align: center;\"><strong>Special-Purpose Computers are designed to perform various different tasks. True or false?<\/strong><\/p>\n","answer":"<p style=\"text-align: center;\"><strong>False<\/strong><\/p>\n","image":{"path":"images\/image-60eac6a199c9c.png","mime":"image\/png","copyright":{"license":"U"},"width":696,"height":448}},{"tips":{},"text":"<p style=\"text-align: center;\"><strong>Genral-Purpose computer cannot be used to play games. True or False?<\/strong><\/p>\n","answer":"<p style=\"text-align: center;\"><strong>False<\/strong><\/p>\n","image":{"path":"images\/image-60eac6507d735.jpg","mime":"image\/jpeg","copyright":{"license":"U"},"width":612,"height":612}},{"tips":{},"text":"<p style=\"text-align: center;\"><strong>_______ computers have to perform only one task, therefore they are fast in processing.<\/strong><\/p>\n","answer":"<p style=\"text-align: center;\"><strong>Dedicated Computers<\/strong><\/p>\n","image":{"path":"images\/image-60eac109a5ba0.png","mime":"image\/png","copyright":{"license":"U"},"width":238,"height":250}},{"tips":{},"text":"<p style=\"text-align: center;\"><strong>Aircraft's automatic pilot is an example of _____.<\/strong><\/p>\n","answer":"<p style=\"text-align: center;\"><strong>Dedicated Computer<\/strong><\/p>\n","image":{"path":"images\/image-60eac07cc6659.png","mime":"image\/png","copyright":{"license":"U"},"width":254,"height":198}},{"tips":{},"text":"<p style=\"text-align: center;\"><strong>Computers designed to perform specific task are called?<\/strong><\/p>\n","answer":"<p style=\"text-align: center;\"><strong>Special-Purpose Computers<\/strong><\/p>\n","image":{"path":"images\/image-60eabe908bbe9.jpg","mime":"image\/jpeg","copyright":{"license":"U"},"width":575,"height":241,"originalImage":{"path":"images\/image-60eabe84a2d8f.jpg#tmp","mime":"image\/jpeg","height":250,"width":1200}}},{"tips":{},"text":"<p style=\"text-align: center;\"><strong>Can General-purpose computers be used for word processing, spreadsheets, database management, presentation graphics, graphic design and browsing internet?<\/strong><\/p>\n","answer":"<p style=\"text-align: center;\"><strong>Yes<\/strong><\/p>\n","image":{"path":"images\/image-60eabe1e17036.png","mime":"image\/png","copyright":{"license":"U"},"width":640,"height":246,"originalImage":{"path":"images\/image-60eabe1417e1a.png#tmp","mime":"image\/png","height":250,"width":1200}}},{"tips":{},"answer":"<p style=\"text-align: center;\"><strong>General Purpose computers<\/strong><br>\n&nbsp;<\/p>\n","text":"<p style=\"text-align: center;\"><strong>Most computers in use today are?<\/strong><\/p>\n","image":{"path":"images\/image-60eabd90a18a1.jpg","mime":"image\/jpeg","copyright":{"license":"U"},"width":612,"height":612}},{"tips":{},"text":"<p style=\"text-align: center;\"><strong>How can computers be categorized on the basis of purpose?<\/strong><\/p>\n","answer":"<p style=\"text-align: center;\"><strong>a. General-Purpose Computers<\/strong><\/p>\n\n<p style=\"text-align: center;\"><strong>b. Special-Purpose Computers<\/strong><\/p>\n","image":{"path":"images\/image-60eabd4925d2e.jpg","mime":"image\/jpeg","copyright":{"license":"U"},"width":642,"height":243,"originalImage":{"path":"images\/image-60eabd3cc8e8e.jpg#tmp","mime":"image\/jpeg","height":250,"width":1200}}},{"tips":{},"text":"<p style=\"text-align: center;\"><strong>What are are also known as dedicated computers?<\/strong><\/p>\n","answer":"<p style=\"text-align: center;\"><strong>Special purpose computers<\/strong><\/p>\n","image":{"path":"images\/image-60eabef60489c.jpg","mime":"image\/jpeg","copyright":{"license":"U"},"width":597,"height":245,"originalImage":{"path":"images\/image-60eabee9559b4.jpg#tmp","mime":"image\/jpeg","height":250,"width":1200}}}],"behaviour":{"enableRetry":true,"disableBackwardsNavigation":false,"scaleTextNotCard":false,"randomCards":false,"maxProficiency":5,"quickProgression":false},"answer":"Turn","next":"Next","prev":"Previous","retry":"Retry","correctAnswer":"I got it right!","incorrectAnswer":"I got it wrong","round":"Round @round","cardsLeft":"Cards left: @number","nextRound":"Proceed to round @round","startOver":"Start over","showSummary":"Next","summary":"Summary","summaryCardsRight":"Cards you got right:","summaryCardsWrong":"Cards you got wrong:","summaryCardsNotShown":"Cards in pool not shown:","summaryOverallScore":"Overall Score","summaryCardsCompleted":"Cards you have completed learning:","summaryCompletedRounds":"Completed rounds:","summaryAllDone":"Well done! You got all @cards cards correct @max times in a row!","progressText":"Card @card of @total","cardFrontLabel":"Card front","cardBackLabel":"Card back","tipButtonLabel":"Show tip","audioNotSupported":"Your browser does not support this audio","confirmStartingOver":{"header":"Start over?","body":"All progress will be lost. Are you sure you want to start over?","cancelLabel":"Cancel","confirmLabel":"Start over"},"title":"<p style=\"text-align: center;\"><strong>On the basis of purpose<\/strong><\/p>\n"}