{"cards":[{"text":"The style in which the text appears in your documents is called the _____.","answer":"Font","image":{"path":"images\/image-60effa4967974.jpg","mime":"image\/jpeg","copyright":{"license":"U"},"width":500,"height":520},"tip":""},{"text":"Keyboard shortcuts to center align is?","answer":"Ctrl+E","image":{"path":"images\/image-60effc57890fb.jpg","mime":"image\/jpeg","copyright":{"license":"U"},"width":800,"height":566},"tip":"<p style=\"text-align: center;\"><strong>Donot put spaces between the keys, instead put a + sign between them<\/strong><\/p>\n"},{"text":"Keyboard shortcut for fully justified alignment is _______.","answer":"Ctrl+J","image":{"path":"images\/image-60effd7904830.png","mime":"image\/png","copyright":{"license":"U"},"width":225,"height":225},"tip":"<p style=\"text-align: center;\"><strong>Donot put spaces between the keys, instead put a + sign between them<\/strong><\/p>\n"},{"text":"If you need to add the same shape repeatedly, you can do so quickly by using  _____ Mode.","answer":"Lock Drawing","image":{"path":"images\/image-60effceb47523.jpg","mime":"image\/jpeg","copyright":{"license":"U"},"width":612,"height":499},"tip":""},{"text":"Keyboard shortcuts to right align is?","answer":"Ctrl+R","image":{"path":"images\/image-60effc420146a.jpg","mime":"image\/jpeg","copyright":{"license":"U"},"width":800,"height":566},"tip":"<p style=\"text-align: center;\"><strong>Donot put spaces between the keys, instead put a + sign between them<\/strong><\/p>\n"},{"text":"The _____ box can be used to make lots of changes at once and create special effects.","answer":"Font dialogue","image":{"path":"images\/image-60effbc2f19e0.jpg","mime":"image\/jpeg","copyright":{"license":"U"},"width":203,"height":249},"tip":""},{"text":"You can change the size of text according to your need? True or False?","answer":"True","image":{"path":"images\/image-60effb663b278.jpg","mime":"image\/jpeg","copyright":{"license":"U"},"width":238,"height":250},"tip":""},{"text":"Steps for changing font are: 1. Select the text to change. 2. Click on the down arrow next to the font box. 3. Click on the name of the font you require. True or False?","answer":"True","image":{"path":"images\/image-60effacf6dbda.png","mime":"image\/png","copyright":{"license":"U"},"width":319,"height":158},"tip":""},{"text":"You can change the fonts to reflect the tone of your document. True or false?","answer":"True","image":{"path":"images\/image-60effa362cee7.jpg","mime":"image\/jpeg","copyright":{"license":"U"},"width":500,"height":520},"tip":""},{"text":"Keyboard shortcuts to Left align is?","answer":"Ctrl+L","image":{"path":"images\/image-60effc2f51d68.jpg","mime":"image\/jpeg","copyright":{"license":"U"},"width":800,"height":566},"tip":"<p style=\"text-align: center;\"><strong>Donot put spaces between the keys, instead put a + sign between them<\/strong><\/p>\n"}],"progressText":"Card @card of @total","next":"Next","previous":"Previous","checkAnswerText":"Check","showSolutionsRequiresInput":true,"defaultAnswerText":"Your answer","correctAnswerText":"Correct","incorrectAnswerText":"Incorrect","showSolutionText":"Correct answer","results":"Results","ofCorrect":"@score of @total correct","showResults":"Show results","answerShortText":"A:","retry":"Retry","caseSensitive":false,"cardAnnouncement":"Incorrect answer. Correct answer was @answer","pageAnnouncement":"Page @current of @total","description":"Guess the correct answer.","correctAnswerAnnouncement":"@answer is correct.","randomCards":false}