{"cards":[{"text":"The changing of a liquid into vapor or gas is called ........","answer":"evaporation","image":{"path":"images\/image-60f03decbeaf5.png","mime":"image\/png","copyright":{"license":"U"},"width":506,"height":323},"tip":""},{"text":".......... is the changing of a solid directly into vapor on heating and of vapor into solid on cooling.","answer":"Sublimation","image":{"path":"images\/image-60f0420fb0a2d.jpg","mime":"image\/jpeg","copyright":{"license":"U"},"width":804,"height":723},"tip":""},{"text":"The method of separating heavy and light particle from their mixture by rotating is called centrifugation. (True or False)","answer":"True","image":{"path":"images\/image-60f03fe095f05.png","mime":"image\/png","copyright":{"license":"U"},"width":261,"height":245},"tip":""},{"text":"......... is the method of getting solid crystals by cooling a hot concentrated solution of a substance.","answer":"Crystallization","image":{"path":"images\/image-60f0422bd4aab.png","mime":"image\/png","copyright":{"license":"U"},"width":1000,"height":1000},"tip":""},{"text":"The homogeneous mixture of two or more substance are called...... .","answer":"solution","image":{"path":"images\/image-60f042e1e0ba3.jpg","mime":"image\/jpeg","copyright":{"license":"U"},"width":740,"height":900},"tip":""},{"text":"A solute is a substance which dissolves a solvent into it. (True or False)","answer":"False","image":{"path":"images\/image-60f043938d79f.png","mime":"image\/png","copyright":{"license":"U"},"width":734,"height":1000},"tip":""},{"text":"........ solution is the solution in which no more solute can be dissolved at a fixed temperature.","answer":"Saturated","image":{"path":"images\/image-60f044aa3a7cc.jpg","mime":"image\/jpeg","copyright":{"license":"U"},"width":400,"height":274},"tip":""},{"text":"A supersaturated solution throws excess solute when it is cooled. (True or False)","answer":"False","image":{"path":"images\/image-60f045d9db016.jpg","mime":"image\/jpeg","copyright":{"license":"U"},"width":920,"height":1024},"tip":""},{"text":"In a ............ mixture, we can see all the components of mixture.","answer":"heterogeneous","image":{"path":"images\/image-60f94f8ce6d50.png","mime":"image\/png","copyright":{"license":"U"},"width":260,"height":280},"tip":""},{"text":"The solution which can dissolve some more solute at a certain temperature is called ......... solution.","answer":"unsaturated","image":{"path":"images\/image-60f9511d7271e.png","mime":"image\/png","copyright":{"license":"U"},"width":1407,"height":1200},"tip":""}],"progressText":"Card @card of @total","next":"Next","previous":"Previous","checkAnswerText":"Check","showSolutionsRequiresInput":true,"defaultAnswerText":"Your answer","correctAnswerText":"Correct","incorrectAnswerText":"Incorrect","showSolutionText":"Correct answer","results":"Results","ofCorrect":"@score of @total correct","showResults":"Show results","answerShortText":"A:","retry":"Retry","caseSensitive":false,"cardAnnouncement":"Incorrect answer. Correct answer was @answer","pageAnnouncement":"Page @current of @total","description":"Read the questions carefully and answer them.","correctAnswerAnnouncement":"@answer is correct.","randomCards":false}