{"mode":"repetition","description":"<p style=\"text-align: center;\"><strong>Read the questions carefully and answer the questions.<\/strong><\/p>\n","dialogs":[{"tips":{},"text":"<p style=\"text-align: center;\"><strong>What is the act of moving different parts of the body called?<\/strong><\/p>\n","answer":"<p style=\"text-align: center;\"><strong>Physical Training<\/strong><\/p>\n","image":{"path":"images\/image-610151bea180d.jpg","mime":"image\/jpeg","copyright":{"license":"U"},"width":984,"height":343},"audio":[{"path":"audios\/audio-6101586357e67.mp3","mime":"audio\/mpeg","copyright":{"license":"U"}}]},{"tips":{},"text":"<p style=\"text-align: center;\"><strong>What exercise does the picture given above show?<\/strong><\/p>\n","image":{"path":"images\/image-610153032b50b.jpeg","mime":"image\/jpeg","copyright":{"license":"U"},"width":825,"height":419,"originalImage":{"path":"images\/image-6101512da0db6.jpeg#tmp","mime":"image\/jpeg","height":1097,"width":1280}},"answer":"<p style=\"text-align: center;\"><strong>Exercise of hands and legs<\/strong><\/p>\n","audio":[{"path":"audios\/audio-6101585c8040e.mp3","mime":"audio\/mpeg","copyright":{"license":"U"}}]},{"tips":{},"text":"<p style=\"text-align: center;\"><strong>We should perform physical training only once a year. Is it true or false?<\/strong><\/p>\n","answer":"<p style=\"text-align: center;\"><strong>False<\/strong><\/p>\n","image":{"path":"images\/image-61015421d490c.jpg","mime":"image\/jpeg","copyright":{"license":"U"},"width":952,"height":328},"audio":[{"path":"audios\/audio-6101585554481.mp3","mime":"audio\/mpeg","copyright":{"license":"U"}}]},{"tips":{},"text":"<p style=\"text-align: center;\"><strong>We bend the trunk backward keeping the arms on the hips in the exercise of the waist. Is it true or false?<\/strong><\/p>\n","answer":"<p style=\"text-align: center;\"><strong>True<\/strong><\/p>\n","image":{"path":"images\/image-610152f4c1d48.jpeg","mime":"image\/jpeg","copyright":{"license":"U"},"width":825,"height":496,"originalImage":{"path":"images\/image-610151ad76777.jpeg#tmp","mime":"image\/jpeg","height":1097,"width":1280}},"audio":[{"path":"audios\/audio-6101584a454ea.mp3","mime":"audio\/mpeg","copyright":{"license":"U"}}]},{"tips":{},"text":"<p style=\"text-align: center;\"><strong>Identify the exercise given in the picture above.<\/strong><\/p>\n","image":{"path":"images\/image-610152e82863d.jpeg","mime":"image\/jpeg","copyright":{"license":"U"},"width":825,"height":424,"originalImage":{"path":"images\/image-6101523d5e55b.jpeg#tmp","mime":"image\/jpeg","height":1097,"width":1280}},"answer":"<p style=\"text-align: center;\"><strong>Exercise of hands<\/strong><\/p>\n","audio":[{"path":"audios\/audio-6101584086c91.mp3","mime":"audio\/mpeg","copyright":{"license":"U"}}]},{"tips":{},"text":"<p style=\"text-align: center;\"><strong>In the exercise of the parts above the ankles, we raise both extended hands upwards while moving the trunk from the left side. Is it true or false?<\/strong><\/p>\n","answer":"<p style=\"text-align: center;\"><strong>True<\/strong><\/p>\n","image":{"path":"images\/image-610152dc63aac.jpeg","mime":"image\/jpeg","copyright":{"license":"U"},"width":825,"height":427,"originalImage":{"path":"images\/image-610152cd4d0f7.jpeg#tmp","mime":"image\/jpeg","height":1097,"width":1280}},"audio":[{"path":"audios\/audio-6101583957915.mp3","mime":"audio\/mpeg","copyright":{"license":"U"}}]},{"tips":{},"text":"<p style=\"text-align: center;\"><strong>Physical Training makes our body strong, fit and healthy. Is it true or false?<\/strong><\/p>\n","answer":"<p style=\"text-align: center;\"><strong>True<\/strong><\/p>\n","image":{"path":"images\/image-610154b10cfd2.jpg","mime":"image\/jpeg","copyright":{"license":"U"},"width":464,"height":497,"originalImage":{"path":"images\/image-610154a8025a3.jpg#tmp","mime":"image\/jpeg","height":1079,"width":1000}},"audio":[{"path":"audios\/audio-61015830c9754.mp3","mime":"audio\/mpeg","copyright":{"license":"U"}}]},{"tips":{},"text":"<p style=\"text-align: center;\"><strong>Better physical health means better mental health. Yes or No?<\/strong><\/p>\n","answer":"<p style=\"text-align: center;\"><strong>Yes<\/strong><\/p>\n","image":{"path":"images\/image-646e47da43871.jpg","mime":"image\/jpeg","copyright":{"license":"U"},"width":275,"height":240},"audio":[{"path":"audios\/audio-65af6ddd7970a.wav","mime":"audio\/x-wav","copyright":{"license":"U"}}]},{"tips":{},"image":{"path":"images\/image-610153a829c07.jpeg","mime":"image\/jpeg","copyright":{"license":"U"},"width":825,"height":389,"originalImage":{"path":"images\/image-610153615102b.jpeg#tmp","mime":"image\/jpeg","height":1097,"width":1280}},"text":"<p style=\"text-align: center;\"><strong>The image given above shows the exercise of the shoulders. Is it true or false?<\/strong><\/p>\n","answer":"<p style=\"text-align: center;\"><strong>False<\/strong><\/p>\n","audio":[{"path":"audios\/audio-6101582099464.mp3","mime":"audio\/mpeg","copyright":{"license":"U"}}]},{"tips":{},"image":{"path":"images\/image-6101540639a38.jpeg","mime":"image\/jpeg","copyright":{"license":"U"},"width":825,"height":492,"originalImage":{"path":"images\/image-610153e0a94d0.jpeg#tmp","mime":"image\/jpeg","height":1097,"width":1280}},"text":"<p style=\"text-align: center;\"><strong>Identify the exercise given in the picture.<\/strong><\/p>\n","answer":"<p style=\"text-align: center;\"><strong>Exercise of hands and chest<\/strong><\/p>\n","audio":[{"path":"audios\/audio-61015816ef6b9.mp3","mime":"audio\/mpeg","copyright":{"license":"U"}}]}],"behaviour":{"enableRetry":true,"disableBackwardsNavigation":false,"scaleTextNotCard":false,"randomCards":false,"maxProficiency":5,"quickProgression":false},"answer":"Turn","next":"Next","prev":"Previous","retry":"Retry","correctAnswer":"I got it right!","incorrectAnswer":"I got it wrong","round":"Round @round","cardsLeft":"Cards left: @number","nextRound":"Proceed to round @round","startOver":"Start over","showSummary":"Next","summary":"Summary","summaryCardsRight":"Cards you got right:","summaryCardsWrong":"Cards you got wrong:","summaryCardsNotShown":"Cards in pool not shown:","summaryOverallScore":"Overall Score","summaryCardsCompleted":"Cards you have completed learning:","summaryCompletedRounds":"Completed rounds:","summaryAllDone":"Well done! You got all @cards cards correct @max times in a row!","progressText":"Card @card of @total","cardFrontLabel":"Card front","cardBackLabel":"Card back","tipButtonLabel":"Show tip","audioNotSupported":"Your browser does not support this audio","confirmStartingOver":{"header":"Start over?","body":"All progress will be lost. Are you sure you want to start over?","cancelLabel":"Cancel","confirmLabel":"Start over"},"title":"<p style=\"text-align: center;\"><strong>Physical Training<\/strong><\/p>\n"}