{
  "title": "Audio",
  "contentType": "Media",
  "description": "Simple library that displays an audio player.",
  "majorVersion": 1,
  "minorVersion": 5,
  "patchVersion": 9,
  "runnable": 1,
  "machineName": "H5P.Audio",
  "embedTypes": [
    "iframe"
  ],
  "author": "Joubel",
  "coreApi": {
    "majorVersion": 1,
    "minorVersion": 19
  },
  "preloadedJs": [
    {
      "path": "scripts/audio.js"
    }
  ],
  "preloadedCss": [
    {
      "path": "styles/audio.css"
    }
  ],
  "preloadedDependencies": [
    {
      "machineName": "FontAwesome",
      "majorVersion": 4,
      "minorVersion": 5
    }
  ],
  "editorDependencies": [
    {
      "machineName": "H5PEditor.ShowWhen",
      "majorVersion": 1,
      "minorVersion": 0
    }
  ]
}