{"mode":"repetition","description":"<p style=\"text-align: center;\"><strong>Read the questions and guess the answer.<\/strong><\/p>\n","dialogs":[{"tips":{},"answer":"<p style=\"text-align: center;\"><strong>Cyber crime is criminal activity that either targets or uses a computer, a computer network or a networked device.<\/strong><\/p>\n","text":"<p style=\"text-align: center;\"><strong>What is cyber crime?<\/strong><\/p>\n","image":{"path":"images\/image-60f30f7d4f32f.png","mime":"image\/png","copyright":{"license":"U"},"width":512,"height":512}},{"tips":{},"text":"<p style=\"text-align: center;\"><strong>Cyber crime is known as e-crime.<\/strong><\/p>\n\n<p style=\"text-align: center;\"><strong>Is it True or False?<\/strong><\/p>\n","answer":"<p style=\"text-align: center;\"><strong>True<\/strong><\/p>\n","image":{"path":"images\/image-60f30f867a534.png","mime":"image\/png","copyright":{"license":"U"},"width":512,"height":512}},{"tips":{},"text":"<p style=\"text-align: center;\"><strong>What is Harvesting?<\/strong><\/p>\n","answer":"<p style=\"text-align: center;\"><strong>Harvesting is to collect account or other account related information of other people.<\/strong><\/p>\n","image":{"path":"images\/image-60f30f8d4a3a0.png","mime":"image\/png","copyright":{"license":"U"},"width":512,"height":512}},{"tips":{},"text":"<p style=\"text-align: center;\"><strong>___________ is stealing tiny amounts of money from each transaction.<\/strong><\/p>\n","answer":"<p style=\"text-align: center;\"><strong>Salami slicing<\/strong><\/p>\n","image":{"path":"images\/image-60f30f943ec2a.png","mime":"image\/png","copyright":{"license":"U"},"width":512,"height":512}},{"tips":{},"text":"<p style=\"text-align: center;\"><strong>Hackers are legal persons who can browse a company's or individual's private information.<\/strong><\/p>\n\n<p style=\"text-align: center;\"><strong>Is it True or False?<\/strong><\/p>\n","answer":"<p style=\"text-align: center;\"><strong>False<\/strong><\/p>\n","image":{"path":"images\/image-60f30f9a6bb8b.png","mime":"image\/png","copyright":{"license":"U"},"width":512,"height":512}},{"tips":{},"text":"<p style=\"text-align: center;\"><strong>What is Identity theft?<\/strong><\/p>\n","answer":"<p style=\"text-align: center;\"><strong>Identity theft is pretending to be someone you are not.<\/strong><\/p>\n","image":{"path":"images\/image-60f30fa0a198b.png","mime":"image\/png","copyright":{"license":"U"},"width":512,"height":512}},{"tips":{},"text":"<p style=\"text-align: center;\"><strong>Wiretapping is tricking people into believing something that is not true.<\/strong><\/p>\n\n<p style=\"text-align: center;\"><strong>Yes or No?<\/strong><\/p>\n","answer":"<p style=\"text-align: center;\"><strong>No<\/strong><\/p>\n","image":{"path":"images\/image-60f30fab6f5fe.png","mime":"image\/png","copyright":{"license":"U"},"width":512,"height":512}},{"tips":{},"text":"<p style=\"text-align: center;\"><strong>What is Spamming?<\/strong><\/p>\n","answer":"<p style=\"text-align: center;\"><strong>Spamming is to distribute unsolicited e-mail to dozens or hundreds of different addresses.<\/strong><\/p>\n","image":{"path":"images\/image-60f30fb22ca0c.png","mime":"image\/png","copyright":{"license":"U"},"width":512,"height":512}},{"tips":{},"text":"<p style=\"text-align: center;\"><strong>Computer crime is an ethical issue.<\/strong><\/p>\n\n<p style=\"text-align: center;\"><strong>Is it True or False?<\/strong><\/p>\n","answer":"<p style=\"text-align: center;\"><strong>True<\/strong><\/p>\n","image":{"path":"images\/image-60f30fb946c36.png","mime":"image\/png","copyright":{"license":"U"},"width":512,"height":512}},{"tips":{},"text":"<p style=\"text-align: center;\"><strong>What is the technical term of the statement below?<\/strong><\/p>\n\n<p style=\"text-align: center;\"><strong>Deceiving a system into thinking you are someone you really are not.<\/strong><\/p>\n","answer":"<p style=\"text-align: center;\"><strong>Spoofing<\/strong><\/p>\n","image":{"path":"images\/image-60f30fc01415e.png","mime":"image\/png","copyright":{"license":"U"},"width":512,"height":512}}],"behaviour":{"enableRetry":true,"disableBackwardsNavigation":false,"scaleTextNotCard":false,"randomCards":false,"maxProficiency":5,"quickProgression":false},"answer":"Turn","next":"Next","prev":"Previous","retry":"Retry","correctAnswer":"I got it right!","incorrectAnswer":"I got it wrong","round":"Round @round","cardsLeft":"Cards left: @number","nextRound":"Proceed to round @round","startOver":"Start over","showSummary":"Next","summary":"Summary","summaryCardsRight":"Cards you got right:","summaryCardsWrong":"Cards you got wrong:","summaryCardsNotShown":"Cards in pool not shown:","summaryOverallScore":"Overall Score","summaryCardsCompleted":"Cards you have completed learning:","summaryCompletedRounds":"Completed rounds:","summaryAllDone":"Well done! You got all @cards cards correct @max times in a row!","progressText":"Card @card of @total","cardFrontLabel":"Card front","cardBackLabel":"Card back","tipButtonLabel":"Show tip","audioNotSupported":"Your browser does not support this audio","confirmStartingOver":{"header":"Start over?","body":"All progress will be lost. Are you sure you want to start over?","cancelLabel":"Cancel","confirmLabel":"Start over"},"title":"<p>&nbsp;&nbsp;<\/p>\n"}