{"mode":"repetition","description":"<p style=\"text-align: center;\"><strong>Read the questions carefully and try to guess the correct answer.<\/strong><\/p>\n","dialogs":[{"tips":{},"image":{"path":"images\/image-61134c213067f.jpg","mime":"image\/jpeg","copyright":{"license":"U"},"width":512,"height":387},"text":"<p style=\"text-align: center;\"><strong>The machine which is complex in structure and made by the combination of several simple machines is called a ______ machine.<\/strong><\/p>\n","answer":"<p style=\"text-align: center;\"><strong>complex<\/strong><\/p>\n"},{"tips":{},"text":"<p style=\"text-align: center;\"><strong>The machine which makes our work easier, faster and convenient and is simple in structure is called a ______ machine.<\/strong><\/p>\n","answer":"<p style=\"text-align: center;\"><strong>Simple<\/strong><\/p>\n","image":{"path":"images\/image-659591e93a79a.png","mime":"image\/png","copyright":{"license":"U"},"width":900,"height":700}},{"tips":{},"text":"<p style=\"text-align: center;\"><strong>Identify the type of simple machine.<\/strong><\/p>\n","image":{"path":"images\/image-60e83345c3176.png","mime":"image\/png","copyright":{"license":"U"},"width":362,"height":284},"answer":"<p style=\"text-align: center;\"><strong>Inclined Plane<\/strong><\/p>\n"},{"tips":{},"text":"<p style=\"text-align: center;\"><strong>Identify the type of simple machine.<\/strong><\/p>\n","image":{"path":"images\/image-6595910ebd61e.png","mime":"image\/png","copyright":{"license":"U"},"width":900,"height":700},"answer":"<p style=\"text-align: center;\"><strong>Lever<\/strong><\/p>\n"},{"tips":{},"text":"<p style=\"text-align: center;\"><strong>Identify the type of simple machine.<\/strong><\/p>\n","image":{"path":"images\/image-60e8336f7b58b.png","mime":"image\/png","copyright":{"license":"U"},"width":353,"height":254},"answer":"<p style=\"text-align: center;\"><strong>Pulley<\/strong><\/p>\n"},{"tips":{},"text":"<p style=\"text-align: center;\"><strong>Identify the type of simple machine.<\/strong><\/p>\n","image":{"path":"images\/image-6595903a0a520.png","mime":"image\/png","copyright":{"license":"U"},"width":900,"height":700},"answer":"<p style=\"text-align: center;\"><strong>Screw<\/strong><\/p>\n"},{"tips":{},"text":"<p style=\"text-align: center;\"><strong>Identify the type of simple machine.<\/strong><\/p>\n","image":{"path":"images\/image-6595911eaa795.png","mime":"image\/png","copyright":{"license":"U"},"width":900,"height":700},"answer":"<p style=\"text-align: center;\"><strong>Wedge<\/strong><\/p>\n"},{"tips":{},"text":"<p style=\"text-align: center;\"><strong>Identify the type of simple machine.<\/strong><\/p>\n","image":{"path":"images\/image-659591167fbe4.png","mime":"image\/png","copyright":{"license":"U"},"width":900,"height":700},"answer":"<p style=\"text-align: center;\"><strong>Wheel and axle<\/strong><\/p>\n"},{"tips":{},"text":"<p style=\"text-align: center;\"><strong>The cylinder which has a longer radius is called an axle and that has a shorter radius is called a wheel. State whether the given statement is true or false.<\/strong><\/p>\n","image":{"path":"images\/image-60e833fc99c1b.png","mime":"image\/png","copyright":{"license":"U"},"width":316,"height":299},"answer":"<p style=\"text-align: center;\"><strong>False<\/strong><\/p>\n"},{"tips":{},"text":"<p style=\"text-align: center;\"><strong>What is the distance between two screw threads called?<\/strong><\/p>\n","answer":"<p style=\"text-align: center;\"><strong>A pitch<\/strong><\/p>\n","image":{"path":"images\/image-60e83438477c6.png","mime":"image\/png","copyright":{"license":"U"},"width":153,"height":176}}],"behaviour":{"enableRetry":true,"disableBackwardsNavigation":false,"scaleTextNotCard":false,"randomCards":false,"maxProficiency":5,"quickProgression":false},"answer":"Turn","next":"Next","prev":"Previous","retry":"Retry","correctAnswer":"I got it right!","incorrectAnswer":"I got it wrong","round":"Round @round","cardsLeft":"Cards left: @number","nextRound":"Proceed to round @round","startOver":"Start over","showSummary":"Next","summary":"Summary","summaryCardsRight":"Cards you got right:","summaryCardsWrong":"Cards you got wrong:","summaryCardsNotShown":"Cards in pool not shown:","summaryOverallScore":"Overall Score","summaryCardsCompleted":"Cards you have completed learning:","summaryCompletedRounds":"Completed rounds:","summaryAllDone":"Well done! You got all @cards cards correct @max times in a row!","progressText":"Card @card of @total","cardFrontLabel":"Card front","cardBackLabel":"Card back","tipButtonLabel":"Show tip","audioNotSupported":"Your browser does not support this audio","confirmStartingOver":{"header":"Start over?","body":"All progress will be lost. Are you sure you want to start over?","cancelLabel":"Cancel","confirmLabel":"Start over"},"title":"<p style=\"text-align: center;\"><strong>Simple Machine<\/strong><\/p>\n"}