{"mode":"repetition","description":"<p style=\"text-align: center;\"><strong>Guess the correct answer<\/strong><\/p>\n","dialogs":[{"tips":{},"text":"<p style=\"text-align: center;\"><strong>Which command is used to halt QBASIC progam?<\/strong><\/p>\n","answer":"<p style=\"text-align: center;\"><strong>STOP<\/strong><\/p>\n\n<p style=\"text-align: center;\">&nbsp;<\/p>\n\n<p style=\"text-align: center;\">&nbsp;<\/p>\n","image":{"path":"images\/image-60ec07a51766e.png","mime":"image\/png","copyright":{"license":"U"},"width":1000,"height":1000}},{"tips":{},"text":"<p style=\"text-align: center;\"><strong>Which command do you use to clear screen?<\/strong><\/p>\n","answer":"<p style=\"text-align: center;\"><strong>CLS<\/strong><\/p>\n","image":{"path":"images\/image-60ec0646dfb7a.png","mime":"image\/png","copyright":{"license":"U"},"width":860,"height":900}},{"tips":{},"text":"<p style=\"text-align: center;\"><strong>How do you use \"paste\"&nbsp; in QBASIC?<\/strong><\/p>\n","answer":"<p style=\"text-align: center;\"><strong>1. Go to the desired location<br>\n2. Click on the Edit menu, Select Paste.<br>\nOr<br>\nPress Shift + Insert key for paste.<\/strong><\/p>\n","image":{"path":"images\/image-60ec05952697e.png","mime":"image\/png","copyright":{"license":"U"},"width":225,"height":225}},{"tips":{},"text":"<p style=\"text-align: center;\"><strong>How do you use \"cut\"&nbsp; in QBASIC?<\/strong><\/p>\n","answer":"<p style=\"text-align: center;\"><strong>1. Highlight the line of statement or<br>\nblock of statement to be moved.<br>\n2. Click on Edit menu and select Cut.<\/strong><\/p>\n\n<p style=\"text-align: center;\"><strong>Or<br>\nPress Shift + Del key to cut.<\/strong><\/p>\n","image":{"path":"images\/image-60ec0550dce91.png","mime":"image\/png","copyright":{"license":"U"},"width":347,"height":246,"originalImage":{"path":"images\/image-60ec0549ac5cc.png#tmp","mime":"image\/png","height":250,"width":1200}}},{"tips":{},"text":"<p style=\"text-align: center;\"><strong>How do you exit from QBASIC?<\/strong><\/p>\n","answer":"<p style=\"text-align: center;\"><strong>1. Click on File menu or Press ALT + F.<br>\n2. Select Exit option.<\/strong><\/p>\n","image":{"path":"images\/image-60ec04585dbec.png","mime":"image\/png","copyright":{"license":"U"},"width":300,"height":168}},{"tips":{},"text":"<p style=\"text-align: center;\"><strong>How do you open an Existing File in QBASIC?<\/strong><\/p>\n","answer":"<p style=\"text-align: center;\"><strong>1. Click File menu or Press ALT + F.<br>\n2. Select Open option. A dialog box appears.<br>\n3. Choose the filename from the location where the file is saved.<br>\n4. Select the filename.which you want to open.<br>\n5. Click on OK or Press Enter key.<\/strong><\/p>\n","image":{"path":"images\/image-60ec03cc848c7.png","mime":"image\/png","copyright":{"license":"U"},"width":238,"height":250}},{"tips":{},"text":"<p style=\"text-align: center;\"><strong>How do you run a progam in QBASIC?<\/strong><\/p>\n","answer":"<p style=\"text-align: center;\"><strong>1.Click on Run menu or Press ALT +R.<\/strong><\/p>\n\n<p style=\"text-align: center;\"><strong>2. Select Start option.<\/strong><\/p>\n","image":{"path":"images\/image-60ec03568f473.jpg","mime":"image\/jpeg","copyright":{"license":"U"},"width":1280,"height":720}},{"tips":{},"text":"<p style=\"text-align: center;\"><strong>How to start a new progam in QBASIC?<\/strong><\/p>\n","answer":"<p style=\"text-align: center;\"><strong>1. Click on File menu or press ALT + F.<br>\n2. Select New Program option.<\/strong><\/p>\n","image":{"path":"images\/image-60ec0311568f6.gif","mime":"image\/gif","copyright":{"license":"U"},"width":182,"height":154}},{"tips":{},"text":"<p style=\"text-align: center;\"><strong>How to save a progam in QBASIC?<\/strong><\/p>\n","answer":"<p style=\"text-align: center;\"><strong>1. Click on File menu or press ALT + F.<br>\n2. Select Save or Save As option.<\/strong><\/p>\n\n<p style=\"text-align: center;\"><strong>3. Specify the desired drive location and folder where you want to save<br>\nthe file. (Example: E:\\Class7)<\/strong><\/p>\n\n<p style=\"text-align: center;\"><strong>GREEN Computer Book-7 169<\/strong><\/p>\n\n<p style=\"text-align: center;\"><strong>4. Type the filename in File Name box.<br>\n5. Click on OK or Press Enter key.<\/strong><\/p>\n","image":{"path":"images\/image-60ec028ac0dfd.png","mime":"image\/png","copyright":{"license":"U"},"width":329,"height":245,"originalImage":{"path":"images\/image-60ec0280cbec5.png#tmp","mime":"image\/png","height":250,"width":1200}}},{"tips":{},"text":"<p style=\"text-align: center;\"><strong>When you Select \"New Program\" option _______ appears.<\/strong><\/p>\n","answer":"<p style=\"text-align: center;\"><strong>A blank screen with blinking cursor appears.<\/strong><\/p>\n","image":{"path":"images\/image-60ec02306aede.gif","mime":"image\/gif","copyright":{"license":"U"},"width":568,"height":308}}],"behaviour":{"enableRetry":true,"disableBackwardsNavigation":false,"scaleTextNotCard":false,"randomCards":false,"maxProficiency":5,"quickProgression":false},"answer":"Turn","next":"Next","prev":"Previous","retry":"Retry","correctAnswer":"I got it right!","incorrectAnswer":"I got it wrong","round":"Round @round","cardsLeft":"Cards left: @number","nextRound":"Proceed to round @round","startOver":"Start over","showSummary":"Next","summary":"Summary","summaryCardsRight":"Cards you got right:","summaryCardsWrong":"Cards you got wrong:","summaryCardsNotShown":"Cards in pool not shown:","summaryOverallScore":"Overall Score","summaryCardsCompleted":"Cards you have completed learning:","summaryCompletedRounds":"Completed rounds:","summaryAllDone":"Well done! You got all @cards cards correct @max times in a row!","progressText":"Card @card of @total","cardFrontLabel":"Card front","cardBackLabel":"Card back","tipButtonLabel":"Show tip","audioNotSupported":"Your browser does not support this audio","confirmStartingOver":{"header":"Start over?","body":"All progress will be lost. Are you sure you want to start over?","cancelLabel":"Cancel","confirmLabel":"Start over"},"title":""}