{"mode":"repetition","description":"<p style=\"text-align: center;\"><strong>Read the questions carefully and answer them.<\/strong><\/p>\n","dialogs":[{"tips":{},"text":"<p style=\"text-align: center;\"><strong>What is the form of energy which produces sensation of hearing called?<\/strong><\/p>\n","answer":"<p style=\"text-align: center;\"><strong>Sound<\/strong><\/p>\n","image":{"path":"images\/image-60ec063f7f418.jpg","mime":"image\/jpeg","copyright":{"license":"U"},"width":290,"height":450}},{"tips":{},"text":"<p style=\"text-align: center;\"><strong>How is sound produced?<\/strong><\/p>\n","answer":"<p style=\"text-align: center;\"><strong>By vibration of bodies <\/strong><\/p>\n","image":{"path":"images\/image-60ec0631aa12a.jpg","mime":"image\/jpeg","copyright":{"license":"U"},"width":785,"height":497,"originalImage":{"path":"images\/image-60ec0610da3ef.jpg#tmp","mime":"image\/jpeg","height":891,"width":1321}}},{"tips":{},"text":"<p style=\"text-align: center;\"><strong>A periodic disturbance travelling through a medium which is produced by a vibrating body is called...<\/strong><\/p>\n","answer":"<p style=\"text-align: center;\"><strong>Wave motion<\/strong><\/p>\n","image":{"path":"images\/image-60ec0603718aa.jpg","mime":"image\/jpeg","copyright":{"license":"U"},"width":612,"height":408}},{"tips":{},"text":"<p style=\"text-align: center;\"><strong>Name the two types of waves<\/strong><\/p>\n","answer":"<p><strong>i) Transverse wave<\/strong><\/p>\n\n<p><strong>ii) Longitudinal wave<\/strong><\/p>\n","image":{"path":"images\/image-60ec05f16f74b.jpg","mime":"image\/jpeg","copyright":{"license":"U"},"width":400,"height":142}},{"tips":{},"text":"<p style=\"text-align: center;\"><strong>What is the wave in which particles of the medium vibrate to and fro in the direction of the wave called?<\/strong><\/p>\n","answer":"<p style=\"text-align: center;\"><strong>Longitudinal wave<\/strong><\/p>\n","image":{"path":"images\/image-60ec0718df183.png","mime":"image\/png","copyright":{"license":"U"},"width":459,"height":97}},{"tips":{},"text":"<p style=\"text-align: center;\"><strong>A transverse wave consists of regions compression and rarefactions. True or False?<\/strong><\/p>\n","answer":"<p style=\"text-align: center;\"><strong>False<\/strong><\/p>\n","image":{"path":"images\/image-60ec058582e21.jpg","mime":"image\/jpeg","copyright":{"license":"U"},"width":1139,"height":313}},{"tips":{},"text":"<p style=\"text-align: center;\"><strong>In which form does sound propagate?<\/strong><\/p>\n","answer":"<p style=\"text-align: center;\"><strong>In the form of longitudinal wave.<\/strong><\/p>\n","image":{"path":"images\/image-60ec057b609cd.PNG","mime":"image\/png","copyright":{"license":"U"},"width":425,"height":226}},{"tips":{},"text":"<p style=\"text-align: center;\"><strong>Speed of sound is maximum in which medium?<\/strong><\/p>\n\n<p style=\"text-align: center;\"><strong>Solid, Liquid or Gas?<\/strong><\/p>\n","answer":"<p style=\"text-align: center;\"><strong>Solid<\/strong><\/p>\n","image":{"path":"images\/image-60ec04ca6df77.jpg","mime":"image\/jpeg","copyright":{"license":"U"},"width":544,"height":497,"originalImage":{"path":"images\/image-60ec04a597696.jpg#tmp","mime":"image\/jpeg","height":1080,"width":1000}}},{"tips":{},"text":"<p style=\"text-align: center;\"><strong>What is the transmission of sound from one place to another called?<\/strong><\/p>\n","answer":"<p style=\"text-align: center;\"><strong>Propagation of Sound<\/strong><\/p>\n","image":{"path":"images\/image-60ec0499c9107.png","mime":"image\/png","copyright":{"license":"U"},"width":1156,"height":518}},{"tips":{},"text":"<p style=\"text-align: center;\"><strong>Can sound propagate on the surface of the moon? Yes or No?<\/strong><\/p>\n","answer":"<p style=\"text-align: center;\"><strong>No<\/strong><\/p>\n","image":{"path":"images\/image-60ec0476abe81.jpg","mime":"image\/jpeg","copyright":{"license":"U"},"width":516,"height":497,"originalImage":{"path":"images\/image-60ec045f6cf63.jpg#tmp","mime":"image\/jpeg","height":1080,"width":1000}}}],"behaviour":{"enableRetry":true,"disableBackwardsNavigation":false,"scaleTextNotCard":false,"randomCards":false,"maxProficiency":5,"quickProgression":false},"answer":"Turn","next":"Next","prev":"Previous","retry":"Retry","correctAnswer":"I got it right!","incorrectAnswer":"I got it wrong","round":"Round @round","cardsLeft":"Cards left: @number","nextRound":"Proceed to round @round","startOver":"Start over","showSummary":"Next","summary":"Summary","summaryCardsRight":"Cards you got right:","summaryCardsWrong":"Cards you got wrong:","summaryCardsNotShown":"Cards in pool not shown:","summaryOverallScore":"Overall Score","summaryCardsCompleted":"Cards you have completed learning:","summaryCompletedRounds":"Completed rounds:","summaryAllDone":"Well done! You got all @cards cards correct @max times in a row!","progressText":"Card @card of @total","cardFrontLabel":"Card front","cardBackLabel":"Card back","tipButtonLabel":"Show tip","audioNotSupported":"Your browser does not support this audio","confirmStartingOver":{"header":"Start over?","body":"All progress will be lost. Are you sure you want to start over?","cancelLabel":"Cancel","confirmLabel":"Start over"},"title":"<p style=\"text-align: center;\"><strong>Let's learn about Sound!<\/strong><\/p>\n"}