{"title":"Sound","language":"und","mainLibrary":"H5P.Dialogcards","embedTypes":["div"],"license":"U","defaultLanguage":"en","preloadedDependencies":[{"machineName":"H5P.Dialogcards","majorVersion":"1","minorVersion":"8"},{"machineName":"FontAwesome","majorVersion":"4","minorVersion":"5"},{"machineName":"H5P.JoubelUI","majorVersion":"1","minorVersion":"3"},{"machineName":"H5P.Transition","majorVersion":"1","minorVersion":"0"},{"machineName":"Drop","majorVersion":"1","minorVersion":"0"},{"machineName":"Tether","majorVersion":"1","minorVersion":"0"},{"machineName":"H5P.FontIcons","majorVersion":"1","minorVersion":"0"},{"machineName":"H5P.Audio","majorVersion":"1","minorVersion":"4"},{"machineName":"flowplayer","majorVersion":"1","minorVersion":"0"}]}