{"mode":"repetition","description":"<p style=\"text-align: center;\"><strong>Answer the following questions.<\/strong><\/p>\n","dialogs":[{"tips":{},"text":"<p style=\"text-align: center;\"><strong>You can format table in MS Word. True or false?<\/strong><\/p>\n","answer":"<p style=\"text-align: center;\"><strong>True<\/strong><\/p>\n","image":{"path":"images\/image-60f010dab09fd.jpg","mime":"image\/jpeg","copyright":{"license":"U"},"width":426,"height":487}},{"tips":{},"text":"<p style=\"text-align: center;\"><strong>Mention steps to shade the cells\/table:<\/strong><\/p>\n","answer":"<p style=\"text-align: center;\"><strong>1. Position your cursor in the table. <\/strong><\/p>\n\n<p style=\"text-align: center;\"><strong>2. Click the Layout tab on the Ribbon. <\/strong><\/p>\n\n<p style=\"text-align: center;\"><strong>3. Click the Select button in the Table group. <\/strong><\/p>\n\n<p style=\"text-align: center;\"><strong>4. Choose the item you wish to format. <\/strong><\/p>\n\n<p style=\"text-align: center;\"><strong>5. Click the Design tab on the Ribbon. <\/strong><\/p>\n\n<p style=\"text-align: center;\"><strong>6. Click the Shading button. <\/strong><\/p>\n\n<p style=\"text-align: center;\"><strong>7. Select a Shading color.<\/strong><\/p>\n","image":{"path":"images\/image-60f01086470a1.png","mime":"image\/png","copyright":{"license":"U"},"width":455,"height":246}},{"tips":{},"text":"<p style=\"text-align: center;\"><strong>Mention steps to merge cells in a table:<\/strong><\/p>\n","answer":"<p style=\"text-align: center;\"><strong>1. Select the cells that you would like to merge in the table. <\/strong><\/p>\n\n<p style=\"text-align: center;\"><strong>2. Click on the Layout tab on the ribbon. <\/strong><\/p>\n\n<p style=\"text-align: center;\"><strong>3. Click the Merge Cells button in the Merge group.<\/strong><\/p>\n","image":{"path":"images\/image-60f0102b5d306.png","mime":"image\/png","copyright":{"license":"U"},"width":686,"height":498}},{"tips":{},"text":"<p style=\"text-align: center;\"><strong>Mention steps to delete a column:<\/strong><\/p>\n","answer":"<p style=\"text-align: center;\"><strong>1. Position your cursor in the column that you would like to delete.<\/strong><\/p>\n\n<p style=\"text-align: center;\"><strong>2. Select the Layout tab on the Ribbon.<\/strong><\/p>\n\n<p style=\"text-align: center;\"><strong>3. Click the Delete button in the Rows &amp; Columns group. <\/strong><\/p>\n\n<p style=\"text-align: center;\"><strong>4. Select Delete Columns.<\/strong><\/p>\n","image":{"path":"images\/image-60f00fc87ea68.jpg","mime":"image\/jpeg","copyright":{"license":"U"},"width":1200,"height":1200}},{"tips":{},"text":"<p style=\"text-align: center;\"><strong>Mention steps to insert a column:<\/strong><\/p>\n","answer":"<p style=\"text-align: center;\"><strong>1. Position the cursor in the table where you would like to insert a column. <\/strong><\/p>\n\n<p style=\"text-align: center;\"><strong>2. Select the Layout tab on the Ribbon. <\/strong><\/p>\n\n<p style=\"text-align: center;\"><strong>3. Click either the Insert Columns to Left button or the Insert Columns to Right button in the Rows &amp; Columns group.<\/strong><\/p>\n","image":{"path":"images\/image-60f00f3af089b.jpg","mime":"image\/jpeg","copyright":{"license":"U"},"width":480,"height":360}},{"tips":{},"text":"<p style=\"text-align: center;\"><strong>Mention steps to insert a row:<\/strong><\/p>\n","answer":"<p style=\"text-align: center;\"><strong>1. Position the cursor in the table where you would like to insert a row. <\/strong><\/p>\n\n<p style=\"text-align: center;\"><strong>2. Select the Layout tab on the Ribbon. <\/strong><\/p>\n\n<p style=\"text-align: center;\"><strong>3. Click either the Insert Row Above or the Insert Row Below button in the Rows &amp; Columns group.<\/strong><\/p>\n","image":{"path":"images\/image-60f00ef0a8ee4.png","mime":"image\/png","copyright":{"license":"U"},"width":512,"height":512}},{"tips":{},"text":"<p style=\"text-align: center;\"><strong>Mention steps to create a table:<\/strong><\/p>\n","answer":"<p style=\"text-align: center;\"><strong>1. Click the Insert tab on the Ribbon.<\/strong><\/p>\n\n<p style=\"text-align: center;\"><strong>2. Click the Table button. <\/strong><\/p>\n\n<p style=\"text-align: center;\"><strong>3. Select Insert Table.<\/strong><\/p>\n\n<p style=\"text-align: center;\"><strong>4. Click the arrows to select the desired number of columns.<\/strong><\/p>\n\n<p style=\"text-align: center;\"><strong>5. Click the arrows to select the desired number of rows. <\/strong><\/p>\n\n<p style=\"text-align: center;\"><strong>6. Click OK.<\/strong><\/p>\n","image":{"path":"images\/image-60f00e5a4cbba.jpeg","mime":"image\/jpeg","copyright":{"license":"U"},"width":850,"height":463}},{"tips":{},"text":"<p style=\"text-align: center;\"><strong>The intersection of a row and column is called a _______.<\/strong><\/p>\n","answer":"<p style=\"text-align: center;\"><strong>Cell<\/strong><\/p>\n","image":{"path":"images\/image-60f00de13ff37.png","mime":"image\/png","copyright":{"license":"U"},"width":455,"height":246}},{"tips":{},"text":"<p style=\"text-align: center;\"><strong>A table is made up of ________<\/strong><\/p>\n","answer":"<p style=\"text-align: center;\"><strong>Rows and columns<\/strong><\/p>\n","image":{"path":"images\/image-60f00dab49702.jpg","mime":"image\/jpeg","copyright":{"license":"U"},"width":426,"height":487}},{"tips":{},"text":"<p style=\"text-align: center;\"><strong>Mention steps to delete a row.<\/strong><\/p>\n","answer":"<p style=\"text-align: center;\"><strong>1. Position your cursor in the row that you would like to delete. <\/strong><\/p>\n\n<p style=\"text-align: center;\"><strong>2. Select the Layout tab on the Ribbon.<\/strong><\/p>\n\n<p style=\"text-align: center;\"><strong>3. Click the Delete button in the Rows &amp; Columns group. 4. <\/strong><\/p>\n\n<p style=\"text-align: center;\"><strong>Select Delete Rows.<\/strong><\/p>\n","image":{"path":"images\/image-60f00f99eb0a6.jpg","mime":"image\/jpeg","copyright":{"license":"U"},"width":1200,"height":1200}}],"behaviour":{"enableRetry":true,"disableBackwardsNavigation":false,"scaleTextNotCard":false,"randomCards":false,"maxProficiency":5,"quickProgression":false},"answer":"Turn","next":"Next","prev":"Previous","retry":"Retry","correctAnswer":"I got it right!","incorrectAnswer":"I got it wrong","round":"Round @round","cardsLeft":"Cards left: @number","nextRound":"Proceed to round @round","startOver":"Start over","showSummary":"Next","summary":"Summary","summaryCardsRight":"Cards you got right:","summaryCardsWrong":"Cards you got wrong:","summaryCardsNotShown":"Cards in pool not shown:","summaryOverallScore":"Overall Score","summaryCardsCompleted":"Cards you have completed learning:","summaryCompletedRounds":"Completed rounds:","summaryAllDone":"Well done! You got all @cards cards correct @max times in a row!","progressText":"Card @card of @total","cardFrontLabel":"Card front","cardBackLabel":"Card back","tipButtonLabel":"Show tip","audioNotSupported":"Your browser does not support this audio","confirmStartingOver":{"header":"Start over?","body":"All progress will be lost. Are you sure you want to start over?","cancelLabel":"Cancel","confirmLabel":"Start over"},"title":"<p>&nbsp;&nbsp;<\/p>\n"}