{"mode":"repetition","description":"<p style=\"text-align: center;\"><strong>Did you know?<\/strong><\/p>\n","dialogs":[{"tips":{},"text":"<p style=\"text-align: center;\"><strong>What are the types of image in an HTML document?<\/strong><\/p>\n","answer":"<p style=\"text-align: center;\"><strong>Outline and background image.<\/strong><\/p>\n","image":{"path":"images\/image-61021ec56b740.jpg","mime":"image\/jpeg","copyright":{"license":"U"},"width":238,"height":250}},{"tips":{},"text":"<p style=\"text-align: center;\"><strong>What are the common image format that you can load in HTML?<\/strong><\/p>\n","answer":"<p style=\"text-align: center;\"><strong>GIF, PNG, JPG, JPEG etc.<\/strong><\/p>\n","image":{"path":"images\/image-610218fe7e8f5.jpg","mime":"image\/jpeg","copyright":{"license":"U"},"width":1024,"height":500}},{"tips":{},"text":"<p style=\"text-align: center;\"><strong>What tag is used to insert an image?<\/strong><\/p>\n","answer":"<p style=\"text-align: center;\"><strong>You need image tag: &lt;img src=\"Image URL\" &gt;<\/strong><\/p>\n","image":{"path":"images\/image-61021924ee8e2.png","mime":"image\/png","copyright":{"license":"U"},"width":512,"height":320}},{"tips":{},"text":"<p style=\"text-align: center;\"><strong>Which attribute is used to locate an image?<\/strong><\/p>\n","answer":"<p style=\"text-align: center;\"><strong>SRC attribute.<br>\n&nbsp;&lt;img src=\"\/html\/images\/test.png\"&gt;<\/strong><\/p>\n","image":{"path":"images\/image-61021eb23a659.jpg","mime":"image\/jpeg","copyright":{"license":"U"},"width":1200,"height":630}},{"tips":{},"text":"<p style=\"text-align: center;\"><strong>How do you change the size of an image?<\/strong><\/p>\n","answer":"<p style=\"text-align: center;\"><strong>Use height and width attribute.<\/strong><\/p>\n","image":{"path":"images\/image-61021a7a50e3c.jpg","mime":"image\/jpeg","copyright":{"license":"U"},"width":1200,"height":800}},{"tips":{},"text":"<p style=\"text-align: center;\"><strong>How do you position an image left or right?<\/strong><\/p>\n","answer":"<p style=\"text-align: center;\"><strong>Use align attribute.<\/strong><\/p>\n\n<p style=\"text-align: center;\"><strong>&lt;img src=\"\/html\/images\/test.png\"&nbsp;align=\"right\"&gt;<\/strong><br>\n&nbsp;<\/p>\n","image":{"path":"images\/image-610219dfb94fb.jpg","mime":"image\/jpeg","copyright":{"license":"U"},"width":1240,"height":775}},{"tips":{},"text":"<p style=\"text-align: center;\"><strong>What is the use of alt attribute in an image tag?<\/strong><\/p>\n","answer":"<p style=\"text-align: center;\"><strong>If image fails to load the text inside alt attribute is displayed.<\/strong><\/p>\n","image":{"path":"images\/image-61021a9898ec0.jpg","mime":"image\/jpeg","copyright":{"license":"U"},"width":238,"height":250}},{"tips":{},"text":"<p style=\"text-align: center;\"><strong>What is a link?<\/strong><\/p>\n","answer":"<p style=\"text-align: center;\"><strong>A link is a reference, either to another part of the same document.<\/strong><br>\n&nbsp;<\/p>\n","image":{"path":"images\/image-61021c1298e28.jpg","mime":"image\/jpeg","copyright":{"license":"U"},"width":1200,"height":675}},{"tips":{},"text":"<p style=\"text-align: center;\"><strong>How do you insert link?<\/strong><\/p>\n","answer":"<p style=\"text-align: center;\"><strong>Use anchor tag as: &lt;a href=\"URL\"&gt; Link Text &lt;\/a&gt;<\/strong><\/p>\n","image":{"path":"images\/image-61021ca33693b.png","mime":"image\/png","copyright":{"license":"U"},"width":590,"height":290}},{"tips":{},"text":"<p style=\"text-align: center;\"><strong>How do you specify the webpage you want go on clicking link?<\/strong><\/p>\n","answer":"<p style=\"text-align: center;\"><strong>Insert the webpage in href attribute .<\/strong><\/p>\n\n<p style=\"text-align: center;\"><strong>&lt;a href=\"www.google.com\"&gt; Link Text &lt;\/a&gt;<\/strong><\/p>\n","image":{"path":"images\/image-61021c3f33969.jpg","mime":"image\/jpeg","copyright":{"license":"U"},"width":238,"height":250}}],"behaviour":{"enableRetry":true,"disableBackwardsNavigation":false,"scaleTextNotCard":false,"randomCards":false,"maxProficiency":5,"quickProgression":false},"answer":"Turn","next":"Next","prev":"Previous","retry":"Retry","correctAnswer":"I got it right!","incorrectAnswer":"I got it wrong","round":"Round @round","cardsLeft":"Cards left: @number","nextRound":"Proceed to round @round","startOver":"Start over","showSummary":"Next","summary":"Summary","summaryCardsRight":"Cards you got right:","summaryCardsWrong":"Cards you got wrong:","summaryCardsNotShown":"Cards in pool not shown:","summaryOverallScore":"Overall Score","summaryCardsCompleted":"Cards you have completed learning:","summaryCompletedRounds":"Completed rounds:","summaryAllDone":"Well done! You got all @cards cards correct @max times in a row!","progressText":"Card @card of @total","cardFrontLabel":"Card front","cardBackLabel":"Card back","tipButtonLabel":"Show tip","audioNotSupported":"Your browser does not support this audio","confirmStartingOver":{"header":"Start over?","body":"All progress will be lost. Are you sure you want to start over?","cancelLabel":"Cancel","confirmLabel":"Start over"},"title":"<p>&nbsp;&nbsp;<\/p>\n"}