{"mode":"repetition","description":"<p style=\"text-align: center;\"><strong>Guess the answers according to given instructions.<\/strong><\/p>\n","dialogs":[{"tips":{},"text":"<p style=\"text-align: center;\"><strong>Why is computer called a versatile machine?<\/strong><\/p>\n","answer":"<p style=\"text-align: center;\"><strong>A computer has the capacity to do multiple tasks simultaneously. It can be used to prepare documents, modify photographs, process data, send and receive mails, etc. and it is also used to measure physical variables. So a computer is called a versatile machine.<\/strong><\/p>\n","image":{"path":"images\/image-60e933f41373c.png","mime":"image\/png","copyright":{"license":"U"},"width":568,"height":238,"originalImage":{"path":"images\/image-60e933e08c892.png#tmp","mime":"image\/png","height":250,"width":1200}}},{"tips":{},"text":"<p style=\"text-align: center;\"><strong>Why is computer considered as highly reliable?<\/strong><\/p>\n","answer":"<p style=\"text-align: center;\"><strong>Computer components have very high life span and its parts do not tear and wear out easily. So, computer is considerd as highly reliable.<\/strong><\/p>\n","image":{"path":"images\/image-60e93353b47d7.png","mime":"image\/png","copyright":{"license":"U"},"width":1000,"height":1080}},{"tips":{},"answer":"<p style=\"text-align: center;\"><strong>1024 Giga Bytes<\/strong><\/p>\n","text":"<p style=\"text-align: center;\"><strong>How many Giga Bytes are there in a Tera Byte ?<\/strong><\/p>\n","image":{"path":"images\/image-60e927ed736bb.png","mime":"image\/png","copyright":{"license":"U"},"width":1000,"height":1080}},{"tips":{},"text":"<p style=\"text-align: center;\"><strong>How many Bytes are there in a Kilo Byte ?<\/strong><\/p>\n","answer":"<p style=\"text-align: center;\"><strong>1024 Bytes<\/strong><\/p>\n","image":{"path":"images\/image-60e9279b20edd.png","mime":"image\/png","copyright":{"license":"U"},"width":1000,"height":1080}},{"tips":{},"text":"<p style=\"text-align: center;\"><strong>One trillionth of a second (1\/1000000000000) is termed as?<\/strong><\/p>\n","answer":"<p style=\"text-align: center;\"><strong>Picoseconds (ps)<\/strong><\/p>\n","image":{"path":"images\/image-60e923dc3b96c.png","mime":"image\/png","copyright":{"license":"U"},"width":800,"height":800}},{"tips":{},"text":"<p style=\"text-align: center;\"><strong>One billionth of a second (1\/1000000000) is termed as?<\/strong><\/p>\n","answer":"<p style=\"text-align: center;\"><strong>Nanosecond (ns)&nbsp;<\/strong><\/p>\n","image":{"path":"images\/image-60e923d8097c6.png","mime":"image\/png","copyright":{"license":"U"},"width":800,"height":800}},{"tips":{},"text":"<p style=\"text-align: center;\"><strong>One millionth of a second (1\/1000000) is termed as?<\/strong><\/p>\n","answer":"<p style=\"text-align: center;\"><strong>Microsecond (m)&nbsp;<\/strong><\/p>\n","image":{"path":"images\/image-60e923d443b15.png","mime":"image\/png","copyright":{"license":"U"},"width":800,"height":800}},{"tips":{},"text":"<p style=\"text-align: center;\"><strong>One thousandth of a second (1\/1000) &nbsp;termed as?<\/strong><\/p>\n","answer":"<p style=\"text-align: center;\"><strong>Millisecond (ms)&nbsp;<\/strong><\/p>\n","image":{"path":"images\/image-60e923ceea0cf.png","mime":"image\/png","copyright":{"license":"U"},"width":800,"height":800}},{"tips":{},"text":"<p style=\"text-align: center;\"><strong>Can computer process information at the speed of light?<\/strong><\/p>\n","answer":"<p style=\"text-align: center;\"><strong>Yes<\/strong><\/p>\n","image":{"path":"images\/image-60e92184138fc.png","mime":"image\/png","copyright":{"license":"U"},"width":238,"height":250}},{"tips":{},"text":"<p style=\"text-align: center;\"><strong>List the important features of computer.<\/strong><\/p>\n","answer":"<p style=\"text-align: center;\"><strong>1. Speed<\/strong><\/p>\n\n<p style=\"text-align: center;\"><strong>2. Accuracy<\/strong><\/p>\n\n<p style=\"text-align: center;\"><strong>3. Automatic operation<\/strong><\/p>\n\n<p style=\"text-align: center;\"><strong>4. Diligence<\/strong><\/p>\n\n<p style=\"text-align: center;\"><strong>5. Versatility<\/strong><\/p>\n\n<p style=\"text-align: center;\"><strong>6. Reliability<\/strong><\/p>\n\n<p style=\"text-align: center;\"><strong>7. Storage capacity<\/strong><\/p>\n","image":{"path":"images\/image-60e9202802ec7.jpg","mime":"image\/jpeg","copyright":{"license":"U"},"width":612,"height":612}}],"behaviour":{"enableRetry":true,"disableBackwardsNavigation":false,"scaleTextNotCard":false,"randomCards":false,"maxProficiency":5,"quickProgression":false},"answer":"Turn","next":"Next","prev":"Previous","retry":"Retry","correctAnswer":"I got it right!","incorrectAnswer":"I got it wrong","round":"Round @round","cardsLeft":"Cards left: @number","nextRound":"Proceed to round @round","startOver":"Start over","showSummary":"Next","summary":"Summary","summaryCardsRight":"Cards you got right:","summaryCardsWrong":"Cards you got wrong:","summaryCardsNotShown":"Cards in pool not shown:","summaryOverallScore":"Overall Score","summaryCardsCompleted":"Cards you have completed learning:","summaryCompletedRounds":"Completed rounds:","summaryAllDone":"Well done! You got all @cards cards correct @max times in a row!","progressText":"Card @card of @total","cardFrontLabel":"Card front","cardBackLabel":"Card back","tipButtonLabel":"Show tip","audioNotSupported":"Your browser does not support this audio","confirmStartingOver":{"header":"Start over?","body":"All progress will be lost. Are you sure you want to start over?","cancelLabel":"Cancel","confirmLabel":"Start over"},"title":"<p style=\"text-align: center;\"><strong>Characteristics \/ Features of a computer<\/strong><\/p>\n"}