{"mode":"repetition","description":"<p style=\"text-align: center;\"><strong>Guess the correct answer<\/strong><\/p>\n","dialogs":[{"tips":{},"text":"<p style=\"text-align: center;\"><strong>Zooming in and out to view various parts of the document is possible in print preview. True or false?<\/strong><\/p>\n","answer":"<p style=\"text-align: center;\"><strong>True<\/strong><\/p>\n","image":{"path":"images\/image-60efd28005b5a.png","mime":"image\/png","copyright":{"license":"U"},"width":838,"height":720}},{"tips":{},"text":"<p style=\"text-align: center;\"><strong>Can you print virtually in MS Word?<\/strong><\/p>\n","answer":"<p style=\"text-align: center;\"><strong>Yes you can.<\/strong><\/p>\n","image":{"path":"images\/image-60efd0f66e3ff.png","mime":"image\/png","copyright":{"license":"U"},"width":216,"height":215}},{"tips":{},"text":"<p style=\"text-align: center;\"><strong>What are the steps for printing certain pages or several copies is MS Word?<\/strong><\/p>\n","answer":"<p style=\"text-align: center;\"><strong>1. Click Ctrl + P Print dialog box opens.<br>\n2. If required click in to the Pages box and type the pages you require.<br>\n3. If required, change the Number of copies box.<br>\n4. Click OK.<\/strong><\/p>\n","image":{"path":"images\/image-60efcf7ae6726.jpg","mime":"image\/jpeg","copyright":{"license":"U"},"width":580,"height":400}},{"tips":{},"text":"<p style=\"text-align: center;\"><strong>You can print multiple copies of same page in MS Word. True or false?<\/strong><\/p>\n","answer":"<p style=\"text-align: center;\"><strong>True<\/strong><\/p>\n","image":{"path":"images\/image-60efcef368310.jpg","mime":"image\/jpeg","copyright":{"license":"U"},"width":681,"height":428}},{"tips":{},"text":"<p style=\"text-align: center;\"><strong>You cannot change page size in print preview. True or False?<\/strong><\/p>\n","answer":"<p style=\"text-align: center;\"><strong>False<\/strong><\/p>\n","image":{"path":"images\/image-60efd21e6ba89.jpg","mime":"image\/jpeg","copyright":{"license":"U"},"width":238,"height":250}},{"tips":{},"text":"<p style=\"text-align: center;\"><strong>What is the shortcut key for print?<\/strong><\/p>\n","answer":"<p style=\"text-align: center;\"><strong>CTRL + P<\/strong><\/p>\n","image":{"path":"images\/image-60efce4795fa3.png","mime":"image\/png","copyright":{"license":"U"},"width":600,"height":189}},{"tips":{},"text":"<p style=\"text-align: center;\"><strong>What are the steps for printing document in MS word?<\/strong><\/p>\n","answer":"<p style=\"text-align: center;\"><strong>1. Click on the Office button.<br>\n2. Click on Print.<br>\n3. Click on Print, Print dialog box opens.<br>\n4. Click OK<\/strong><\/p>\n","image":{"path":"images\/image-60efce0d88015.jpg","mime":"image\/jpeg","copyright":{"license":"U"},"width":681,"height":428}},{"tips":{},"text":"<p style=\"text-align: center;\"><strong>What are the steps for getting a Print Preview?<\/strong><\/p>\n","answer":"<p style=\"text-align: center;\"><strong>1. Click on the Office button or File Tab.<br>\n2. Choose Print Preview.<br>\n3.Print Preview tab appears.<br>\n4. When you have finished with Print Preview, click on the Close Print Preview button.<\/strong><\/p>\n","image":{"path":"images\/image-60efcd4c8e3fb.png","mime":"image\/png","copyright":{"license":"U"},"width":675,"height":487}},{"tips":{},"text":"<p style=\"text-align: center;\"><strong>You can modify margins in print preview format. True or false?<\/strong><\/p>\n","answer":"<p style=\"text-align: center;\"><strong>True<\/strong><\/p>\n","image":{"path":"images\/image-60efd1b74498e.png","mime":"image\/png","copyright":{"license":"U"},"width":1500,"height":2121}},{"tips":{},"text":"<p style=\"text-align: center;\"><strong>________ allows you to see how the document will look when it\u2019s printed, without actually printing it.<\/strong><\/p>\n","answer":"<p style=\"text-align: center;\"><strong>Print Preview<\/strong><\/p>\n","image":{"path":"images\/image-60efccb86ab5e.png","mime":"image\/png","copyright":{"license":"U"},"width":838,"height":720}}],"behaviour":{"enableRetry":true,"disableBackwardsNavigation":false,"scaleTextNotCard":false,"randomCards":false,"maxProficiency":5,"quickProgression":false},"answer":"Turn","next":"Next","prev":"Previous","retry":"Retry","correctAnswer":"I got it right!","incorrectAnswer":"I got it wrong","round":"Round @round","cardsLeft":"Cards left: @number","nextRound":"Proceed to round @round","startOver":"Start over","showSummary":"Next","summary":"Summary","summaryCardsRight":"Cards you got right:","summaryCardsWrong":"Cards you got wrong:","summaryCardsNotShown":"Cards in pool not shown:","summaryOverallScore":"Overall Score","summaryCardsCompleted":"Cards you have completed learning:","summaryCompletedRounds":"Completed rounds:","summaryAllDone":"Well done! You got all @cards cards correct @max times in a row!","progressText":"Card @card of @total","cardFrontLabel":"Card front","cardBackLabel":"Card back","tipButtonLabel":"Show tip","audioNotSupported":"Your browser does not support this audio","confirmStartingOver":{"header":"Start over?","body":"All progress will be lost. Are you sure you want to start over?","cancelLabel":"Cancel","confirmLabel":"Start over"},"title":"<p>&nbsp;&nbsp;<\/p>\n"}