{"mode":"repetition","description":"<p style=\"text-align: center;\"><strong>Read the questions and guess the answer.<\/strong><\/p>\n","dialogs":[{"tips":{},"text":"<p style=\"text-align: center;\"><strong>Average atmospheric condition of a place over a long period of time is known as .....<\/strong><\/p>\n","answer":"<p style=\"text-align: center;\"><strong>Climate<\/strong><\/p>\n","image":{"path":"images\/image-60ed329dd49c3.png","mime":"image\/png","copyright":{"license":"U"},"width":1500,"height":1125},"imageAltText":"climate"},{"tips":{},"text":"<p style=\"text-align: center;\"><strong>What are main climatic regions of earth?<\/strong><\/p>\n","answer":"<p style=\"text-align: center;\"><strong>Tropical, sub- tropical, and tundra(cold)<\/strong><\/p>\n","image":{"path":"images\/image-60ed32aa77302.png","mime":"image\/png","copyright":{"license":"U"},"width":602,"height":278},"imageAltText":"climatic regions"},{"tips":{},"text":"<p style=\"text-align: center;\"><strong>What are clouds made up of?<\/strong><\/p>\n","answer":"<p style=\"text-align: center;\"><strong>Small drops of water<\/strong><\/p>\n","image":{"path":"images\/image-60ed32b65ab82.png","mime":"image\/png","copyright":{"license":"U"},"width":1280,"height":853},"imageAltText":"cloud"},{"tips":{},"text":"<p style=\"text-align: center;\"><strong>A soft, white and fluffy crystalline water is known as .....<\/strong><\/p>\n","answer":"<p style=\"text-align: center;\"><strong>Snow<\/strong><\/p>\n","image":{"path":"images\/image-60ed32bfe974b.png","mime":"image\/png","copyright":{"license":"U"},"width":2560,"height":1920},"imageAltText":"snow"},{"tips":{},"text":"<p style=\"text-align: center;\"><strong>About 21% of nitrogen is found in atmosphere. True or false?<\/strong><\/p>\n","answer":"<p style=\"text-align: center;\"><strong>False<\/strong><\/p>\n","image":{"path":"images\/image-60ed32c807aed.png","mime":"image\/png","copyright":{"license":"U"},"width":407,"height":421},"imageAltText":"volume of air"},{"tips":{},"text":"<p style=\"text-align: center;\"><strong>Mesosphere extends between how much km from the surface of earth?<\/strong><\/p>\n","answer":"<p style=\"text-align: center;\"><strong>50 km to 80 km<\/strong><\/p>\n","image":{"path":"images\/image-60ed32d38618a.png","mime":"image\/png","copyright":{"license":"U"},"width":678,"height":509},"imageAltText":"atmosphere"},{"tips":{},"text":"<p style=\"text-align: center;\"><strong>Which device is used to measure amount of rainfall?<\/strong><\/p>\n","answer":"<p style=\"text-align: center;\"><strong>Rain gauze<\/strong><\/p>\n","image":{"path":"images\/image-60ed32ddb1413.png","mime":"image\/png","copyright":{"license":"U"},"width":370,"height":370},"imageAltText":"rain gauze"},{"tips":{},"text":"<p style=\"text-align: center;\"><strong>The equipment used to measure the speed and direction of air is called .....<\/strong><\/p>\n","answer":"<p style=\"text-align: center;\"><strong>Anemometer<\/strong><\/p>\n","image":{"path":"images\/image-60ed32eab4076.png","mime":"image\/png","copyright":{"license":"U"},"width":1184,"height":1740},"imageAltText":"anemometer"},{"tips":{},"text":"<p style=\"text-align: center;\"><strong>What is the movement of cold air towards the land from sea during day known as?<\/strong><\/p>\n","answer":"<p style=\"text-align: center;\"><strong>Sea breeze<\/strong><\/p>\n","image":{"path":"images\/image-60ed32f2b56fe.png","mime":"image\/png","copyright":{"license":"U"},"width":500,"height":385},"imageAltText":"sea breeze"},{"tips":{},"text":"<p style=\"text-align: center;\"><strong>What is weather forecasting?<\/strong><\/p>\n","answer":"<p style=\"text-align: center;\"><strong>Process of predicting the forthcoming weather<\/strong><\/p>\n","image":{"path":"images\/image-60ed32fba7fc2.png","mime":"image\/png","copyright":{"license":"U"},"width":730,"height":410},"imageAltText":"weather forecast"}],"behaviour":{"enableRetry":true,"disableBackwardsNavigation":false,"scaleTextNotCard":false,"randomCards":false,"maxProficiency":5,"quickProgression":false},"answer":"Turn","next":"Next","prev":"Previous","retry":"Retry","correctAnswer":"I got it right!","incorrectAnswer":"I got it wrong","round":"Round @round","cardsLeft":"Cards left: @number","nextRound":"Proceed to round @round","startOver":"Start over","showSummary":"Next","summary":"Summary","summaryCardsRight":"Cards you got right:","summaryCardsWrong":"Cards you got wrong:","summaryCardsNotShown":"Cards in pool not shown:","summaryOverallScore":"Overall Score","summaryCardsCompleted":"Cards you have completed learning:","summaryCompletedRounds":"Completed rounds:","summaryAllDone":"Well done! You got all @cards cards correct @max times in a row!","progressText":"Card @card of @total","cardFrontLabel":"Card front","cardBackLabel":"Card back","tipButtonLabel":"Show tip","audioNotSupported":"Your browser does not support this audio","confirmStartingOver":{"header":"Start over?","body":"All progress will be lost. Are you sure you want to start over?","cancelLabel":"Cancel","confirmLabel":"Start over"},"title":"<p style=\"text-align: center;\"><strong>Weather and Climate<\/strong><\/p>\n"}