{
  "machineName": "H5P.Column",
  "title": "Column",
  "description": "Content holder displaying content in a column.",
  "contentType": "instructional",
  "license": "MIT",
  "author": "Joubel",
  "majorVersion": 1,
  "minorVersion": 16,
  "patchVersion": 5,
  "runnable": 1,
  "fullscreen": 0,
  "embedTypes": [
    "iframe"
  ],
  "coreApi": {
    "majorVersion": 1,
    "minorVersion": 19
  },
  "preloadedJs": [
    {
      "path": "scripts/h5p-column.js"
    }
  ],
  "preloadedCss": [
    {
      "path": "styles/h5p-column.css"
    }
  ]
}