{"mode":"repetition","description":"<p style=\"text-align: center;\"><strong>Answer the questions carefully.<\/strong><\/p>\n","dialogs":[{"tips":{},"image":{"path":"images\/image-60f03c2344fee.png","mime":"image\/png","copyright":{"license":"U"},"width":326,"height":154},"answer":"<p><strong>First class lever<\/strong><\/p>\n","imageAltText":"First class lever","text":"<p><strong>Which class lever is this?<\/strong><\/p>\n"},{"tips":{},"image":{"path":"images\/image-60ed4490e1e07.jpg","mime":"image\/jpeg","copyright":{"license":"U"},"width":206,"height":206},"text":"<p><strong>Name this simple machine.<\/strong><\/p>\n","answer":"<p><strong>Pulley<\/strong><\/p>\n"},{"tips":{},"image":{"path":"images\/image-60ed449840892.jpg","mime":"image\/jpeg","copyright":{"license":"U"},"width":206,"height":206},"text":"<p><strong>Simple machines doesn't make our work easier and faster.True or false?<\/strong><\/p>\n","answer":"<p><strong>False<\/strong><\/p>\n"},{"tips":{},"image":{"path":"images\/image-60ed44a871375.jpg","mime":"image\/jpeg","copyright":{"license":"U"},"width":206,"height":206},"text":"<p><strong>What are the two types of pulley? Name them.<\/strong><\/p>\n","answer":"<p><strong>Fixed pulley and movable pulley||Movable pulley and fixed pulley<\/strong><\/p>\n"},{"tips":{},"image":{"path":"images\/image-60ed44b1d0c3b.jpg","mime":"image\/jpeg","copyright":{"license":"U"},"width":206,"height":206},"text":"<p><strong>In a movable pulley, pulley moves along with load.True or false?<\/strong><\/p>\n","answer":"<p><strong>True<\/strong><\/p>\n"},{"tips":{},"image":{"path":"images\/image-60ed44e4e5cd7.jpg","mime":"image\/jpeg","copyright":{"license":"U"},"width":206,"height":206},"text":"<p><strong>Is it a simple machine or a complex machine?<\/strong><\/p>\n","answer":"<p><strong>Complex machine<\/strong><\/p>\n"},{"tips":{},"image":{"path":"images\/image-60f03fa460cc4.jpg","mime":"image\/jpeg","copyright":{"license":"U"},"width":225,"height":225},"text":"<p><strong>What is the distance between two screw thread called?<\/strong><\/p>\n","answer":"<p><strong>Pitch<\/strong><\/p>\n"},{"tips":{},"image":{"path":"images\/image-60ed44de9cd7b.jpg","mime":"image\/jpeg","copyright":{"license":"U"},"width":206,"height":206},"text":"<p><strong>Is this a simple machine? Yes or no?<\/strong><\/p>\n","answer":"<p><strong>Yes<\/strong><\/p>\n"},{"tips":{},"image":{"path":"images\/image-60f03d40e4694.jpg","mime":"image\/jpeg","copyright":{"license":"U"},"width":206,"height":206},"text":"<p><strong>Ladder is an example of inclined plane. Yes or no?<\/strong><\/p>\n","answer":"<p><strong>Yes<\/strong><\/p>\n"},{"tips":{},"image":{"path":"images\/image-60f03dae7c281.jpg","mime":"image\/jpeg","copyright":{"license":"U"},"width":296,"height":205},"text":"<p><strong>A load of 2000 N can be lifted by applying an effort of 500 N. If the load arm is 50 cm, calculate the effort arm.<\/strong><\/p>\n","answer":"<p><strong>200 cm<\/strong><\/p>\n"}],"behaviour":{"enableRetry":true,"disableBackwardsNavigation":false,"scaleTextNotCard":false,"randomCards":false,"maxProficiency":5,"quickProgression":false},"answer":"Turn","next":"Next","prev":"Previous","retry":"Retry","correctAnswer":"I got it right!","incorrectAnswer":"I got it wrong","round":"Round @round","cardsLeft":"Cards left: @number","nextRound":"Proceed to round @round","startOver":"Start over","showSummary":"Next","summary":"Summary","summaryCardsRight":"Cards you got right:","summaryCardsWrong":"Cards you got wrong:","summaryCardsNotShown":"Cards in pool not shown:","summaryOverallScore":"Overall Score","summaryCardsCompleted":"Cards you have completed learning:","summaryCompletedRounds":"Completed rounds:","summaryAllDone":"Well done! You got all @cards cards correct @max times in a row!","progressText":"Card @card of @total","cardFrontLabel":"Card front","cardBackLabel":"Card back","tipButtonLabel":"Show tip","audioNotSupported":"Your browser does not support this audio","confirmStartingOver":{"header":"Start over?","body":"All progress will be lost. Are you sure you want to start over?","cancelLabel":"Cancel","confirmLabel":"Start over"},"title":"<p style=\"text-align: center;\"><strong>Simple Machines<\/strong><\/p>\n"}