{"cards":[{"tip":"","text":"______ systems use multiple central processors to serve multiple real-time applications and multiple users.","answer":"Distributed\/Distributed operating","image":{"path":"images\/image-60eeb2208f40c.jpg","mime":"image\/jpeg","copyright":{"license":"U"},"width":800,"height":800}},{"tip":"<p style=\"text-align: center;\"><strong>Which operating system<\/strong><\/p>\n","text":"Security problem due to sharing occurs in _________","answer":"distributed system\/distributed systems\/distributed operating system","image":{"path":"images\/image-60eee6357707f.png","mime":"image\/png","copyright":{"license":"U"},"width":224,"height":224}},{"tip":"","text":"If one site fails in a ______ system, the remaining sites can potentially continue operating.","answer":"distributed\/distributed operating","image":{"path":"images\/image-60eee678d1a13.jpg","mime":"image\/jpeg","copyright":{"license":"U"},"width":800,"height":800}},{"tip":"","text":"Distributed Operating System is not reliable. True or false?","answer":"False","image":{"path":"images\/image-60eee6edd9516.png","mime":"image\/png","copyright":{"license":"U"},"width":1000,"height":933}},{"tip":"","text":"________in a distributed system may vary in size and function.","answer":"Processors","image":{"path":"images\/image-60eee761343fc.jpg","mime":"image\/jpeg","copyright":{"license":"U"},"width":1000,"height":816}},{"tip":"","text":"Distributed operating system provide better service to the customers. True or false?","answer":"True","image":{"path":"images\/image-60eee7b98bc88.jpg","mime":"image\/jpeg","copyright":{"license":"U"},"width":338,"height":338}},{"tip":"","text":"______ operating system reduces the load on the host computer.","answer":"Distributed\/Distributed operating","image":{"path":"images\/image-60eee82228fb2.jpg","mime":"image\/jpeg","copyright":{"license":"U"},"width":800,"height":800}},{"tip":"","text":"Distributed operating systems consist resource sharing facility. True or False?","answer":"True","image":{"path":"images\/image-60eee8e2e9569.jpg","mime":"image\/jpeg","copyright":{"license":"U"},"width":975,"height":987}},{"tip":"","text":"Servers in distributed are very stable. True or False?","answer":"True","image":{"path":"images\/image-60eee929cf909.jpg","mime":"image\/jpeg","copyright":{"license":"U"},"width":338,"height":338}},{"tip":"","text":"There will be problem of data communication in Distributed operating system. True or False?","answer":"False","image":{"path":"images\/image-60eee97f0e3a4.png","mime":"image\/png","copyright":{"license":"U"},"width":329,"height":244,"originalImage":{"path":"images\/image-60eee9762662f.png#tmp","mime":"image\/png","height":250,"width":1200}}}],"progressText":"Card @card of @total","next":"Next","previous":"Previous","checkAnswerText":"Check","showSolutionsRequiresInput":true,"defaultAnswerText":"Your answer","correctAnswerText":"Correct","incorrectAnswerText":"Incorrect","showSolutionText":"Correct answer","results":"Results","ofCorrect":"@score of @total correct","showResults":"Show results","answerShortText":"A:","retry":"Retry","caseSensitive":false,"cardAnnouncement":"Incorrect answer. Correct answer was @answer","pageAnnouncement":"Page @current of @total","description":"Guess the correct answer.","correctAnswerAnnouncement":"@answer is correct.","randomCards":false}