{"cards":[{"text":"What will be the temperature on a cold day? [High\/Low]","answer":"Low","image":{"path":"images\/image-60e7088004f94.jpg","mime":"image\/jpeg","copyright":{"license":"U"},"width":238,"height":250},"tip":""},{"text":"Taking soup on a cold day makes our body cold or warm?","image":{"path":"images\/image-60e713a1d6fca.jpg","mime":"image\/jpeg","copyright":{"license":"U"},"width":238,"height":250},"answer":"Warm","tip":""},{"text":"Do people sunbathe on a cold day? [Yes\/No]","answer":"No","image":{"path":"images\/image-60e70b73b09e7.jpg","mime":"image\/jpeg","copyright":{"license":"U"},"width":238,"height":250},"tip":""},{"text":"Snow falls in cold weather. [Yes\/No]","answer":"Yes","tip":"","image":{"path":"images\/image-6104b7b36cc92.png","mime":"image\/png","copyright":{"license":"U"},"width":1000,"height":1000}},{"text":"Does raining signify a cold day? [Yes\/No]","answer":"Yes","tip":"","image":{"path":"images\/image-6104b76357528.png","mime":"image\/png","copyright":{"license":"U"},"width":1000,"height":995}},{"text":"Ice cream must be taken on cold days? [Yes\/No]","answer":"No","image":{"path":"images\/image-60e71223db0fb.jpg","mime":"image\/jpeg","copyright":{"license":"U"},"width":237,"height":250},"tip":""},{"text":"Is a cloudy day usually cold or hot?","answer":"Cold","tip":"","image":{"path":"images\/image-6104ba64291eb.png","mime":"image\/png","copyright":{"license":"U"},"width":998,"height":912}},{"text":"Do we see low or high humidity on a cold day?","answer":"High","image":{"path":"images\/image-60e71a5140803.jpg","mime":"image\/jpeg","copyright":{"license":"U"},"width":238,"height":250},"tip":""},{"text":"Winter seasons are cold? [Yes\/No]","answer":"Yes","tip":"","image":{"path":"images\/image-6104b9a204532.png","mime":"image\/png","copyright":{"license":"U"},"width":1000,"height":1000}},{"text":"Cold days are best enjoyed indoors. [Yes\/No]","answer":"Yes","tip":"","image":{"path":"images\/image-6104ba1887b2f.png","mime":"image\/png","copyright":{"license":"U"},"width":1309,"height":1080}}],"progressText":"Card @card of @total","next":"Next","previous":"Previous","checkAnswerText":"Check","showSolutionsRequiresInput":true,"defaultAnswerText":"Your answer","correctAnswerText":"Correct","incorrectAnswerText":"Incorrect","showSolutionText":"Correct answer","results":"Results","ofCorrect":"@score of @total correct","showResults":"Show results","answerShortText":"A:","retry":"Retry","caseSensitive":false,"cardAnnouncement":"Incorrect answer. Correct answer was @answer","pageAnnouncement":"Page @current of @total","description":"Answer the questions properly.","correctAnswerAnnouncement":"@answer is correct.","randomCards":true}