{"content":[{"content":{"params":{"media":{"disableImageZooming":true,"type":{"params":{"contentName":"Image","alt":"information","file":{"path":"images\/file-61020dea07656.png","mime":"image\/png","copyright":{"license":"U"},"width":1300,"height":270},"decorative":false,"expandImage":"Expand Image","minimizeImage":"Minimize Image"},"library":"H5P.Image 1.1","metadata":{"contentType":"Image","license":"U","title":"Untitled Image"},"subContentId":"cb19502a-b617-42a7-b817-61c0c0d77980"}},"text":"<h3>1. Fill in the correct answer.<\/h3>\n","overallFeedback":[{"from":0,"to":50,"feedback":"Sorry, it is incorrect."},{"from":51,"to":100,"feedback":"Well done ! It is the correct answer."}],"showSolutions":"Show solution","tryAgain":"Retry","checkAnswer":"Check","notFilledOut":"Please fill in all blanks to view solution","answerIsCorrect":"&#039;:ans&#039; is correct","answerIsWrong":"&#039;:ans&#039; is wrong","answeredCorrectly":"Answered correctly","answeredIncorrectly":"Answered incorrectly","solutionLabel":"Correct answer:","inputLabel":"Blank input @num of @total","inputHasTipLabel":"Tip available","tipLabel":"Tip","behaviour":{"enableRetry":false,"enableSolutionsButton":true,"enableCheckButton":true,"autoCheck":false,"caseSensitive":false,"showSolutionsRequiresInput":true,"separateLines":false,"confirmCheckDialog":false,"confirmRetryDialog":false,"acceptSpellingErrors":false},"scoreBarLabel":"You got :num out of :total points","a11yCheck":"Check the answers. The responses will be marked as correct, incorrect, or unanswered.","a11yShowSolution":"Show the solution. The task will be marked with its correct solution.","a11yRetry":"Retry the task. Reset all responses and start the task over again.","a11yCheckingModeHeader":"Checking mode","confirmCheck":{"header":"Finish ?","body":"Are you sure you wish to finish ?","cancelLabel":"Cancel","confirmLabel":"Finish"},"confirmRetry":{"header":"Retry ?","body":"Are you sure you wish to retry ?","cancelLabel":"Cancel","confirmLabel":"Confirm"},"questions":["<p><strong>The collected knowledge or data on any subject is known as *information*.<\/strong><\/p>\n"]},"library":"H5P.Blanks 1.14","metadata":{"contentType":"Fill in the Blanks","license":"U","title":"Fill in the Blanks"},"subContentId":"46fffb8a-a27b-42a2-9488-5d0d4afea841"},"useSeparator":"auto"},{"content":{"params":{"media":{"disableImageZooming":true,"type":{"params":{"contentName":"Image","alt":"communication","file":{"path":"images\/file-61020df6bfbcb.png","mime":"image\/png","copyright":{"license":"U"},"width":1300,"height":260},"decorative":false,"expandImage":"Expand Image","minimizeImage":"Minimize Image"},"library":"H5P.Image 1.1","metadata":{"contentType":"Image","license":"U","title":"Untitled Image"},"subContentId":"1620097d-3378-4e78-998d-ab6d94a5a5b1"}},"answers":[{"correct":true,"tipsAndFeedback":{"tip":"","chosenFeedback":"","notChosenFeedback":""},"text":"<div><strong>Process of expressing ideas or information<\/strong><\/div>\n"},{"correct":false,"tipsAndFeedback":{"tip":"","chosenFeedback":"","notChosenFeedback":""},"text":"<div><strong>Process of storing data<\/strong><\/div>\n"},{"correct":false,"tipsAndFeedback":{"tip":"","chosenFeedback":"","notChosenFeedback":""},"text":"<div><strong>Process of learning data<\/strong><\/div>\n"},{"correct":false,"tipsAndFeedback":{"tip":"","chosenFeedback":"","notChosenFeedback":""},"text":"<div><strong>Process of evaluation of data<\/strong><\/div>\n"}],"overallFeedback":[{"from":0,"to":50,"feedback":"Sorry, it is incorrect."},{"from":51,"to":100,"feedback":"Good work ! It is the correct answer."}],"behaviour":{"enableRetry":false,"enableSolutionsButton":true,"enableCheckButton":true,"type":"auto","singlePoint":false,"randomAnswers":true,"showSolutionsRequiresInput":true,"confirmCheckDialog":false,"confirmRetryDialog":false,"autoCheck":false,"passPercentage":100,"showScorePoints":true},"UI":{"checkAnswerButton":"Check","showSolutionButton":"Show solution","tryAgainButton":"Retry","tipsLabel":"Show tip","scoreBarLabel":"You got :num out of :total points","tipAvailable":"Tip available","feedbackAvailable":"Feedback available","readFeedback":"Read feedback","wrongAnswer":"Wrong answer","correctAnswer":"Correct answer","shouldCheck":"Should have been checked","shouldNotCheck":"Should not have been checked","noInput":"Please answer before viewing the solution","a11yCheck":"Check the answers. The responses will be marked as correct, incorrect, or unanswered.","a11yShowSolution":"Show the solution. The task will be marked with its correct solution.","a11yRetry":"Retry the task. Reset all responses and start the task over again.","submitAnswerButton":"Submit"},"confirmCheck":{"header":"Finish ?","body":"Are you sure you wish to finish ?","cancelLabel":"Cancel","confirmLabel":"Finish"},"confirmRetry":{"header":"Retry ?","body":"Are you sure you wish to retry ?","cancelLabel":"Cancel","confirmLabel":"Confirm"},"question":"<p><strong>2. What is communication?<\/strong><\/p>\n"},"library":"H5P.MultiChoice 1.16","metadata":{"contentType":"Multiple Choice","license":"U","title":"Multiple Choice"},"subContentId":"d0e2aca0-9bbd-4435-a83f-a36588fafb58"},"useSeparator":"enabled"},{"content":{"params":{"contentName":"Image","alt":"newspaper and messenger","file":{"path":"images\/file-658bd1e82ac60.png","mime":"image\/png","copyright":{"license":"U"},"width":1300,"height":201},"decorative":false,"expandImage":"Expand Image","minimizeImage":"Minimize Image"},"library":"H5P.Image 1.1","metadata":{"contentType":"Image","license":"U","title":"Untitled Image"},"subContentId":"9d9d873d-a9ca-4630-b93e-8c0f6bfe177e"},"useSeparator":"enabled"},{"content":{"params":{"taskDescription":"<h3>3. Drag the words into the correct boxes.<\/h3>\n","overallFeedback":[{"from":0,"to":98,"feedback":"Sorry, it is incorrect."},{"from":99,"to":100,"feedback":"Bravo ! You got it right."}],"checkAnswer":"Check","tryAgain":"Retry","showSolution":"Show solution","dropZoneIndex":"Drop Zone @index.","empty":"Drop Zone @index is empty.","contains":"Drop Zone @index contains draggable @draggable.","ariaDraggableIndex":"@index of @count draggables.","tipLabel":"Show tip","correctText":"Correct!","incorrectText":"Incorrect!","resetDropTitle":"Reset drop","resetDropDescription":"Are you sure you want to reset this drop zone?","grabbed":"Draggable is grabbed.","cancelledDragging":"Cancelled dragging.","correctAnswer":"Correct answer:","feedbackHeader":"Feedback","behaviour":{"enableRetry":false,"enableSolutionsButton":true,"enableCheckButton":true,"instantFeedback":false},"scoreBarLabel":"You got :num out of :total points","a11yCheck":"Check the answers. The responses will be marked as correct, incorrect, or unanswered.","a11yShowSolution":"Show the solution. The task will be marked with its correct solution.","a11yRetry":"Retry the task. Reset all responses and start the task over again.","textField":"*Messenger\\+Correct! \\-Incorrect!* is the means of communication.\n*Newspaper\\+Correct! \\-Incorrect!* is the source of information.","submitAnswer":"Submit"},"library":"H5P.DragText 1.10","metadata":{"contentType":"Drag the Words","license":"U","title":"Drag Text"},"subContentId":"dc175804-5f98-4f48-81f7-8a990fa0f2a8"},"useSeparator":"auto"},{"content":{"params":{"media":{"disableImageZooming":true,"type":{"params":{"contentName":"Image","alt":"telephone","file":{"path":"images\/file-61020e0ff2a34.png","mime":"image\/png","copyright":{"license":"U"},"width":1300,"height":260},"decorative":false,"expandImage":"Expand Image","minimizeImage":"Minimize Image"},"library":"H5P.Image 1.1","metadata":{"contentType":"Image","license":"U","title":"Untitled Image"},"subContentId":"6450561f-8f0e-4f01-9dd9-2b24d3d07512"}},"correct":"false","behaviour":{"enableRetry":false,"enableSolutionsButton":true,"enableCheckButton":true,"confirmCheckDialog":false,"confirmRetryDialog":false,"autoCheck":false},"l10n":{"trueText":"True","falseText":"False","score":"You got @score of @total points","checkAnswer":"Check","showSolutionButton":"Show solution","tryAgain":"Retry","wrongAnswerMessage":"Wrong answer","correctAnswerMessage":"Correct answer","scoreBarLabel":"You got :num out of :total points","a11yCheck":"Check the answers. The responses will be marked as correct, incorrect, or unanswered.","a11yShowSolution":"Show the solution. The task will be marked with its correct solution.","a11yRetry":"Retry the task. Reset all responses and start the task over again.","submitAnswer":"Submit"},"confirmCheck":{"header":"Finish ?","body":"Are you sure you wish to finish ?","cancelLabel":"Cancel","confirmLabel":"Finish"},"confirmRetry":{"header":"Retry ?","body":"Are you sure you wish to retry ?","cancelLabel":"Cancel","confirmLabel":"Confirm"},"question":"<h3>4. Telephone is the means of one-way communication.<\/h3>\n"},"library":"H5P.TrueFalse 1.8","metadata":{"contentType":"True\/False Question","license":"U","title":"True\/False Question"},"subContentId":"8d540ae6-84e2-44da-b23a-377b702b56cb"},"useSeparator":"enabled"},{"content":{"params":{"media":{"disableImageZooming":true,"type":{"params":{"contentName":"Image","alt":"communication","file":{"path":"images\/file-61020e1e4a657.png","mime":"image\/png","copyright":{"license":"U"},"width":1300,"height":260},"decorative":false,"expandImage":"Expand Image","minimizeImage":"Minimize Image"},"library":"H5P.Image 1.1","metadata":{"contentType":"Image","license":"U","title":"Untitled Image"},"subContentId":"0847045c-1d65-43f0-af62-733a52c61a5a"}},"answers":[{"correct":true,"tipsAndFeedback":{"tip":"","chosenFeedback":"","notChosenFeedback":""},"text":"<div><strong>Yes<\/strong><\/div>\n"},{"correct":false,"tipsAndFeedback":{"tip":"","chosenFeedback":"","notChosenFeedback":""},"text":"<div><strong>No<\/strong><\/div>\n"}],"overallFeedback":[{"from":0,"to":50,"feedback":"Sorry, it is incorrect."},{"from":51,"to":100,"feedback":"Fantastic ! It is the correct answer."}],"behaviour":{"enableRetry":false,"enableSolutionsButton":true,"enableCheckButton":true,"type":"auto","singlePoint":false,"randomAnswers":true,"showSolutionsRequiresInput":true,"confirmCheckDialog":false,"confirmRetryDialog":false,"autoCheck":false,"passPercentage":100,"showScorePoints":true},"UI":{"checkAnswerButton":"Check","showSolutionButton":"Show solution","tryAgainButton":"Retry","tipsLabel":"Show tip","scoreBarLabel":"You got :num out of :total points","tipAvailable":"Tip available","feedbackAvailable":"Feedback available","readFeedback":"Read feedback","wrongAnswer":"Wrong answer","correctAnswer":"Correct answer","shouldCheck":"Should have been checked","shouldNotCheck":"Should not have been checked","noInput":"Please answer before viewing the solution","a11yCheck":"Check the answers. The responses will be marked as correct, incorrect, or unanswered.","a11yShowSolution":"Show the solution. The task will be marked with its correct solution.","a11yRetry":"Retry the task. Reset all responses and start the task over again.","submitAnswerButton":"Submit"},"confirmCheck":{"header":"Finish ?","body":"Are you sure you wish to finish ?","cancelLabel":"Cancel","confirmLabel":"Finish"},"confirmRetry":{"header":"Retry ?","body":"Are you sure you wish to retry ?","cancelLabel":"Cancel","confirmLabel":"Confirm"},"question":"<h3>5. Is collecting information equally important as it's communication?<\/h3>\n"},"library":"H5P.MultiChoice 1.16","metadata":{"contentType":"Multiple Choice","license":"U","title":"Multiple Choice"},"subContentId":"119b8bb0-11e0-425f-b6a6-2cd64e3bb7f1"},"useSeparator":"enabled"},{"content":{"params":{"media":{"disableImageZooming":true,"type":{"params":{"contentName":"Image","alt":"television","file":{"path":"images\/file-61020e28c0d76.png","mime":"image\/png","copyright":{"license":"U"},"width":1300,"height":260},"decorative":false,"expandImage":"Expand Image","minimizeImage":"Minimize Image"},"library":"H5P.Image 1.1","metadata":{"contentType":"Image","license":"U","title":"Untitled Image"},"subContentId":"2cbe6a86-86e3-46d5-bc00-720704cc348f"}},"text":"<h3>6. Identify the means of information shown in the picture.<\/h3>\n","overallFeedback":[{"from":0,"to":50,"feedback":"Sorry, it is incorrect."},{"from":51,"to":100,"feedback":"Amazing ! It is the correct answer."}],"showSolutions":"Show solution","tryAgain":"Retry","checkAnswer":"Check","notFilledOut":"Please fill in all blanks to view solution","answerIsCorrect":"&#039;:ans&#039; is correct","answerIsWrong":"&#039;:ans&#039; is wrong","answeredCorrectly":"Answered correctly","answeredIncorrectly":"Answered incorrectly","solutionLabel":"Correct answer:","inputLabel":"Blank input @num of @total","inputHasTipLabel":"Tip available","tipLabel":"Tip","behaviour":{"enableRetry":false,"enableSolutionsButton":true,"enableCheckButton":true,"autoCheck":false,"caseSensitive":false,"showSolutionsRequiresInput":true,"separateLines":false,"confirmCheckDialog":false,"confirmRetryDialog":false,"acceptSpellingErrors":false},"scoreBarLabel":"You got :num out of :total points","a11yCheck":"Check the answers. The responses will be marked as correct, incorrect, or unanswered.","a11yShowSolution":"Show the solution. The task will be marked with its correct solution.","a11yRetry":"Retry the task. Reset all responses and start the task over again.","a11yCheckingModeHeader":"Checking mode","confirmCheck":{"header":"Finish ?","body":"Are you sure you wish to finish ?","cancelLabel":"Cancel","confirmLabel":"Finish"},"confirmRetry":{"header":"Retry ?","body":"Are you sure you wish to retry ?","cancelLabel":"Cancel","confirmLabel":"Confirm"},"questions":["<p><strong>*Television\/TV*<\/strong><\/p>\n"]},"library":"H5P.Blanks 1.14","metadata":{"contentType":"Fill in the Blanks","license":"U","title":"Fill in the Blanks"},"subContentId":"0501aa01-765b-42ba-a6e0-331e0a4848eb"},"useSeparator":"auto"},{"content":{"params":{"media":{"disableImageZooming":true,"type":{"params":{"contentName":"Image","alt":"mobile","file":{"path":"images\/file-658bd2d1e48ba.jpg","mime":"image\/jpeg","copyright":{"license":"U"},"width":1300,"height":201},"decorative":false,"expandImage":"Expand Image","minimizeImage":"Minimize Image"},"library":"H5P.Image 1.1","metadata":{"contentType":"Image","license":"U","title":"Untitled Image"},"subContentId":"0a4d0dfd-9d6a-4ba2-95dd-7001b6effc32"}},"answers":[{"correct":false,"tipsAndFeedback":{"tip":"","chosenFeedback":"","notChosenFeedback":""},"text":"<div><strong>Books<\/strong><\/div>\n"},{"correct":true,"tipsAndFeedback":{"tip":"","chosenFeedback":"","notChosenFeedback":""},"text":"<div><strong>Mobile<\/strong><\/div>\n"},{"correct":false,"tipsAndFeedback":{"tip":"","chosenFeedback":"","notChosenFeedback":""},"text":"<div><strong>Radio<\/strong><\/div>\n"},{"correct":false,"tipsAndFeedback":{"tip":"","chosenFeedback":"","notChosenFeedback":""},"text":"<div><strong>Blogs<\/strong><\/div>\n"}],"overallFeedback":[{"from":0,"to":50,"feedback":"Sorry, it is incorrect."},{"from":51,"to":100,"feedback":"Impressive ! You got it right."}],"behaviour":{"enableRetry":false,"enableSolutionsButton":true,"enableCheckButton":true,"type":"auto","singlePoint":false,"randomAnswers":true,"showSolutionsRequiresInput":true,"confirmCheckDialog":false,"confirmRetryDialog":false,"autoCheck":false,"passPercentage":100,"showScorePoints":true},"UI":{"checkAnswerButton":"Check","showSolutionButton":"Show solution","tryAgainButton":"Retry","tipsLabel":"Show tip","scoreBarLabel":"You got :num out of :total points","tipAvailable":"Tip available","feedbackAvailable":"Feedback available","readFeedback":"Read feedback","wrongAnswer":"Wrong answer","correctAnswer":"Correct answer","shouldCheck":"Should have been checked","shouldNotCheck":"Should not have been checked","noInput":"Please answer before viewing the solution","a11yCheck":"Check the answers. The responses will be marked as correct, incorrect, or unanswered.","a11yShowSolution":"Show the solution. The task will be marked with its correct solution.","a11yRetry":"Retry the task. Reset all responses and start the task over again.","submitAnswerButton":"Submit"},"confirmCheck":{"header":"Finish ?","body":"Are you sure you wish to finish ?","cancelLabel":"Cancel","confirmLabel":"Finish"},"confirmRetry":{"header":"Retry ?","body":"Are you sure you wish to retry ?","cancelLabel":"Cancel","confirmLabel":"Confirm"},"question":"<h3>7. Select the means of communication from the following options.<\/h3>\n"},"library":"H5P.MultiChoice 1.16","metadata":{"contentType":"Multiple Choice","license":"U","title":"Multiple Choice"},"subContentId":"f5c8fba9-e57c-45c4-b068-61d120f1cddf"},"useSeparator":"enabled"},{"content":{"params":{"media":{"disableImageZooming":true,"type":{"params":{"contentName":"Image","alt":"news","file":{"path":"images\/file-61020e3e7fa14.png","mime":"image\/png","copyright":{"license":"U"},"width":1300,"height":260},"decorative":false,"expandImage":"Expand Image","minimizeImage":"Minimize Image"},"library":"H5P.Image 1.1","metadata":{"contentType":"Image","license":"U","title":"Untitled Image"},"subContentId":"00d73b40-0ec8-47e2-8f58-bfbfa3a9b461"}},"correct":"true","behaviour":{"enableRetry":false,"enableSolutionsButton":true,"enableCheckButton":true,"confirmCheckDialog":false,"confirmRetryDialog":false,"autoCheck":false},"l10n":{"trueText":"True","falseText":"False","score":"You got @score of @total points","checkAnswer":"Check","showSolutionButton":"Show solution","tryAgain":"Retry","wrongAnswerMessage":"Wrong answer","correctAnswerMessage":"Correct answer","scoreBarLabel":"You got :num out of :total points","a11yCheck":"Check the answers. The responses will be marked as correct, incorrect, or unanswered.","a11yShowSolution":"Show the solution. The task will be marked with its correct solution.","a11yRetry":"Retry the task. Reset all responses and start the task over again.","submitAnswer":"Submit"},"confirmCheck":{"header":"Finish ?","body":"Are you sure you wish to finish ?","cancelLabel":"Cancel","confirmLabel":"Finish"},"confirmRetry":{"header":"Retry ?","body":"Are you sure you wish to retry ?","cancelLabel":"Cancel","confirmLabel":"Confirm"},"question":"<h3>8. Government generates awareness through the means of communication.<\/h3>\n"},"library":"H5P.TrueFalse 1.8","metadata":{"contentType":"True\/False Question","license":"U","title":"True\/False Question"},"subContentId":"36bf073f-b1cf-4c52-9b21-98d18716ecc3"},"useSeparator":"enabled"},{"content":{"params":{"media":{"disableImageZooming":true,"type":{"params":{"contentName":"Image","alt":"radio","file":{"path":"images\/file-61020e482ae06.png","mime":"image\/png","copyright":{"license":"U"},"width":1300,"height":270},"decorative":false,"expandImage":"Expand Image","minimizeImage":"Minimize Image"},"library":"H5P.Image 1.1","metadata":{"contentType":"Image","license":"U","title":"Untitled Image"},"subContentId":"5768bc5d-63ec-440a-a8d1-21185508f7d6"}},"text":"<h3>9. Fill in the correct answer.<\/h3>\n","overallFeedback":[{"from":0,"to":50,"feedback":"Sorry, it is incorrect."},{"from":51,"to":100,"feedback":"Brilliant ! It is the correct answer."}],"showSolutions":"Show solution","tryAgain":"Retry","checkAnswer":"Check","notFilledOut":"Please fill in all blanks to view solution","answerIsCorrect":"&#039;:ans&#039; is correct","answerIsWrong":"&#039;:ans&#039; is wrong","answeredCorrectly":"Answered correctly","answeredIncorrectly":"Answered incorrectly","solutionLabel":"Correct answer:","inputLabel":"Blank input @num of @total","inputHasTipLabel":"Tip available","tipLabel":"Tip","behaviour":{"enableRetry":false,"enableSolutionsButton":true,"enableCheckButton":true,"autoCheck":false,"caseSensitive":false,"showSolutionsRequiresInput":true,"separateLines":false,"confirmCheckDialog":false,"confirmRetryDialog":false,"acceptSpellingErrors":false},"scoreBarLabel":"You got :num out of :total points","a11yCheck":"Check the answers. The responses will be marked as correct, incorrect, or unanswered.","a11yShowSolution":"Show the solution. The task will be marked with its correct solution.","a11yRetry":"Retry the task. Reset all responses and start the task over again.","a11yCheckingModeHeader":"Checking mode","confirmCheck":{"header":"Finish ?","body":"Are you sure you wish to finish ?","cancelLabel":"Cancel","confirmLabel":"Finish"},"confirmRetry":{"header":"Retry ?","body":"Are you sure you wish to retry ?","cancelLabel":"Cancel","confirmLabel":"Confirm"},"questions":["<p><strong>*Radio* is used to broadcast information to large number of people at a time. [Radio\/Telephone]<\/strong><\/p>\n"]},"library":"H5P.Blanks 1.14","metadata":{"contentType":"Fill in the Blanks","license":"U","title":"Fill in the Blanks"},"subContentId":"318f0b42-2cbc-45a4-b0ec-3e732526c9ca"},"useSeparator":"enabled"},{"content":{"params":{"media":{"disableImageZooming":true,"type":{"params":{"contentName":"Image","alt":"technology","file":{"path":"images\/file-61020e5176309.png","mime":"image\/png","copyright":{"license":"U"},"width":1300,"height":270},"decorative":false,"expandImage":"Expand Image","minimizeImage":"Minimize Image"},"library":"H5P.Image 1.1","metadata":{"contentType":"Image","license":"U","title":"Untitled Image"},"subContentId":"978ab44f-9dea-4b17-8424-c6be6914519e"}},"text":"<h3>10. Yes or no?<\/h3>\n","overallFeedback":[{"from":0,"to":50,"feedback":"Sorry, it is incorrect."},{"from":51,"to":100,"feedback":"Excellent ! Keep up the good performance."}],"showSolutions":"Show solution","tryAgain":"Retry","checkAnswer":"Check","notFilledOut":"Please fill in all blanks to view solution","answerIsCorrect":"&#039;:ans&#039; is correct","answerIsWrong":"&#039;:ans&#039; is wrong","answeredCorrectly":"Answered correctly","answeredIncorrectly":"Answered incorrectly","solutionLabel":"Correct answer:","inputLabel":"Blank input @num of @total","inputHasTipLabel":"Tip available","tipLabel":"Tip","behaviour":{"enableRetry":false,"enableSolutionsButton":true,"enableCheckButton":true,"autoCheck":false,"caseSensitive":false,"showSolutionsRequiresInput":true,"separateLines":false,"confirmCheckDialog":false,"confirmRetryDialog":false,"acceptSpellingErrors":false},"scoreBarLabel":"You got :num out of :total points","a11yCheck":"Check the answers. The responses will be marked as correct, incorrect, or unanswered.","a11yShowSolution":"Show the solution. The task will be marked with its correct solution.","a11yRetry":"Retry the task. Reset all responses and start the task over again.","a11yCheckingModeHeader":"Checking mode","confirmCheck":{"header":"Finish ?","body":"Are you sure you wish to finish ?","cancelLabel":"Cancel","confirmLabel":"Finish"},"confirmRetry":{"header":"Retry ?","body":"Are you sure you wish to retry ?","cancelLabel":"Cancel","confirmLabel":"Confirm"},"questions":["<p><strong>Information and communication are very important in modern era of science and technology.&nbsp;<\/strong><\/p>\n\n<p><strong>*Yes*<\/strong><\/p>\n"]},"library":"H5P.Blanks 1.14","metadata":{"contentType":"Fill in the Blanks","license":"U","title":"Fill in the Blanks"},"subContentId":"ecd92f41-1943-4c85-bb0a-3cc564c4b6a6"},"useSeparator":"enabled"}]}