{"content":[{"content":{"params":{"contentName":"Image","file":{"path":"images\/file-610a42ab33901.jpg","mime":"image\/jpeg","copyright":{"license":"U"},"width":2500,"height":480},"decorative":false,"expandImage":"Expand Image","minimizeImage":"Minimize Image"},"library":"H5P.Image 1.1","metadata":{"contentType":"Image","license":"U","title":"Untitled Image"},"subContentId":"47c842d0-1120-4443-86fe-66ac8bc572a2"},"useSeparator":"auto"},{"content":{"params":{"media":{"disableImageZooming":false},"text":"<p><strong>1) Fill in the correct answer.<\/strong><\/p>\n","overallFeedback":[{"from":0,"to":50,"feedback":"Sorry, it is incorrect."},{"from":51,"to":100,"feedback":"Well done ! It is the correct answer."}],"showSolutions":"Show solution","tryAgain":"Retry","checkAnswer":"Check","notFilledOut":"Please fill in all blanks to view solution","answerIsCorrect":"&#039;:ans&#039; is correct","answerIsWrong":"&#039;:ans&#039; is wrong","answeredCorrectly":"Answered correctly","answeredIncorrectly":"Answered incorrectly","solutionLabel":"Correct answer:","inputLabel":"Blank input @num of @total","inputHasTipLabel":"Tip available","tipLabel":"Tip","behaviour":{"enableRetry":false,"enableSolutionsButton":true,"enableCheckButton":true,"autoCheck":false,"caseSensitive":false,"showSolutionsRequiresInput":true,"separateLines":false,"confirmCheckDialog":false,"confirmRetryDialog":false,"acceptSpellingErrors":false},"scoreBarLabel":"You got :num out of :total points","a11yCheck":"Check the answers. The responses will be marked as correct, incorrect, or unanswered.","a11yShowSolution":"Show the solution. The task will be marked with its correct solution.","a11yRetry":"Retry the task. Reset all responses and start the task over again.","a11yCheckingModeHeader":"Checking mode","confirmCheck":{"header":"Finish ?","body":"Are you sure you wish to finish ?","cancelLabel":"Cancel","confirmLabel":"Finish"},"confirmRetry":{"header":"Retry ?","body":"Are you sure you wish to retry ?","cancelLabel":"Cancel","confirmLabel":"Confirm"},"questions":["<p><strong>The above image labels are the layers of air around the earth called the *atmosphere*.<\/strong><\/p>\n"],"submitAnswer":"Submit"},"library":"H5P.Blanks 1.14","metadata":{"contentType":"Fill in the Blanks","license":"U","title":"Q1- Fill in the Blanks"},"subContentId":"2d664809-061e-4b7e-a4b1-a72a56a8a6fe"},"useSeparator":"auto"},{"content":{"params":{"contentName":"Image","file":{"path":"images\/file-6108b922ec94e.jpg","mime":"image\/jpeg","copyright":{"license":"U"},"width":2500,"height":480},"decorative":false,"expandImage":"Expand Image","minimizeImage":"Minimize Image"},"library":"H5P.Image 1.1","metadata":{"contentType":"Image","license":"U","title":"Untitled Image"},"subContentId":"30106f02-ee57-4b6c-b4bf-fd5e3a0e7ab2"},"useSeparator":"enabled"},{"content":{"params":{"media":{"disableImageZooming":false},"correct":"true","behaviour":{"enableRetry":false,"enableSolutionsButton":true,"enableCheckButton":true,"confirmCheckDialog":false,"confirmRetryDialog":false,"autoCheck":false},"l10n":{"trueText":"True","falseText":"False","score":"You got @score of @total points","checkAnswer":"Check","showSolutionButton":"Show solution","tryAgain":"Retry","wrongAnswerMessage":"Wrong answer","correctAnswerMessage":"Correct answer","scoreBarLabel":"You got :num out of :total points","a11yCheck":"Check the answers. The responses will be marked as correct, incorrect, or unanswered.","a11yShowSolution":"Show the solution. The task will be marked with its correct solution.","a11yRetry":"Retry the task. Reset all responses and start the task over again.","submitAnswer":"Submit"},"confirmCheck":{"header":"Finish ?","body":"Are you sure you wish to finish ?","cancelLabel":"Cancel","confirmLabel":"Finish"},"confirmRetry":{"header":"Retry ?","body":"Are you sure you wish to retry ?","cancelLabel":"Cancel","confirmLabel":"Confirm"},"question":"<p><strong>2) Air has weight and also occupies space.<\/strong><\/p>\n"},"library":"H5P.TrueFalse 1.8","metadata":{"contentType":"True\/False Question","license":"U","title":"Q2- True\/False Question"},"subContentId":"e4cf9e43-2e54-4611-ae69-20218adbebd2"},"useSeparator":"disabled"},{"content":{"params":{"contentName":"Image","file":{"path":"images\/file-610a463b7bf5d.jpg","mime":"image\/jpeg","copyright":{"license":"U"},"width":2500,"height":480},"decorative":false,"expandImage":"Expand Image","minimizeImage":"Minimize Image"},"library":"H5P.Image 1.1","metadata":{"contentType":"Image","license":"U","title":"Untitled Image"},"subContentId":"79b9cd3c-f19b-4904-8dfa-d672401f0455"},"useSeparator":"enabled"},{"content":{"params":{"media":{"disableImageZooming":false},"correct":"false","behaviour":{"enableRetry":false,"enableSolutionsButton":true,"enableCheckButton":true,"confirmCheckDialog":false,"confirmRetryDialog":false,"autoCheck":false,"feedbackOnWrong":"Sorry, it is a false statement."},"l10n":{"trueText":"True","falseText":"False","score":"You got @score of @total points","checkAnswer":"Check","showSolutionButton":"Show solution","tryAgain":"Retry","wrongAnswerMessage":"Wrong answer","correctAnswerMessage":"Correct answer","scoreBarLabel":"You got :num out of :total points","a11yCheck":"Check the answers. The responses will be marked as correct, incorrect, or unanswered.","a11yShowSolution":"Show the solution. The task will be marked with its correct solution.","a11yRetry":"Retry the task. Reset all responses and start the task over again.","submitAnswer":"Submit"},"confirmCheck":{"header":"Finish ?","body":"Are you sure you wish to finish ?","cancelLabel":"Cancel","confirmLabel":"Finish"},"confirmRetry":{"header":"Retry ?","body":"Are you sure you wish to retry ?","cancelLabel":"Cancel","confirmLabel":"Confirm"},"question":"<p><strong>3) We can see and touch air.<\/strong><\/p>\n"},"library":"H5P.TrueFalse 1.8","metadata":{"contentType":"True\/False Question","license":"U","title":"Q3- True\/False Question"},"subContentId":"e789963f-d38e-429a-8844-002403c4b055"},"useSeparator":"disabled"},{"content":{"params":{"contentName":"Image","file":{"path":"images\/file-610a462e5395a.jpg","mime":"image\/jpeg","copyright":{"license":"U"},"width":2500,"height":480},"decorative":false,"expandImage":"Expand Image","minimizeImage":"Minimize Image"},"library":"H5P.Image 1.1","metadata":{"contentType":"Image","license":"U","title":"Untitled Image"},"subContentId":"30ab5f85-68f6-4e8a-8f1c-845ebc413087"},"useSeparator":"enabled"},{"content":{"params":{"media":{"disableImageZooming":false},"answers":[{"correct":true,"tipsAndFeedback":{"tip":"","chosenFeedback":"","notChosenFeedback":""},"text":"<div><strong>Breeze<\/strong><\/div>\n"},{"correct":false,"tipsAndFeedback":{"tip":"","chosenFeedback":"","notChosenFeedback":""},"text":"<div><strong>Storm<\/strong><\/div>\n"},{"correct":false,"tipsAndFeedback":{"tip":"","chosenFeedback":"","notChosenFeedback":""},"text":"<div><strong>Wind<\/strong><\/div>\n"}],"overallFeedback":[{"from":0,"to":50,"feedback":"Sorry, it is incorrect."},{"from":51,"to":100,"feedback":"Fantastic ! It is the correct answer."}],"behaviour":{"enableRetry":false,"enableSolutionsButton":true,"enableCheckButton":true,"type":"auto","singlePoint":false,"randomAnswers":true,"showSolutionsRequiresInput":true,"confirmCheckDialog":false,"confirmRetryDialog":false,"autoCheck":false,"passPercentage":100,"showScorePoints":true},"UI":{"checkAnswerButton":"Check","showSolutionButton":"Show solution","tryAgainButton":"Retry","tipsLabel":"Show tip","scoreBarLabel":"You got :num out of :total points","tipAvailable":"Tip available","feedbackAvailable":"Feedback available","readFeedback":"Read feedback","wrongAnswer":"Wrong answer","correctAnswer":"Correct answer","shouldCheck":"Should have been checked","shouldNotCheck":"Should not have been checked","noInput":"Please answer before viewing the solution","a11yCheck":"Check the answers. The responses will be marked as correct, incorrect, or unanswered.","a11yShowSolution":"Show the solution. The task will be marked with its correct solution.","a11yRetry":"Retry the task. Reset all responses and start the task over again.","submitAnswerButton":"Submit"},"confirmCheck":{"header":"Finish ?","body":"Are you sure you wish to finish ?","cancelLabel":"Cancel","confirmLabel":"Finish"},"confirmRetry":{"header":"Retry ?","body":"Are you sure you wish to retry ?","cancelLabel":"Cancel","confirmLabel":"Confirm"},"question":"<p><strong>4) The slow-moving air is called?<\/strong><\/p>\n"},"library":"H5P.MultiChoice 1.16","metadata":{"contentType":"Multiple Choice","license":"U","title":"Q4- Multiple Choice"},"subContentId":"87e99d2c-6cb9-48bb-b0cf-993f80a3fa40"},"useSeparator":"disabled"},{"content":{"params":{"media":{"disableImageZooming":true,"type":{"params":{"contentName":"Image","file":{"path":"images\/file-61175b6920a92.png","mime":"image\/png","copyright":{"license":"U"},"width":1300,"height":260},"alt":"Wind","decorative":false,"expandImage":"Expand Image","minimizeImage":"Minimize Image"},"library":"H5P.Image 1.1","metadata":{"contentType":"Image","license":"U","title":"Untitled Image"},"subContentId":"0a5ebb55-9f03-4dc3-8bf2-ab07907c0576"}},"text":"<p><strong>5) Fill in the correct answer.<\/strong><\/p>\n","overallFeedback":[{"from":0,"to":50,"feedback":"Sorry, it is incorrect."},{"from":51,"to":100,"feedback":"Amazing ! You got it right."}],"showSolutions":"Show solution","tryAgain":"Retry","checkAnswer":"Check","notFilledOut":"Please fill in all blanks to view solution","answerIsCorrect":"&#039;:ans&#039; is correct","answerIsWrong":"&#039;:ans&#039; is wrong","answeredCorrectly":"Answered correctly","answeredIncorrectly":"Answered incorrectly","solutionLabel":"Correct answer:","inputLabel":"Blank input @num of @total","inputHasTipLabel":"Tip available","tipLabel":"Tip","behaviour":{"enableRetry":false,"enableSolutionsButton":true,"enableCheckButton":true,"autoCheck":false,"caseSensitive":false,"showSolutionsRequiresInput":true,"separateLines":false,"confirmCheckDialog":false,"confirmRetryDialog":false,"acceptSpellingErrors":false},"scoreBarLabel":"You got :num out of :total points","a11yCheck":"Check the answers. The responses will be marked as correct, incorrect, or unanswered.","a11yShowSolution":"Show the solution. The task will be marked with its correct solution.","a11yRetry":"Retry the task. Reset all responses and start the task over again.","a11yCheckingModeHeader":"Checking mode","confirmCheck":{"header":"Finish ?","body":"Are you sure you wish to finish ?","cancelLabel":"Cancel","confirmLabel":"Finish"},"confirmRetry":{"header":"Retry ?","body":"Are you sure you wish to retry ?","cancelLabel":"Cancel","confirmLabel":"Confirm"},"questions":["<p><strong>The air that moves at high speed is called *wind*. [breeze\/wind]<\/strong><\/p>\n"],"submitAnswer":"Submit"},"library":"H5P.Blanks 1.14","metadata":{"contentType":"Fill in the Blanks","license":"U","title":"Q5- Fill in the Blanks"},"subContentId":"6cca5abe-700a-40c7-b491-7727c2e06ee5"},"useSeparator":"auto"},{"content":{"params":{"contentName":"Image","file":{"path":"images\/file-6108b94d45653.jpg","mime":"image\/jpeg","copyright":{"license":"U"},"width":2500,"height":480},"decorative":false,"expandImage":"Expand Image","minimizeImage":"Minimize Image"},"library":"H5P.Image 1.1","metadata":{"contentType":"Image","license":"U","title":"Untitled Image"},"subContentId":"91e47f08-9040-4c75-8ed3-366e54346fba"},"useSeparator":"enabled"},{"content":{"params":{"media":{"disableImageZooming":false},"correct":"true","behaviour":{"enableRetry":false,"enableSolutionsButton":true,"enableCheckButton":true,"confirmCheckDialog":false,"confirmRetryDialog":false,"autoCheck":false,"feedbackOnWrong":"Sorry, it is a true statement."},"l10n":{"trueText":"True","falseText":"False","score":"You got @score of @total points","checkAnswer":"Check","showSolutionButton":"Show solution","tryAgain":"Retry","wrongAnswerMessage":"Wrong answer","correctAnswerMessage":"Correct answer","scoreBarLabel":"You got :num out of :total points","a11yCheck":"Check the answers. The responses will be marked as correct, incorrect, or unanswered.","a11yShowSolution":"Show the solution. The task will be marked with its correct solution.","a11yRetry":"Retry the task. Reset all responses and start the task over again.","submitAnswer":"Submit"},"confirmCheck":{"header":"Finish ?","body":"Are you sure you wish to finish ?","cancelLabel":"Cancel","confirmLabel":"Finish"},"confirmRetry":{"header":"Retry ?","body":"Are you sure you wish to retry ?","cancelLabel":"Cancel","confirmLabel":"Confirm"},"question":"<p><strong>6) Plants prepare their food by themselves.<\/strong><\/p>\n"},"library":"H5P.TrueFalse 1.8","metadata":{"contentType":"True\/False Question","license":"U","title":"Q6- True\/False Question"},"subContentId":"d2242273-9800-4b16-9026-63bf6a715150"},"useSeparator":"disabled"},{"content":{"params":{"contentName":"Image","file":{"path":"images\/file-6108b9642d407.jpg","mime":"image\/jpeg","copyright":{"license":"U"},"width":2500,"height":480},"decorative":false,"expandImage":"Expand Image","minimizeImage":"Minimize Image"},"library":"H5P.Image 1.1","metadata":{"contentType":"Image","license":"U","title":"Untitled Image"},"subContentId":"3b7aac99-8a15-47b1-b2c6-21a15eb48871"},"useSeparator":"enabled"},{"content":{"params":{"media":{"disableImageZooming":false},"answers":[{"correct":true,"tipsAndFeedback":{"tip":"","chosenFeedback":"","notChosenFeedback":""},"text":"<div><strong>Photosynthesis<\/strong><\/div>\n"},{"correct":false,"tipsAndFeedback":{"tip":"","chosenFeedback":"","notChosenFeedback":""},"text":"<div><strong>Carbon dioxide<\/strong><\/div>\n"},{"correct":false,"tipsAndFeedback":{"tip":"","chosenFeedback":"","notChosenFeedback":""},"text":"<div><strong>Atmosphere<\/strong><\/div>\n"}],"overallFeedback":[{"from":0,"to":50,"feedback":"Sorry, it is incorrect."},{"from":51,"to":100,"feedback":"Incredible ! Keep up the good performance."}],"behaviour":{"enableRetry":false,"enableSolutionsButton":true,"enableCheckButton":true,"type":"auto","singlePoint":false,"randomAnswers":true,"showSolutionsRequiresInput":true,"confirmCheckDialog":false,"confirmRetryDialog":false,"autoCheck":false,"passPercentage":100,"showScorePoints":true},"UI":{"checkAnswerButton":"Check","showSolutionButton":"Show solution","tryAgainButton":"Retry","tipsLabel":"Show tip","scoreBarLabel":"You got :num out of :total points","tipAvailable":"Tip available","feedbackAvailable":"Feedback available","readFeedback":"Read feedback","wrongAnswer":"Wrong answer","correctAnswer":"Correct answer","shouldCheck":"Should have been checked","shouldNotCheck":"Should not have been checked","noInput":"Please answer before viewing the solution","a11yCheck":"Check the answers. The responses will be marked as correct, incorrect, or unanswered.","a11yShowSolution":"Show the solution. The task will be marked with its correct solution.","a11yRetry":"Retry the task. Reset all responses and start the task over again.","submitAnswerButton":"Submit"},"confirmCheck":{"header":"Finish ?","body":"Are you sure you wish to finish ?","cancelLabel":"Cancel","confirmLabel":"Finish"},"confirmRetry":{"header":"Retry ?","body":"Are you sure you wish to retry ?","cancelLabel":"Cancel","confirmLabel":"Confirm"},"question":"<p><strong>7) The process of plants making their food is called?<\/strong><\/p>\n"},"library":"H5P.MultiChoice 1.16","metadata":{"contentType":"Multiple Choice","license":"U","title":"Q7- Multiple Choice"},"subContentId":"ddc59776-5165-4ffb-a799-1538b9eba759"},"useSeparator":"disabled"},{"content":{"params":{"contentName":"Image","decorative":false,"file":{"path":"images\/file-647c3898ed530.jpg","mime":"image\/jpeg","copyright":{"license":"U"},"width":1300,"height":250},"expandImage":"Expand Image","minimizeImage":"Minimize Image"},"library":"H5P.Image 1.1","metadata":{"contentType":"Image","license":"U","title":"Untitled Image"},"subContentId":"2e67148d-6822-4f2b-9388-c789649d8f90"},"useSeparator":"enabled"},{"content":{"params":{"media":{"disableImageZooming":false},"text":"<p><strong>8) Fill in the correct answers.<\/strong><\/p>\n","overallFeedback":[{"from":0,"to":33,"feedback":"Sorry, it is incorrect."},{"from":34,"to":66,"feedback":"Good but can do better."},{"from":67,"to":100,"feedback":"Very impressive ! You got it right."}],"showSolutions":"Show solution","tryAgain":"Retry","checkAnswer":"Check","notFilledOut":"Please fill in all blanks to view solution","answerIsCorrect":"&#039;:ans&#039; is correct","answerIsWrong":"&#039;:ans&#039; is wrong","answeredCorrectly":"Answered correctly","answeredIncorrectly":"Answered incorrectly","solutionLabel":"Correct answer:","inputLabel":"Blank input @num of @total","inputHasTipLabel":"Tip available","tipLabel":"Tip","behaviour":{"enableRetry":false,"enableSolutionsButton":true,"enableCheckButton":true,"autoCheck":false,"caseSensitive":false,"showSolutionsRequiresInput":true,"separateLines":false,"confirmCheckDialog":false,"confirmRetryDialog":false,"acceptSpellingErrors":false},"scoreBarLabel":"You got :num out of :total points","a11yCheck":"Check the answers. The responses will be marked as correct, incorrect, or unanswered.","a11yShowSolution":"Show the solution. The task will be marked with its correct solution.","a11yRetry":"Retry the task. Reset all responses and start the task over again.","a11yCheckingModeHeader":"Checking mode","confirmCheck":{"header":"Finish ?","body":"Are you sure you wish to finish ?","cancelLabel":"Cancel","confirmLabel":"Finish"},"confirmRetry":{"header":"Retry ?","body":"Are you sure you wish to retry ?","cancelLabel":"Cancel","confirmLabel":"Confirm"},"questions":["<p><strong>We breathe in *oxygen* and breathe out *carbon* dioxide gas.<\/strong><\/p>\n"],"submitAnswer":"Submit"},"library":"H5P.Blanks 1.14","metadata":{"contentType":"Fill in the Blanks","license":"U","title":"Q8- Fill in the Blanks"},"subContentId":"50a6efdc-3f25-4581-aa2b-bce526cf2a45"},"useSeparator":"disabled"},{"content":{"params":{"media":{"disableImageZooming":true,"type":{"params":{"decorative":false,"contentName":"Image","file":{"path":"images\/file-647c38a98312d.jpg","mime":"image\/jpeg","copyright":{"license":"U"},"width":1300,"height":250},"expandImage":"Expand Image","minimizeImage":"Minimize Image"},"library":"H5P.Image 1.1","metadata":{"contentType":"Image","license":"U","title":"Untitled Image"},"subContentId":"a0bac1cf-e82a-430b-96d7-7d7d9c7f7f46"}},"correct":"true","behaviour":{"enableRetry":false,"enableSolutionsButton":true,"enableCheckButton":true,"confirmCheckDialog":false,"confirmRetryDialog":false,"autoCheck":false,"feedbackOnWrong":"Sorry, it is a true statement."},"l10n":{"trueText":"True","falseText":"False","score":"You got @score of @total points","checkAnswer":"Check","showSolutionButton":"Show solution","tryAgain":"Retry","wrongAnswerMessage":"Wrong answer","correctAnswerMessage":"Correct answer","scoreBarLabel":"You got :num out of :total points","a11yCheck":"Check the answers. The responses will be marked as correct, incorrect, or unanswered.","a11yShowSolution":"Show the solution. The task will be marked with its correct solution.","a11yRetry":"Retry the task. Reset all responses and start the task over again.","submitAnswer":"Submit"},"confirmCheck":{"header":"Finish ?","body":"Are you sure you wish to finish ?","cancelLabel":"Cancel","confirmLabel":"Finish"},"confirmRetry":{"header":"Retry ?","body":"Are you sure you wish to retry ?","cancelLabel":"Cancel","confirmLabel":"Confirm"},"question":"<p><strong>9) Air is a mixture of different gases.<\/strong><\/p>\n"},"library":"H5P.TrueFalse 1.8","metadata":{"contentType":"True\/False Question","license":"U","title":"Q9- True\/False Question"},"subContentId":"5cc88647-7f4e-486a-9c4e-4014438a9934"},"useSeparator":"enabled"},{"content":{"params":{"media":{"disableImageZooming":true,"type":{"params":{"decorative":false,"contentName":"Image","file":{"path":"images\/file-647c38bba275d.jpg","mime":"image\/jpeg","copyright":{"license":"U"},"width":1300,"height":250},"expandImage":"Expand Image","minimizeImage":"Minimize Image"},"library":"H5P.Image 1.1","metadata":{"contentType":"Image","license":"U","title":"Untitled Image"},"subContentId":"e1782d69-b7e7-40e9-b650-4d4d7d9ee397"}},"correct":"false","behaviour":{"enableRetry":false,"enableSolutionsButton":true,"enableCheckButton":true,"confirmCheckDialog":false,"confirmRetryDialog":false,"autoCheck":false,"feedbackOnWrong":"Sorry, it is a false statement."},"l10n":{"trueText":"True","falseText":"False","score":"You got @score of @total points","checkAnswer":"Check","showSolutionButton":"Show solution","tryAgain":"Retry","wrongAnswerMessage":"Wrong answer","correctAnswerMessage":"Correct answer","scoreBarLabel":"You got :num out of :total points","a11yCheck":"Check the answers. The responses will be marked as correct, incorrect, or unanswered.","a11yShowSolution":"Show the solution. The task will be marked with its correct solution.","a11yRetry":"Retry the task. Reset all responses and start the task over again.","submitAnswer":"Submit"},"confirmCheck":{"header":"Finish ?","body":"Are you sure you wish to finish ?","cancelLabel":"Cancel","confirmLabel":"Finish"},"confirmRetry":{"header":"Retry ?","body":"Are you sure you wish to retry ?","cancelLabel":"Cancel","confirmLabel":"Confirm"},"question":"<p><strong>10) There are only two gases oxygen and carbon dioxide.<\/strong><\/p>\n"},"library":"H5P.TrueFalse 1.8","metadata":{"contentType":"True\/False Question","license":"U","title":"Q10- True\/False Question"},"subContentId":"81555f7d-ed8f-4121-8be0-245aae7a159b"},"useSeparator":"enabled"}]}