{"content":[{"content":{"params":{"media":{"disableImageZooming":true,"type":{"params":{"contentName":"Image","file":{"path":"images\/file-60ee9d4e23112.png","mime":"image\/png","copyright":{"license":"U"},"width":1300,"height":250},"decorative":false,"expandImage":"Expand Image","minimizeImage":"Minimize Image"},"library":"H5P.Image 1.1","metadata":{"contentType":"Image","license":"U","title":"Untitled Image"},"subContentId":"eccf9a3d-8c57-43a2-a7ac-b6541822829b"}},"text":"<p>&nbsp;&nbsp;<\/p>\n","overallFeedback":[{"from":0,"to":100}],"showSolutions":"Show solution","tryAgain":"Retry","checkAnswer":"Check","notFilledOut":"Please fill in all blanks to view solution","answerIsCorrect":"&#039;:ans&#039; is correct","answerIsWrong":"&#039;:ans&#039; is wrong","answeredCorrectly":"Answered correctly","answeredIncorrectly":"Answered incorrectly","solutionLabel":"Correct answer:","inputLabel":"Blank input @num of @total","inputHasTipLabel":"Tip available","tipLabel":"Tip","behaviour":{"enableRetry":true,"enableSolutionsButton":true,"enableCheckButton":true,"autoCheck":false,"caseSensitive":false,"showSolutionsRequiresInput":true,"separateLines":false,"confirmCheckDialog":false,"confirmRetryDialog":false,"acceptSpellingErrors":false},"scoreBarLabel":"You got :num out of :total points","a11yCheck":"Check the answers. The responses will be marked as correct, incorrect, or unanswered.","a11yShowSolution":"Show the solution. The task will be marked with its correct solution.","a11yRetry":"Retry the task. Reset all responses and start the task over again.","a11yCheckingModeHeader":"Checking mode","confirmCheck":{"header":"Finish ?","body":"Are you sure you wish to finish ?","cancelLabel":"Cancel","confirmLabel":"Finish"},"confirmRetry":{"header":"Retry ?","body":"Are you sure you wish to retry ?","cancelLabel":"Cancel","confirmLabel":"Confirm"},"questions":["<p style=\"text-align: center;\"><strong>There are *3\/three* types of computer on the basis of work.<\/strong><\/p>\n"],"submitAnswer":"Submit"},"library":"H5P.Blanks 1.14","metadata":{"contentType":"Fill in the Blanks","license":"U","title":"Untitled Fill in the Blanks"},"subContentId":"7ab8a624-8311-44f3-a014-eb0c30554091"},"useSeparator":"auto"},{"content":{"params":{"media":{"disableImageZooming":true,"type":{"params":{"contentName":"Image","file":{"path":"images\/file-60ee9dc947e90.png","mime":"image\/png","copyright":{"license":"U"},"width":1300,"height":250},"decorative":false,"expandImage":"Expand Image","minimizeImage":"Minimize Image"},"library":"H5P.Image 1.1","metadata":{"contentType":"Image","license":"U","title":"Untitled Image"},"subContentId":"da650fed-d9bf-4909-967c-0d42087fe357"}},"correct":"true","behaviour":{"enableRetry":true,"enableSolutionsButton":true,"enableCheckButton":true,"confirmCheckDialog":false,"confirmRetryDialog":false,"autoCheck":false},"l10n":{"trueText":"True","falseText":"False","score":"You got @score of @total points","checkAnswer":"Check","showSolutionButton":"Show solution","tryAgain":"Retry","wrongAnswerMessage":"Wrong answer","correctAnswerMessage":"Correct answer","scoreBarLabel":"You got :num out of :total points","a11yCheck":"Check the answers. The responses will be marked as correct, incorrect, or unanswered.","a11yShowSolution":"Show the solution. The task will be marked with its correct solution.","a11yRetry":"Retry the task. Reset all responses and start the task over again.","submitAnswer":"Submit"},"confirmCheck":{"header":"Finish ?","body":"Are you sure you wish to finish ?","cancelLabel":"Cancel","confirmLabel":"Finish"},"confirmRetry":{"header":"Retry ?","body":"Are you sure you wish to retry ?","cancelLabel":"Cancel","confirmLabel":"Confirm"},"question":"<p style=\"text-align: center;\"><strong>An analog computer is a computing<br>\ndevice that works on continuous range<br>\nof values.<\/strong><\/p>\n"},"library":"H5P.TrueFalse 1.8","metadata":{"contentType":"True\/False Question","license":"U","title":"Untitled True\/False Question"},"subContentId":"fa9e333a-a82b-4ef5-b82f-9286b0a0f2f9"},"useSeparator":"auto"},{"content":{"params":{"media":{"disableImageZooming":true,"type":{"params":{"contentName":"Image","file":{"path":"images\/file-60ee9e2ae4fcb.png","mime":"image\/png","copyright":{"license":"U"},"width":1300,"height":250},"decorative":false,"expandImage":"Expand Image","minimizeImage":"Minimize Image"},"library":"H5P.Image 1.1","metadata":{"contentType":"Image","license":"U","title":"Untitled Image"},"subContentId":"a2b88c39-4485-4f39-91d4-c19001b2bd78"}},"text":"<p>&nbsp;&nbsp;<\/p>\n","overallFeedback":[{"from":0,"to":100}],"showSolutions":"Show solution","tryAgain":"Retry","checkAnswer":"Check","notFilledOut":"Please fill in all blanks to view solution","answerIsCorrect":"&#039;:ans&#039; is correct","answerIsWrong":"&#039;:ans&#039; is wrong","answeredCorrectly":"Answered correctly","answeredIncorrectly":"Answered incorrectly","solutionLabel":"Correct answer:","inputLabel":"Blank input @num of @total","inputHasTipLabel":"Tip available","tipLabel":"Tip","behaviour":{"enableRetry":true,"enableSolutionsButton":true,"enableCheckButton":true,"autoCheck":false,"caseSensitive":false,"showSolutionsRequiresInput":true,"separateLines":false,"confirmCheckDialog":false,"confirmRetryDialog":false,"acceptSpellingErrors":false},"scoreBarLabel":"You got :num out of :total points","a11yCheck":"Check the answers. The responses will be marked as correct, incorrect, or unanswered.","a11yShowSolution":"Show the solution. The task will be marked with its correct solution.","a11yRetry":"Retry the task. Reset all responses and start the task over again.","a11yCheckingModeHeader":"Checking mode","confirmCheck":{"header":"Finish ?","body":"Are you sure you wish to finish ?","cancelLabel":"Cancel","confirmLabel":"Finish"},"confirmRetry":{"header":"Retry ?","body":"Are you sure you wish to retry ?","cancelLabel":"Cancel","confirmLabel":"Confirm"},"questions":["<p style=\"text-align: center;\"><strong>*Digital* computer operates on discrete data.<\/strong><\/p>\n"],"submitAnswer":"Submit"},"library":"H5P.Blanks 1.14","metadata":{"contentType":"Fill in the Blanks","license":"U","title":"Untitled Fill in the Blanks"},"subContentId":"fa27a633-9941-4303-a869-a37580d869d9"},"useSeparator":"auto"},{"content":{"params":{"media":{"disableImageZooming":true,"type":{"params":{"contentName":"Image","file":{"path":"images\/file-60ee9ea1e4d7d.png","mime":"image\/png","copyright":{"license":"U"},"width":1300,"height":250},"decorative":false,"expandImage":"Expand Image","minimizeImage":"Minimize Image"},"library":"H5P.Image 1.1","metadata":{"contentType":"Image","license":"U","title":"Untitled Image"},"subContentId":"7b0a14a5-ee66-4bbe-93cd-22b84c350d4c"}},"answers":[{"correct":true,"tipsAndFeedback":{"tip":"","chosenFeedback":"","notChosenFeedback":""},"text":"<div style=\"text-align: center;\"><strong>Analog Computer<\/strong><\/div>\n"},{"correct":true,"tipsAndFeedback":{"tip":"","chosenFeedback":"","notChosenFeedback":""},"text":"<div style=\"text-align: center;\"><strong>Digital Computer<\/strong><\/div>\n"},{"correct":false,"tipsAndFeedback":{"tip":"","chosenFeedback":"","notChosenFeedback":""},"text":"<div style=\"text-align: center;\"><strong>Palmtop computer<\/strong><\/div>\n"}],"overallFeedback":[{"from":0,"to":100}],"behaviour":{"enableRetry":true,"enableSolutionsButton":true,"enableCheckButton":true,"type":"auto","singlePoint":false,"randomAnswers":true,"showSolutionsRequiresInput":true,"confirmCheckDialog":false,"confirmRetryDialog":false,"autoCheck":false,"passPercentage":100,"showScorePoints":true},"UI":{"checkAnswerButton":"Check","showSolutionButton":"Show solution","tryAgainButton":"Retry","tipsLabel":"Show tip","scoreBarLabel":"You got :num out of :total points","tipAvailable":"Tip available","feedbackAvailable":"Feedback available","readFeedback":"Read feedback","wrongAnswer":"Wrong answer","correctAnswer":"Correct answer","shouldCheck":"Should have been checked","shouldNotCheck":"Should not have been checked","noInput":"Please answer before viewing the solution","a11yCheck":"Check the answers. The responses will be marked as correct, incorrect, or unanswered.","a11yShowSolution":"Show the solution. The task will be marked with its correct solution.","a11yRetry":"Retry the task. Reset all responses and start the task over again.","submitAnswerButton":"Submit"},"confirmCheck":{"header":"Finish ?","body":"Are you sure you wish to finish ?","cancelLabel":"Cancel","confirmLabel":"Finish"},"confirmRetry":{"header":"Retry ?","body":"Are you sure you wish to retry ?","cancelLabel":"Cancel","confirmLabel":"Confirm"},"question":"<p style=\"text-align: center;\"><strong>Choose multiple if any: Hybrid computer is a combination of..<\/strong><\/p>\n"},"library":"H5P.MultiChoice 1.16","metadata":{"contentType":"Multiple Choice","license":"U","title":"Untitled Multiple Choice"},"subContentId":"549df072-485e-4b87-a8b3-fb972fc31396"},"useSeparator":"auto"},{"content":{"params":{"media":{"disableImageZooming":true,"type":{"params":{"contentName":"Image","file":{"path":"images\/file-60ee9f0a8c0df.png","mime":"image\/png","copyright":{"license":"U"},"width":1300,"height":250},"decorative":false,"expandImage":"Expand Image","minimizeImage":"Minimize Image"},"library":"H5P.Image 1.1","metadata":{"contentType":"Image","license":"U","title":"Untitled Image"},"subContentId":"d9938494-286d-4246-818d-a8da73341fdc"}},"text":"<p>&nbsp;&nbsp;<\/p>\n","overallFeedback":[{"from":0,"to":100}],"showSolutions":"Show solution","tryAgain":"Retry","checkAnswer":"Check","notFilledOut":"Please fill in all blanks to view solution","answerIsCorrect":"&#039;:ans&#039; is correct","answerIsWrong":"&#039;:ans&#039; is wrong","answeredCorrectly":"Answered correctly","answeredIncorrectly":"Answered incorrectly","solutionLabel":"Correct answer:","inputLabel":"Blank input @num of @total","inputHasTipLabel":"Tip available","tipLabel":"Tip","behaviour":{"enableRetry":true,"enableSolutionsButton":true,"enableCheckButton":true,"autoCheck":false,"caseSensitive":false,"showSolutionsRequiresInput":true,"separateLines":false,"confirmCheckDialog":false,"confirmRetryDialog":false,"acceptSpellingErrors":false},"scoreBarLabel":"You got :num out of :total points","a11yCheck":"Check the answers. The responses will be marked as correct, incorrect, or unanswered.","a11yShowSolution":"Show the solution. The task will be marked with its correct solution.","a11yRetry":"Retry the task. Reset all responses and start the task over again.","a11yCheckingModeHeader":"Checking mode","confirmCheck":{"header":"Finish ?","body":"Are you sure you wish to finish ?","cancelLabel":"Cancel","confirmLabel":"Finish"},"confirmRetry":{"header":"Retry ?","body":"Are you sure you wish to retry ?","cancelLabel":"Cancel","confirmLabel":"Confirm"},"questions":["<p style=\"text-align: center;\"><strong>Analog computer deals with quantities that change *continuously\/periodically* over time.<\/strong><\/p>\n"],"submitAnswer":"Submit"},"library":"H5P.Blanks 1.14","metadata":{"contentType":"Fill in the Blanks","license":"U","title":"Untitled Fill in the Blanks"},"subContentId":"0bce2e6b-2237-4088-abee-6ba2f1fb91d4"},"useSeparator":"auto"},{"content":{"params":{"media":{"disableImageZooming":true,"type":{"params":{"contentName":"Image","file":{"path":"images\/file-60ee9f9b7a367.png","mime":"image\/png","copyright":{"license":"U"},"width":1300,"height":250},"decorative":false,"expandImage":"Expand Image","minimizeImage":"Minimize Image"},"library":"H5P.Image 1.1","metadata":{"contentType":"Image","license":"U","title":"Untitled Image"},"subContentId":"c50bec0d-c1bd-45ae-b5c2-935faa277116"}},"text":"<p>&nbsp;&nbsp;<\/p>\n","overallFeedback":[{"from":0,"to":100}],"showSolutions":"Show solution","tryAgain":"Retry","checkAnswer":"Check","notFilledOut":"Please fill in all blanks to view solution","answerIsCorrect":"&#039;:ans&#039; is correct","answerIsWrong":"&#039;:ans&#039; is wrong","answeredCorrectly":"Answered correctly","answeredIncorrectly":"Answered incorrectly","solutionLabel":"Correct answer:","inputLabel":"Blank input @num of @total","inputHasTipLabel":"Tip available","tipLabel":"Tip","behaviour":{"enableRetry":true,"enableSolutionsButton":true,"enableCheckButton":true,"autoCheck":false,"caseSensitive":false,"showSolutionsRequiresInput":true,"separateLines":false,"confirmCheckDialog":false,"confirmRetryDialog":false,"acceptSpellingErrors":false},"scoreBarLabel":"You got :num out of :total points","a11yCheck":"Check the answers. The responses will be marked as correct, incorrect, or unanswered.","a11yShowSolution":"Show the solution. The task will be marked with its correct solution.","a11yRetry":"Retry the task. Reset all responses and start the task over again.","a11yCheckingModeHeader":"Checking mode","confirmCheck":{"header":"Finish ?","body":"Are you sure you wish to finish ?","cancelLabel":"Cancel","confirmLabel":"Finish"},"confirmRetry":{"header":"Retry ?","body":"Are you sure you wish to retry ?","cancelLabel":"Cancel","confirmLabel":"Confirm"},"questions":["<p style=\"text-align: center;\"><strong>Digital computer operation is based on *binary* system.<\/strong><\/p>\n"],"submitAnswer":"Submit"},"library":"H5P.Blanks 1.14","metadata":{"contentType":"Fill in the Blanks","license":"U","title":"Untitled Fill in the Blanks"},"subContentId":"96bdcda4-b7b4-4c59-9bdd-ff3d68bd048d"},"useSeparator":"auto"},{"content":{"params":{"media":{"disableImageZooming":true,"type":{"params":{"contentName":"Image","file":{"path":"images\/file-60eea0681a494.png","mime":"image\/png","copyright":{"license":"U"},"width":1300,"height":250},"decorative":false,"expandImage":"Expand Image","minimizeImage":"Minimize Image"},"library":"H5P.Image 1.1","metadata":{"contentType":"Image","license":"U","title":"Untitled Image"},"subContentId":"91d3ddaa-d328-4f71-8f92-41feaae003cd"}},"correct":"true","behaviour":{"enableRetry":true,"enableSolutionsButton":true,"enableCheckButton":true,"confirmCheckDialog":false,"confirmRetryDialog":false,"autoCheck":false},"l10n":{"trueText":"True","falseText":"False","score":"You got @score of @total points","checkAnswer":"Check","showSolutionButton":"Show solution","tryAgain":"Retry","wrongAnswerMessage":"Wrong answer","correctAnswerMessage":"Correct answer","scoreBarLabel":"You got :num out of :total points","a11yCheck":"Check the answers. The responses will be marked as correct, incorrect, or unanswered.","a11yShowSolution":"Show the solution. The task will be marked with its correct solution.","a11yRetry":"Retry the task. Reset all responses and start the task over again.","submitAnswer":"Submit"},"confirmCheck":{"header":"Finish ?","body":"Are you sure you wish to finish ?","cancelLabel":"Cancel","confirmLabel":"Finish"},"confirmRetry":{"header":"Retry ?","body":"Are you sure you wish to retry ?","cancelLabel":"Cancel","confirmLabel":"Confirm"},"question":"<p style=\"text-align: center;\"><strong>Hybrid is mostly used for automated and complex operations.<\/strong><br>\n&nbsp;<\/p>\n"},"library":"H5P.TrueFalse 1.8","metadata":{"contentType":"True\/False Question","license":"U","title":"Untitled True\/False Question"},"subContentId":"4f0716bd-b4cd-4d1b-98b1-d92098f56609"},"useSeparator":"auto"},{"content":{"params":{"media":{"disableImageZooming":true,"type":{"params":{"contentName":"Image","file":{"path":"images\/file-60eea0df4536d.png","mime":"image\/png","copyright":{"license":"U"},"width":1300,"height":250},"decorative":false,"expandImage":"Expand Image","minimizeImage":"Minimize Image"},"library":"H5P.Image 1.1","metadata":{"contentType":"Image","license":"U","title":"Untitled Image"},"subContentId":"8d72c8d9-102b-43d0-a8ef-607ad254a36e"}},"answers":[{"correct":true,"tipsAndFeedback":{"tip":"","chosenFeedback":"","notChosenFeedback":""},"text":"<div style=\"text-align: center;\"><strong>(ECG) Electrocardiogram.<\/strong><\/div>\n"},{"correct":true,"tipsAndFeedback":{"tip":"","chosenFeedback":"","notChosenFeedback":""},"text":"<div style=\"text-align: center;\"><strong>Monitoring machine<\/strong><\/div>\n"},{"correct":false,"tipsAndFeedback":{"tip":"","chosenFeedback":"","notChosenFeedback":""},"text":"<div style=\"text-align: center;\"><strong>Home<\/strong><\/div>\n"}],"overallFeedback":[{"from":0,"to":100}],"behaviour":{"enableRetry":true,"enableSolutionsButton":true,"enableCheckButton":true,"type":"auto","singlePoint":false,"randomAnswers":true,"showSolutionsRequiresInput":true,"confirmCheckDialog":false,"confirmRetryDialog":false,"autoCheck":false,"passPercentage":100,"showScorePoints":true},"UI":{"checkAnswerButton":"Check","showSolutionButton":"Show solution","tryAgainButton":"Retry","tipsLabel":"Show tip","scoreBarLabel":"You got :num out of :total points","tipAvailable":"Tip available","feedbackAvailable":"Feedback available","readFeedback":"Read feedback","wrongAnswer":"Wrong answer","correctAnswer":"Correct answer","shouldCheck":"Should have been checked","shouldNotCheck":"Should not have been checked","noInput":"Please answer before viewing the solution","a11yCheck":"Check the answers. The responses will be marked as correct, incorrect, or unanswered.","a11yShowSolution":"Show the solution. The task will be marked with its correct solution.","a11yRetry":"Retry the task. Reset all responses and start the task over again.","submitAnswerButton":"Submit"},"confirmCheck":{"header":"Finish ?","body":"Are you sure you wish to finish ?","cancelLabel":"Cancel","confirmLabel":"Finish"},"confirmRetry":{"header":"Retry ?","body":"Are you sure you wish to retry ?","cancelLabel":"Cancel","confirmLabel":"Confirm"},"question":"<p style=\"text-align: center;\"><strong>Choose multiple if any: Select where hybrid computers are used?<\/strong><\/p>\n"},"library":"H5P.MultiChoice 1.16","metadata":{"contentType":"Multiple Choice","license":"U","title":"Untitled Multiple Choice"},"subContentId":"36f51b4a-f4e1-4a40-829c-45598131c435"},"useSeparator":"auto"},{"content":{"params":{"media":{"disableImageZooming":true,"type":{"params":{"contentName":"Image","file":{"path":"images\/file-60eea13da277d.png","mime":"image\/png","copyright":{"license":"U"},"width":1300,"height":250},"decorative":false,"expandImage":"Expand Image","minimizeImage":"Minimize Image"},"library":"H5P.Image 1.1","metadata":{"contentType":"Image","license":"U","title":"Untitled Image"},"subContentId":"7821d8fe-39b7-4c77-8b22-89bd5c8f8abf"}},"correct":"true","behaviour":{"enableRetry":true,"enableSolutionsButton":true,"enableCheckButton":true,"confirmCheckDialog":false,"confirmRetryDialog":false,"autoCheck":false},"l10n":{"trueText":"True","falseText":"False","score":"You got @score of @total points","checkAnswer":"Check","showSolutionButton":"Show solution","tryAgain":"Retry","wrongAnswerMessage":"Wrong answer","correctAnswerMessage":"Correct answer","scoreBarLabel":"You got :num out of :total points","a11yCheck":"Check the answers. The responses will be marked as correct, incorrect, or unanswered.","a11yShowSolution":"Show the solution. The task will be marked with its correct solution.","a11yRetry":"Retry the task. Reset all responses and start the task over again.","submitAnswer":"Submit"},"confirmCheck":{"header":"Finish ?","body":"Are you sure you wish to finish ?","cancelLabel":"Cancel","confirmLabel":"Finish"},"confirmRetry":{"header":"Retry ?","body":"Are you sure you wish to retry ?","cancelLabel":"Cancel","confirmLabel":"Confirm"},"question":"<p style=\"text-align: center;\"><strong>Digital or personal computers are used in home and offices.<\/strong><\/p>\n"},"library":"H5P.TrueFalse 1.8","metadata":{"contentType":"True\/False Question","license":"U","title":"Untitled True\/False Question"},"subContentId":"93a7849a-0b70-41aa-9b76-1bee658cbdbd"},"useSeparator":"auto"},{"content":{"params":{"media":{"disableImageZooming":true,"type":{"params":{"contentName":"Image","file":{"path":"images\/file-60eea26c71b5e.png","mime":"image\/png","copyright":{"license":"U"},"width":1300,"height":250},"decorative":false,"expandImage":"Expand Image","minimizeImage":"Minimize Image"},"library":"H5P.Image 1.1","metadata":{"contentType":"Image","license":"U","title":"Untitled Image"},"subContentId":"1f5115a9-bf3c-4b82-bcf7-85c5f027a4eb"}},"text":"<p>&nbsp;&nbsp;<\/p>\n","overallFeedback":[{"from":0,"to":100}],"showSolutions":"Show solution","tryAgain":"Retry","checkAnswer":"Check","notFilledOut":"Please fill in all blanks to view solution","answerIsCorrect":"&#039;:ans&#039; is correct","answerIsWrong":"&#039;:ans&#039; is wrong","answeredCorrectly":"Answered correctly","answeredIncorrectly":"Answered incorrectly","solutionLabel":"Correct answer:","inputLabel":"Blank input @num of @total","inputHasTipLabel":"Tip available","tipLabel":"Tip","behaviour":{"enableRetry":true,"enableSolutionsButton":true,"enableCheckButton":true,"autoCheck":false,"caseSensitive":false,"showSolutionsRequiresInput":true,"separateLines":false,"confirmCheckDialog":false,"confirmRetryDialog":false,"acceptSpellingErrors":false},"scoreBarLabel":"You got :num out of :total points","a11yCheck":"Check the answers. The responses will be marked as correct, incorrect, or unanswered.","a11yShowSolution":"Show the solution. The task will be marked with its correct solution.","a11yRetry":"Retry the task. Reset all responses and start the task over again.","a11yCheckingModeHeader":"Checking mode","confirmCheck":{"header":"Finish ?","body":"Are you sure you wish to finish ?","cancelLabel":"Cancel","confirmLabel":"Finish"},"confirmRetry":{"header":"Retry ?","body":"Are you sure you wish to retry ?","cancelLabel":"Cancel","confirmLabel":"Confirm"},"questions":["<p style=\"text-align: center;\"><strong>ECG (Electro Cardio Graph) is an example of an *analog* computer used in hospitals.<\/strong><br>\n&nbsp;<\/p>\n"],"submitAnswer":"Submit"},"library":"H5P.Blanks 1.14","metadata":{"contentType":"Fill in the Blanks","license":"U","title":"Untitled Fill in the Blanks"},"subContentId":"23839b79-17ce-4d5c-824c-37ebb8c9d78e"},"useSeparator":"auto"}]}