{"cards":[{"text":"Three types of computers on the basis of work are: 1. Analog computer  2. Digital computer  3. Hybrid computer . True or False?","answer":"True","image":{"path":"images\/image-60e9e0b99d1a9.png","mime":"image\/png","copyright":{"license":"U"},"width":1000,"height":1080},"tip":""},{"text":"An ______ computer is a computing device that works on continuous range of values.","answer":"Analog","image":{"path":"images\/image-60e9e1566909b.png","mime":"image\/png","copyright":{"license":"U"},"width":216,"height":233},"tip":""},{"tip":"","text":"ECG (Electro Cardio Gram) is an example of an _____ computer.?","answer":"Analog","image":{"path":"images\/image-60ea670654554.jpg","mime":"image\/jpeg","copyright":{"license":"U"},"width":694,"height":423}},{"tip":"","text":"What type of computer is our pc?","answer":"Digital\/Digital computer","image":{"path":"images\/image-60ea6766194ab.jpg","mime":"image\/jpeg","copyright":{"license":"U"},"width":664,"height":240,"originalImage":{"path":"images\/image-60ea675718cfc.jpg#tmp","mime":"image\/jpeg","height":250,"width":1200}}},{"tip":"","text":"What type of computer&#039;s operation is based on binary system. i.e. 0 and 1 digits?","answer":"Digital\/Digital computer","image":{"path":"images\/image-60ea67b9253c6.png","mime":"image\/png","copyright":{"license":"U"},"width":1000,"height":1080}},{"tip":"","text":"Desktop, Laptop, Notepad, etc. are examples of _____ computer.","answer":"Digital","image":{"path":"images\/image-60ea67ede18af.jpg","mime":"image\/jpeg","copyright":{"license":"U"},"width":612,"height":612}},{"tip":"","text":"A _____ computing system is a combination of desirable features of analog and digital computers.","answer":"Hybrid","image":{"path":"images\/image-60ea6898cb498.jpg","mime":"image\/jpeg","copyright":{"license":"U"},"width":1600,"height":797}},{"tip":"","text":"Comparing digital and analog computers, which is more accurate?","answer":"Digital\/Digital computer","image":{"path":"images\/image-60ea6949804f2.png","mime":"image\/png","copyright":{"license":"U"},"width":1000,"height":1080}},{"tip":"","text":"Comparing digital and analog computers, which is faster?","answer":"Digital\/Digital computer","image":{"path":"images\/image-60ea6967514ed.png","mime":"image\/png","copyright":{"license":"U"},"width":238,"height":250}},{"tip":"","text":"Analog Computers are mostly used for automated and complex operations such as ultra sound and equipment of ICU (Intensive Care Unit) in a hospital. True or false?","answer":"True","image":{"path":"images\/image-60ea6d6fae0a6.jpg","mime":"image\/jpeg","copyright":{"license":"U"},"width":511,"height":244,"originalImage":{"path":"images\/image-60ea6d633ccb9.jpg#tmp","mime":"image\/jpeg","height":250,"width":1200}}}],"progressText":"Card @card of @total","next":"Next","previous":"Previous","checkAnswerText":"Check","showSolutionsRequiresInput":true,"defaultAnswerText":"Your answer","correctAnswerText":"Correct","incorrectAnswerText":"Incorrect","showSolutionText":"Correct answer","results":"Results","ofCorrect":"@score of @total correct","showResults":"Show results","answerShortText":"A:","retry":"Retry","caseSensitive":false,"cardAnnouncement":"Incorrect answer. Correct answer was @answer","pageAnnouncement":"Page @current of @total","correctAnswerAnnouncement":"@answer is correct.","randomCards":false}