{"mode":"repetition","description":"<p style=\"text-align: center;\"><strong>Learn about throwing by guessing the answers.<\/strong><\/p>\n","dialogs":[{"tips":{},"text":"<p style=\"text-align: center;\"><strong>What is throwing?<\/strong><\/p>\n","answer":"<p style=\"text-align: center;\"><strong>Throwing is an act in which objects are thrown to a distance.<\/strong><\/p>\n","image":{"path":"images\/image-60ed351f62be5.jpg","mime":"image\/jpeg","copyright":{"license":"U"},"width":611,"height":340,"originalImage":{"path":"images\/image-60ed34e9abae0.jpg#tmp","mime":"image\/jpeg","height":341,"width":612}}},{"tips":{},"text":"<p style=\"text-align: center;\"><strong>What is chungi?<\/strong><\/p>\n","answer":"<p style=\"text-align: center;\"><strong>A collection of rubber bands, which is played by legs.<\/strong><\/p>\n","image":{"path":"images\/image-60ed3cc03be68.png","mime":"image\/png","copyright":{"license":"U"},"width":800,"height":1067}},{"tips":{},"text":"<p style=\"text-align: center;\"><strong>What is shot put throw?<\/strong><\/p>\n","answer":"<p style=\"text-align: center;\"><strong>The sport or event of throwing a heavy metal ball as far as possible.<\/strong><\/p>\n","image":{"path":"images\/image-60ed3eb1a138f.jpg","mime":"image\/jpeg","copyright":{"license":"U"},"width":300,"height":300}},{"tips":{},"text":"<p style=\"text-align: center;\"><strong>Identify and name the activity.<\/strong><\/p>\n","answer":"<p style=\"text-align: center;\"><strong>Throwing light ball<\/strong><\/p>\n","image":{"path":"images\/image-60ed3deeab7f6.jpg","mime":"image\/jpeg","copyright":{"license":"U"},"width":626,"height":626}},{"tips":{},"text":"<p style=\"text-align: center;\"><strong>Identify and name the activity.<\/strong><\/p>\n","answer":"<p style=\"text-align: center;\"><strong>Throwing basketball into the basket.<\/strong><\/p>\n","image":{"path":"images\/image-60ed32049f6ad.jpg","mime":"image\/jpeg","copyright":{"license":"U"},"width":195,"height":168}},{"tips":{},"text":"<p style=\"text-align: center;\"><strong>The activity shown in the image indicates of ..........<\/strong><\/p>\n","answer":"<p style=\"text-align: center;\"><strong>Throwing a shot put.<\/strong><\/p>\n","image":{"path":"images\/image-60ed387d713f0.png","mime":"image\/png","copyright":{"license":"U"},"width":512,"height":512}},{"tips":{},"text":"<p style=\"text-align: center;\"><strong>Throwing of shot put includes ..... steps.<\/strong><\/p>\n","answer":"<p style=\"text-align: center;\"><strong>Four\/4 <br>\n1. Holding the shot put<br>\n2. Stance<br>\n3. Glide<br>\n4. Release<\/strong><\/p>\n","image":{"path":"images\/image-60ed303718423.jpg","mime":"image\/jpeg","copyright":{"license":"U"},"width":467,"height":612}},{"tips":{},"text":"<p style=\"text-align: center;\"><strong>The steps of throwing shot put are:<\/strong><\/p>\n","answer":"<p style=\"text-align: center;\"><strong>1. Holding the shot put<br>\n2. Stance<br>\n3. Glide<br>\n4. Release<\/strong><\/p>\n","image":{"path":"images\/image-60ed2fdb2b699.png","mime":"image\/png","copyright":{"license":"U"},"width":728,"height":546}},{"tips":{},"text":"<p style=\"text-align: center;\"><strong>What is the advantage of throwing?<\/strong><\/p>\n","answer":"<p style=\"text-align: center;\"><strong>Throwing helps to play balls.<\/strong><\/p>\n","image":{"path":"images\/image-60ed31993404e.jpg","mime":"image\/jpeg","copyright":{"license":"U"},"width":463,"height":612}},{"tips":{},"text":"<p style=\"text-align: center;\"><strong>Is there any advantage of throwing chungi or a light ball before the shot put?<\/strong><\/p>\n","answer":"<p style=\"text-align: center;\"><strong>Throwing a chungi or a light ball is a basic practice for throwing heavy objects.<\/strong><\/p>\n","image":{"path":"images\/image-60ed3129ce849.jpg","mime":"image\/jpeg","copyright":{"license":"U"},"width":416,"height":416}}],"behaviour":{"enableRetry":true,"disableBackwardsNavigation":false,"scaleTextNotCard":false,"randomCards":false,"maxProficiency":5,"quickProgression":false},"answer":"Turn","next":"Next","prev":"Previous","retry":"Retry","correctAnswer":"I got it right!","incorrectAnswer":"I got it wrong","round":"Round @round","cardsLeft":"Cards left: @number","nextRound":"Proceed to round @round","startOver":"Start over","showSummary":"Next","summary":"Summary","summaryCardsRight":"Cards you got right:","summaryCardsWrong":"Cards you got wrong:","summaryCardsNotShown":"Cards in pool not shown:","summaryOverallScore":"Overall Score","summaryCardsCompleted":"Cards you have completed learning:","summaryCompletedRounds":"Completed rounds:","summaryAllDone":"Well done! You got all @cards cards correct @max times in a row!","progressText":"Card @card of @total","cardFrontLabel":"Card front","cardBackLabel":"Card back","tipButtonLabel":"Show tip","audioNotSupported":"Your browser does not support this audio","confirmStartingOver":{"header":"Start over?","body":"All progress will be lost. Are you sure you want to start over?","cancelLabel":"Cancel","confirmLabel":"Start over"},"title":"<p style=\"text-align: center;\"><strong>Throwing<\/strong><\/p>\n"}