{"mode":"repetition","description":"<p style=\"text-align: center;\"><strong>Read the questions carefully and guess the answers.<\/strong><\/p>\n","dialogs":[{"tips":{},"text":"<p style=\"text-align: center;\"><strong>The two-thirds part of the earth is covered with ____.<\/strong><\/p>\n","answer":"<p style=\"text-align: center;\"><strong>water<\/strong><\/p>\n","image":{"path":"images\/image-60e86ff3b7c5e.jpg","mime":"image\/jpeg","copyright":{"license":"U"},"width":626,"height":352}},{"tips":{},"text":"<p style=\"text-align: center;\"><strong>How many layers of atmosphere are there?<\/strong><\/p>\n","answer":"<p style=\"text-align: center;\"><strong>There are 5 layers of atmosphere.<\/strong><\/p>\n","image":{"path":"images\/image-60e876317f752.jpg","mime":"image\/jpeg","copyright":{"license":"U"},"width":436,"height":613}},{"tips":{},"text":"<p style=\"text-align: center;\"><strong>The seven continents are:<\/strong><\/p>\n","answer":"<p style=\"text-align: center;\"><strong>Asia, Europe, Africa, North America, South America, Australia and Antarctica<\/strong><\/p>\n","image":{"path":"images\/image-60e871965eac9.jpg","mime":"image\/jpeg","copyright":{"license":"U"},"width":626,"height":379}},{"tips":{},"text":"<p style=\"text-align: center;\"><strong>The top of Mount Everest is about ______ meters above sea level.<\/strong><\/p>\n","answer":"<p style=\"text-align: center;\"><strong>8,848<\/strong><\/p>\n","image":{"path":"images\/image-60e871cad341b.jpg","mime":"image\/jpeg","copyright":{"license":"U"},"width":626,"height":417}},{"tips":{},"text":"<p style=\"text-align: center;\"><strong>_______ is a table-like flat surface, which is found at a height and has no rivers.<\/strong><\/p>\n","answer":"<p style=\"text-align: center;\"><strong>Plateau<\/strong><\/p>\n","image":{"path":"images\/image-60e8728234c63.jpg","mime":"image\/jpeg","copyright":{"license":"U"},"width":626,"height":417}},{"tips":{},"text":"<p style=\"text-align: center;\"><strong>The outermost layer of the earth is called the ____.<\/strong><\/p>\n","answer":"<p style=\"text-align: center;\"><strong>Crust<\/strong><\/p>\n","image":{"path":"images\/image-60e872ec73699.jpg","mime":"image\/jpeg","copyright":{"license":"U"},"width":440,"height":407,"originalImage":{"path":"images\/image-60e872d96bbf2.jpg#tmp","mime":"image\/jpeg","height":626,"width":626}}},{"tips":{},"text":"<p style=\"text-align: center;\"><strong>Fold, Block, Volcanic are the three types of _____.<\/strong><\/p>\n","answer":"<p style=\"text-align: center;\"><strong>Mountains<\/strong><\/p>\n","image":{"path":"images\/image-657ac1d0e3a06.jpg","mime":"image\/jpeg","copyright":{"license":"U"},"width":2121,"height":1414}},{"tips":{},"text":"<p style=\"text-align: center;\"><strong>The flat land that is about 200 meters above sea level is known as ____.<\/strong><\/p>\n","answer":"<p style=\"text-align: center;\"><strong>plain<\/strong><\/p>\n","image":{"path":"images\/image-60e87473825c4.jpg","mime":"image\/jpeg","copyright":{"license":"U"},"width":626,"height":417}},{"tips":{"front":"(Biggest animal on the earth)"},"text":"<p style=\"text-align: center;\"><strong>Which animal is given in the picture?<\/strong><\/p>\n","answer":"<p style=\"text-align: center;\"><strong>Blue Whale<\/strong><\/p>\n","image":{"path":"images\/image-60e87525e4ada.jpg","mime":"image\/jpeg","copyright":{"license":"U"},"width":626,"height":594}},{"tips":{},"text":"<p style=\"text-align: center;\"><strong>The mountain lower in height is called ____.<\/strong><\/p>\n","answer":"<p style=\"text-align: center;\"><strong>hills<\/strong><\/p>\n","image":{"path":"images\/image-60e8755f8ce7c.jpg","mime":"image\/jpeg","copyright":{"license":"U"},"width":626,"height":446}}],"behaviour":{"enableRetry":true,"disableBackwardsNavigation":false,"scaleTextNotCard":false,"randomCards":false,"maxProficiency":5,"quickProgression":false},"answer":"Turn","next":"Next","prev":"Previous","retry":"Retry","correctAnswer":"I got it right!","incorrectAnswer":"I got it wrong","round":"Round @round","cardsLeft":"Cards left: @number","nextRound":"Proceed to round @round","startOver":"Start over","showSummary":"Next","summary":"Summary","summaryCardsRight":"Cards you got right:","summaryCardsWrong":"Cards you got wrong:","summaryCardsNotShown":"Cards in pool not shown:","summaryOverallScore":"Overall Score","summaryCardsCompleted":"Cards you have completed learning:","summaryCompletedRounds":"Completed rounds:","summaryAllDone":"Well done! You got all @cards cards correct @max times in a row!","progressText":"Card @card of @total","cardFrontLabel":"Card front","cardBackLabel":"Card back","tipButtonLabel":"Show tip","audioNotSupported":"Your browser does not support this audio","confirmStartingOver":{"header":"Start over?","body":"All progress will be lost. Are you sure you want to start over?","cancelLabel":"Cancel","confirmLabel":"Start over"},"title":"<p style=\"text-align: center;\"><strong>Structure of the earth<\/strong><\/p>\n"}