{"mode":"repetition","description":"<p style=\"text-align: center;\"><strong>Learn some shortcuts<\/strong><\/p>\n","dialogs":[{"tips":{},"text":"<p style=\"text-align: center;\"><strong>How to select all layers?<\/strong><\/p>\n","answer":"<p style=\"text-align: center;\"><strong>Ctrl+Alt+A<\/strong><\/p>\n","image":{"path":"images\/image-60ee5ddddb6bc.jpg","mime":"image\/jpeg","copyright":{"license":"U"},"width":853,"height":480}},{"tips":{},"text":"<p style=\"text-align: center;\"><strong>Invert selection <\/strong><\/p>\n","answer":"<p style=\"text-align: center;\"><strong>Ctrl+Shift+I<\/strong><\/p>\n","image":{"path":"images\/image-60fd53fceef5f.jpg","mime":"image\/jpeg","copyright":{"license":"U"},"width":238,"height":250}},{"tips":{},"text":"<p style=\"text-align: center;\"><strong>How do you zoom in and out?<\/strong><\/p>\n","answer":"<p style=\"text-align: center;\"><strong>Zoom in = Ctrl+plus(+)<\/strong><\/p>\n\n<p style=\"text-align: center;\"><strong>Zoom out = Ctrl+minus(-)<\/strong><\/p>\n","image":{"path":"images\/image-60fe557cd2ebd.jpg","mime":"image\/jpeg","copyright":{"license":"U"},"width":1280,"height":720}},{"tips":{},"text":"<p style=\"text-align: center;\"><strong>How do i create new layer via copy?<\/strong><\/p>\n","answer":"<p style=\"text-align: center;\"><strong>Ctrl+J<\/strong><\/p>\n","image":{"path":"images\/image-60ee5924602a3.jpg","mime":"image\/jpeg","copyright":{"license":"U"},"width":665,"height":360}},{"tips":{},"text":"<p style=\"text-align: center;\"><strong>How do I copy multiple layers?<\/strong><\/p>\n","answer":"<p style=\"text-align: center;\"><strong>Shift+Ctrl+C<\/strong><\/p>\n","image":{"path":"images\/image-60fe56bcdbd52.png","mime":"image\/png","copyright":{"license":"U"},"width":800,"height":420}},{"tips":{},"text":"<p style=\"text-align: center;\"><strong>You can deselect all but the intersected area by pressing _____.<\/strong><\/p>\n","answer":"<p style=\"text-align: center;\"><strong>Shift+Alt+drag<\/strong><\/p>\n","image":{"path":"images\/image-60ee5e2018226.jpg","mime":"image\/jpeg","copyright":{"license":"U"},"width":238,"height":250}},{"tips":{},"text":"<p style=\"text-align: center;\"><strong>What is the shortcut to merge visible layer?<\/strong><\/p>\n","answer":"<p style=\"text-align: center;\"><strong>Ctrl+Shift+E<\/strong><\/p>\n","image":{"path":"images\/image-60ee5a5af28ce.png","mime":"image\/png","copyright":{"license":"U"},"width":273,"height":185}},{"tips":{},"text":"<p style=\"text-align: center;\"><strong>How do i fit an image to screen?<\/strong><\/p>\n","answer":"<p style=\"text-align: center;\"><strong>Ctrl+0<\/strong><\/p>\n","image":{"path":"images\/image-60ee5aaf56229.png","mime":"image\/png","copyright":{"license":"U"},"width":399,"height":320}},{"tips":{},"text":"<p style=\"text-align: center;\"><strong>Easy way to deselect from the selection area is:<\/strong><\/p>\n","answer":"<p style=\"text-align: center;\"><strong>Alt+drag<\/strong><\/p>\n","image":{"path":"images\/image-60ee5e98611bc.jpg","mime":"image\/jpeg","copyright":{"license":"U"},"width":238,"height":250}},{"tips":{},"text":"<p style=\"text-align: center;\"><strong>How do i create a clipping mask?<\/strong><\/p>\n","answer":"<p style=\"text-align: center;\"><strong>Ctrl+Alt+G<\/strong><\/p>\n","image":{"path":"images\/image-60ee5f12b3f16.jpg","mime":"image\/jpeg","copyright":{"license":"U"},"width":2700,"height":1800}}],"behaviour":{"enableRetry":true,"disableBackwardsNavigation":false,"scaleTextNotCard":false,"randomCards":false,"maxProficiency":5,"quickProgression":false},"answer":"Turn","next":"Next","prev":"Previous","retry":"Retry","correctAnswer":"I got it right!","incorrectAnswer":"I got it wrong","round":"Round @round","cardsLeft":"Cards left: @number","nextRound":"Proceed to round @round","startOver":"Start over","showSummary":"Next","summary":"Summary","summaryCardsRight":"Cards you got right:","summaryCardsWrong":"Cards you got wrong:","summaryCardsNotShown":"Cards in pool not shown:","summaryOverallScore":"Overall Score","summaryCardsCompleted":"Cards you have completed learning:","summaryCompletedRounds":"Completed rounds:","summaryAllDone":"Well done! You got all @cards cards correct @max times in a row!","progressText":"Card @card of @total","cardFrontLabel":"Card front","cardBackLabel":"Card back","tipButtonLabel":"Show tip","audioNotSupported":"Your browser does not support this audio","confirmStartingOver":{"header":"Start over?","body":"All progress will be lost. Are you sure you want to start over?","cancelLabel":"Cancel","confirmLabel":"Start over"},"title":"<p style=\"text-align: center;\"><strong>Important shortcut keys<\/strong><\/p>\n"}