{"cards":[{"tip":"","text":"Who developed Stepped Reckoner ?","answer":"Gottfried Wilhelm Von Leibniz","image":{"path":"images\/image-60e9b048379ed.jpg","mime":"image\/jpeg","copyright":{"license":"U"},"width":600,"height":295}},{"tip":"","text":"Who introduced the concept of having a stored program in memory?","answer":"John Von Neumann","image":{"path":"images\/image-60e9b1bb59271.png","mime":"image\/png","copyright":{"license":"U"},"width":1000,"height":1080}},{"tip":"","text":"Who designed difference engine?","answer":"Charles Babbage","image":{"path":"images\/image-60e9b080c0510.jpg","mime":"image\/jpeg","copyright":{"license":"U"},"width":260,"height":320}},{"tip":"","text":"Who developed Hollerith Tabulator?","answer":"Herman Hollerith","image":{"path":"images\/image-60e9b273c41cb.png","mime":"image\/png","copyright":{"license":"U"},"width":960,"height":630}},{"text":"Who developed Pascaline?","answer":"Blaise Pascal","image":{"path":"images\/image-60e9a15d27f1a.png","mime":"image\/png","copyright":{"license":"U"},"width":304,"height":400},"tip":""},{"tip":"","text":"Who was the first computer programmer?","answer":"Lady Augusta Ada Lovelace","image":{"path":"images\/image-60e9b0cfda7fd.png","mime":"image\/png","copyright":{"license":"U"},"width":1000,"height":1080}},{"text":"When was Side Rule invented?","answer":"1622","image":{"path":"images\/image-60e9a09fb3122.png","mime":"image\/png","copyright":{"license":"U"},"width":355,"height":142},"tip":""},{"text":"Napier&#039;s Bone was invented by ?","answer":"John Napier","image":{"path":"images\/image-60e9a024781f3.jpg","mime":"image\/jpeg","copyright":{"license":"U"},"width":800,"height":659},"tip":""},{"text":"What was the first manual calculating device developed by the Chinese people before 3000 BC.?","answer":"Abacus","image":{"path":"images\/image-60e99fccee591.png","mime":"image\/png","copyright":{"license":"U"},"width":1000,"height":1080},"tip":""},{"text":"Who is known as the father of computer?","answer":"Charles Babbage","image":{"path":"images\/image-60e99ea94b015.jpg","mime":"image\/jpeg","copyright":{"license":"U"},"width":260,"height":320},"tip":""}],"progressText":"Card @card of @total","next":"Next","previous":"Previous","checkAnswerText":"Check","showSolutionsRequiresInput":true,"defaultAnswerText":"Your answer","correctAnswerText":"Correct","incorrectAnswerText":"Incorrect","showSolutionText":"Correct answer","results":"Results","ofCorrect":"@score of @total correct","showResults":"Show results","answerShortText":"A:","retry":"Retry","caseSensitive":false,"cardAnnouncement":"Incorrect answer. Correct answer was @answer","pageAnnouncement":"Page @current of @total","description":"Analyze the questions carefully and answer the questions.","correctAnswerAnnouncement":"@answer is correct.","randomCards":false}