{"cards":[{"text":"Roots fix a plant to the soil. True or False?","answer":"True","tip":"","imageAltText":"Plant with roots","image":{"path":"images\/image-60e1a33306254.jpg","mime":"image\/jpeg","copyright":{"license":"U"},"width":462,"height":497,"originalImage":{"path":"images\/image-60e1a2ddbae34.jpg#tmp","mime":"image\/jpeg","height":1080,"width":1000}}},{"text":"Hard and woody part of the plant is called stem. Yes or No?","answer":"Yes","tip":"","image":{"path":"images\/image-60e174e8b649b.jpg","mime":"image\/jpeg","copyright":{"license":"U"},"width":824,"height":432,"originalImage":{"path":"images\/image-60e174772db4a.jpg","mime":"image\/jpeg","height":768,"width":1366}}},{"text":"What is the green and flat part of a plant called?","answer":"Leaf\/Leaves","tip":"","image":{"path":"images\/image-60e17c10327ca.jpg","mime":"image\/jpeg","copyright":{"license":"U"},"width":626,"height":626}},{"text":"Identify the part of the plant shown in the picture.","answer":"Flower\/Flowers","tip":"","image":{"path":"images\/image-60e14ab3374c0.jpg","mime":"image\/jpeg","copyright":{"license":"U"},"width":300,"height":168}},{"text":"What do roots absorb from the soil? [Water \/ Oxygen]","answer":"Water","tip":"","image":{"path":"images\/image-60e14b468b133.jpg","mime":"image\/jpeg","copyright":{"license":"U"},"width":450,"height":450}},{"text":"Leaves prepare food for plants. True or False?","answer":"True","tip":"","image":{"path":"images\/image-60e14e6e65b63.jpg","mime":"image\/jpeg","copyright":{"license":"U"},"width":2117,"height":1059}},{"text":"Which part of the plants contain seed inside them?","answer":"Fruit\/Fruits","tip":"","image":{"path":"images\/image-60e17edb16a57.jpg","mime":"image\/jpeg","copyright":{"license":"U"},"width":579,"height":342,"originalImage":{"path":"images\/image-60e17ecab9d3d.jpg#tmp","mime":"image\/jpeg","height":402,"width":602}}},{"text":"Do fruits develop from flowers? Yes or No?","answer":"Yes","tip":"","image":{"path":"images\/image-60e1729a90741.jpg","mime":"image\/jpeg","copyright":{"license":"U"},"width":1920,"height":1080}},{"text":"What is the part of plant that grows above the ground called?","answer":"Shoot system\/Shoot","tip":"","image":{"path":"images\/image-60e1a3121da88.jpg","mime":"image\/jpeg","copyright":{"license":"U"},"width":336,"height":497,"originalImage":{"path":"images\/image-60e1a2e8c0fb8.jpg#tmp","mime":"image\/jpeg","height":1080,"width":711}},"imageAltText":"Plant with root and shoot"},{"text":"I am found inside the fruits and I grow into a new plant. Who am I?","answer":"Seed\/Seeds","tip":"","image":{"path":"images\/image-60e173808f121.jpg","mime":"image\/jpeg","copyright":{"license":"U"},"width":612,"height":453},"imageAltText":"Apple with seed"}],"progressText":"Card @card of @total","next":"Next","previous":"Previous","checkAnswerText":"Check","showSolutionsRequiresInput":true,"defaultAnswerText":"Your answer","correctAnswerText":"Correct","incorrectAnswerText":"Incorrect","showSolutionText":"Correct answer","results":"Results","ofCorrect":"@score of @total correct","showResults":"Show results","answerShortText":"A:","retry":"Retry","caseSensitive":false,"cardAnnouncement":"Incorrect answer. Correct answer was @answer","pageAnnouncement":"Page @current of @total","description":"Read the questions properly and answer them.","correctAnswerAnnouncement":"@answer is correct.","randomCards":true}