{"content":[{"content":{"params":{"contentName":"Image","file":{"path":"images\/file-60f3fbaa8dbde.png","mime":"image\/png","copyright":{"license":"U"},"width":1300,"height":267},"decorative":true,"expandImage":"Expand Image","minimizeImage":"Minimize Image"},"library":"H5P.Image 1.1","metadata":{"contentType":"Image","license":"U","title":"Untitled Image"},"subContentId":"d66299fe-e1d6-44ef-9d55-f59de7e2380f"},"useSeparator":"auto"},{"content":{"params":{"media":{"disableImageZooming":false},"answers":[{"correct":true,"tipsAndFeedback":{"tip":"","chosenFeedback":"","notChosenFeedback":""},"text":"<div><strong>Computer virus is harmful software which infects the computer system.<\/strong><\/div>\n"},{"correct":false,"tipsAndFeedback":{"tip":"","chosenFeedback":"","notChosenFeedback":""},"text":"<div><strong>Computer virus is a new virus that affects people and make them sick.<\/strong><\/div>\n"},{"correct":false,"tipsAndFeedback":{"tip":"","chosenFeedback":"","notChosenFeedback":""},"text":"<div><strong>Computer virus is useful software which improves the computer system.<\/strong><\/div>\n"},{"correct":false,"tipsAndFeedback":{"tip":"","chosenFeedback":"","notChosenFeedback":""},"text":"<div><strong>None of the options.<\/strong><\/div>\n"}],"overallFeedback":[{"from":0,"to":50,"feedback":"Study more :("},{"from":51,"to":100,"feedback":"Good job :)"}],"behaviour":{"enableRetry":true,"enableSolutionsButton":true,"enableCheckButton":true,"type":"auto","singlePoint":false,"randomAnswers":true,"showSolutionsRequiresInput":true,"confirmCheckDialog":false,"confirmRetryDialog":false,"autoCheck":false,"passPercentage":100,"showScorePoints":true},"UI":{"checkAnswerButton":"Check","showSolutionButton":"Show solution","tryAgainButton":"Retry","tipsLabel":"Show tip","scoreBarLabel":"You got :num out of :total points","tipAvailable":"Tip available","feedbackAvailable":"Feedback available","readFeedback":"Read feedback","wrongAnswer":"Wrong answer","correctAnswer":"Correct answer","shouldCheck":"Should have been checked","shouldNotCheck":"Should not have been checked","noInput":"Please answer before viewing the solution","a11yCheck":"Check the answers. The responses will be marked as correct, incorrect, or unanswered.","a11yShowSolution":"Show the solution. The task will be marked with its correct solution.","a11yRetry":"Retry the task. Reset all responses and start the task over again.","submitAnswerButton":"Submit"},"confirmCheck":{"header":"Finish ?","body":"Are you sure you wish to finish ?","cancelLabel":"Cancel","confirmLabel":"Finish"},"confirmRetry":{"header":"Retry ?","body":"Are you sure you wish to retry ?","cancelLabel":"Cancel","confirmLabel":"Confirm"},"question":"<h3>What is computer virus?<\/h3>\n"},"library":"H5P.MultiChoice 1.16","metadata":{"contentType":"Multiple Choice","license":"U","title":"Q1- Multiple Choice"},"subContentId":"71306480-9ea8-4951-867a-c8137ff17af6"},"useSeparator":"auto"},{"content":{"params":{"contentName":"Image","file":{"path":"images\/file-60f3fbb43cce3.png","mime":"image\/png","copyright":{"license":"U"},"width":1300,"height":273},"decorative":true,"expandImage":"Expand Image","minimizeImage":"Minimize Image"},"library":"H5P.Image 1.1","metadata":{"contentType":"Image","license":"U","title":"Untitled Image"},"subContentId":"a326d0f4-9991-4791-be18-78d69db4b1ca"},"useSeparator":"enabled"},{"content":{"params":{"media":{"disableImageZooming":false},"correct":"true","behaviour":{"enableRetry":true,"enableSolutionsButton":true,"enableCheckButton":true,"confirmCheckDialog":false,"confirmRetryDialog":false,"autoCheck":false},"l10n":{"trueText":"True","falseText":"False","score":"You got @score of @total points","checkAnswer":"Check","showSolutionButton":"Show solution","tryAgain":"Retry","wrongAnswerMessage":"Wrong answer","correctAnswerMessage":"Correct answer","scoreBarLabel":"You got :num out of :total points","a11yCheck":"Check the answers. The responses will be marked as correct, incorrect, or unanswered.","a11yShowSolution":"Show the solution. The task will be marked with its correct solution.","a11yRetry":"Retry the task. Reset all responses and start the task over again.","submitAnswer":"Submit"},"confirmCheck":{"header":"Finish ?","body":"Are you sure you wish to finish ?","cancelLabel":"Cancel","confirmLabel":"Finish"},"confirmRetry":{"header":"Retry ?","body":"Are you sure you wish to retry ?","cancelLabel":"Cancel","confirmLabel":"Confirm"},"question":"<h3>The nature of a computer virus is very similar to the virus that affects human beings, so it is called a virus.<\/h3>\n"},"library":"H5P.TrueFalse 1.8","metadata":{"contentType":"True\/False Question","license":"U","title":"Q2- True\/False Question"},"subContentId":"a41f394d-bc62-4703-9b5b-6bcd92ce7bc4"},"useSeparator":"auto"},{"content":{"params":{"contentName":"Image","file":{"path":"images\/file-60f3fbbb177e9.png","mime":"image\/png","copyright":{"license":"U"},"width":1300,"height":252},"decorative":true,"expandImage":"Expand Image","minimizeImage":"Minimize Image"},"library":"H5P.Image 1.1","metadata":{"contentType":"Image","license":"U","title":"Untitled Image"},"subContentId":"41fe66d6-94b7-4ebf-a124-a7f66cf58382"},"useSeparator":"enabled"},{"content":{"params":{"media":{"disableImageZooming":false},"text":"<p>&nbsp;&nbsp;<\/p>\n","overallFeedback":[{"from":0,"to":50,"feedback":"Incorrect!! :("},{"from":51,"to":100,"feedback":"Well done :)"}],"showSolutions":"Show solution","tryAgain":"Retry","checkAnswer":"Check","notFilledOut":"Please fill in all blanks to view solution","answerIsCorrect":"&#039;:ans&#039; is correct","answerIsWrong":"&#039;:ans&#039; is wrong","answeredCorrectly":"Answered correctly","answeredIncorrectly":"Answered incorrectly","solutionLabel":"Correct answer:","inputLabel":"Blank input @num of @total","inputHasTipLabel":"Tip available","tipLabel":"Tip","behaviour":{"enableRetry":true,"enableSolutionsButton":true,"enableCheckButton":true,"autoCheck":false,"caseSensitive":false,"showSolutionsRequiresInput":true,"separateLines":false,"confirmCheckDialog":false,"confirmRetryDialog":false,"acceptSpellingErrors":false},"scoreBarLabel":"You got :num out of :total points","a11yCheck":"Check the answers. The responses will be marked as correct, incorrect, or unanswered.","a11yShowSolution":"Show the solution. The task will be marked with its correct solution.","a11yRetry":"Retry the task. Reset all responses and start the task over again.","a11yCheckingModeHeader":"Checking mode","confirmCheck":{"header":"Finish ?","body":"Are you sure you wish to finish ?","cancelLabel":"Cancel","confirmLabel":"Finish"},"confirmRetry":{"header":"Retry ?","body":"Are you sure you wish to retry ?","cancelLabel":"Cancel","confirmLabel":"Confirm"},"questions":["<p><strong>A computer *virus* is a high threat to a computer. [software\/virus]<\/strong><\/p>\n"]},"library":"H5P.Blanks 1.14","metadata":{"contentType":"Fill in the Blanks","license":"U","title":"Q3- Fill in the Blanks"},"subContentId":"f99c04b6-c65b-4c42-94c0-3dff72adb7bc"},"useSeparator":"auto"},{"content":{"params":{"contentName":"Image","file":{"path":"images\/file-60f3fbc466aab.png","mime":"image\/png","copyright":{"license":"U"},"width":1300,"height":250},"decorative":true,"expandImage":"Expand Image","minimizeImage":"Minimize Image"},"library":"H5P.Image 1.1","metadata":{"contentType":"Image","license":"U","title":"Untitled Image"},"subContentId":"1f8cb7bc-79a4-43dc-a715-1e738ba5ae33"},"useSeparator":"enabled"},{"content":{"params":{"media":{"disableImageZooming":false},"answers":[{"correct":true,"tipsAndFeedback":{"tip":"","chosenFeedback":"","notChosenFeedback":""},"text":"<div><strong>Boot sector virus, Application or file infected virus, System infector virus and Message carrying virus.<\/strong><\/div>\n"},{"correct":false,"tipsAndFeedback":{"tip":"","chosenFeedback":"","notChosenFeedback":""},"text":"<div><strong>Boot sector virus, Application or file infected virus, Ebola virus and Corona virus.<\/strong><\/div>\n"},{"correct":false,"tipsAndFeedback":{"tip":"","chosenFeedback":"","notChosenFeedback":""},"text":"<div><strong>Boot sector virus, Adobe Photoshop, Notepad and Message carrying virus.<\/strong><\/div>\n"}],"overallFeedback":[{"from":0,"to":100}],"behaviour":{"enableRetry":true,"enableSolutionsButton":true,"enableCheckButton":true,"type":"auto","singlePoint":false,"randomAnswers":true,"showSolutionsRequiresInput":true,"confirmCheckDialog":false,"confirmRetryDialog":false,"autoCheck":false,"passPercentage":100,"showScorePoints":true},"UI":{"checkAnswerButton":"Check","showSolutionButton":"Show solution","tryAgainButton":"Retry","tipsLabel":"Show tip","scoreBarLabel":"You got :num out of :total points","tipAvailable":"Tip available","feedbackAvailable":"Feedback available","readFeedback":"Read feedback","wrongAnswer":"Wrong answer","correctAnswer":"Correct answer","shouldCheck":"Should have been checked","shouldNotCheck":"Should not have been checked","noInput":"Please answer before viewing the solution","a11yCheck":"Check the answers. The responses will be marked as correct, incorrect, or unanswered.","a11yShowSolution":"Show the solution. The task will be marked with its correct solution.","a11yRetry":"Retry the task. Reset all responses and start the task over again.","submitAnswerButton":"Submit"},"confirmCheck":{"header":"Finish ?","body":"Are you sure you wish to finish ?","cancelLabel":"Cancel","confirmLabel":"Finish"},"confirmRetry":{"header":"Retry ?","body":"Are you sure you wish to retry ?","cancelLabel":"Cancel","confirmLabel":"Confirm"},"question":"<h3><strong>What are the types of computer virus?<\/strong><\/h3>\n"},"library":"H5P.MultiChoice 1.16","metadata":{"contentType":"Multiple Choice","license":"U","title":"Untitled Multiple Choice"},"subContentId":"cadf659c-8a7f-44ce-a0b8-b1a4e870eb30"},"useSeparator":"auto"},{"content":{"params":{"contentName":"Image","file":{"path":"images\/file-60f3fbcd5113f.png","mime":"image\/png","copyright":{"license":"U"},"width":1300,"height":271},"decorative":true,"expandImage":"Expand Image","minimizeImage":"Minimize Image"},"library":"H5P.Image 1.1","metadata":{"contentType":"Image","license":"U","title":"Untitled Image"},"subContentId":"b1dc5cda-a719-4e9a-9da1-0abd2d15113b"},"useSeparator":"enabled"},{"content":{"params":{"media":{"disableImageZooming":false},"text":"<p>&nbsp;&nbsp;<\/p>\n","overallFeedback":[{"from":0,"to":50,"feedback":"Need more study time :("},{"from":51,"to":100,"feedback":"Good job :)"}],"showSolutions":"Show solution","tryAgain":"Retry","checkAnswer":"Check","notFilledOut":"Please fill in all blanks to view solution","answerIsCorrect":"&#039;:ans&#039; is correct","answerIsWrong":"&#039;:ans&#039; is wrong","answeredCorrectly":"Answered correctly","answeredIncorrectly":"Answered incorrectly","solutionLabel":"Correct answer:","inputLabel":"Blank input @num of @total","inputHasTipLabel":"Tip available","tipLabel":"Tip","behaviour":{"enableRetry":true,"enableSolutionsButton":true,"enableCheckButton":true,"autoCheck":false,"caseSensitive":false,"showSolutionsRequiresInput":true,"separateLines":false,"confirmCheckDialog":false,"confirmRetryDialog":false,"acceptSpellingErrors":false},"scoreBarLabel":"You got :num out of :total points","a11yCheck":"Check the answers. The responses will be marked as correct, incorrect, or unanswered.","a11yShowSolution":"Show the solution. The task will be marked with its correct solution.","a11yRetry":"Retry the task. Reset all responses and start the task over again.","a11yCheckingModeHeader":"Checking mode","confirmCheck":{"header":"Finish ?","body":"Are you sure you wish to finish ?","cancelLabel":"Cancel","confirmLabel":"Finish"},"confirmRetry":{"header":"Retry ?","body":"Are you sure you wish to retry ?","cancelLabel":"Cancel","confirmLabel":"Confirm"},"questions":["<p><strong>A *macro* virus is a virus that is written in a macro language, a language built into a software application. [stealth\/macro]<\/strong><\/p>\n"]},"library":"H5P.Blanks 1.14","metadata":{"contentType":"Fill in the Blanks","license":"U","title":"Q5- Fill in the Blanks"},"subContentId":"7664faca-03e5-47c7-9f51-30a66b2d9f25"},"useSeparator":"auto"},{"content":{"params":{"contentName":"Image","file":{"path":"images\/file-60f3fbd5df215.png","mime":"image\/png","copyright":{"license":"U"},"width":1300,"height":273},"decorative":true,"expandImage":"Expand Image","minimizeImage":"Minimize Image"},"library":"H5P.Image 1.1","metadata":{"contentType":"Image","license":"U","title":"Untitled Image"},"subContentId":"91408404-8e77-49b7-b301-f8d9bc1c6fac"},"useSeparator":"enabled"},{"content":{"params":{"media":{"disableImageZooming":false},"text":"<p>&nbsp;&nbsp;<\/p>\n","overallFeedback":[{"from":0,"to":50,"feedback":"Wrong!! :("},{"from":51,"to":100,"feedback":"Great job :)"}],"showSolutions":"Show solution","tryAgain":"Retry","checkAnswer":"Check","notFilledOut":"Please fill in all blanks to view solution","answerIsCorrect":"&#039;:ans&#039; is correct","answerIsWrong":"&#039;:ans&#039; is wrong","answeredCorrectly":"Answered correctly","answeredIncorrectly":"Answered incorrectly","solutionLabel":"Correct answer:","inputLabel":"Blank input @num of @total","inputHasTipLabel":"Tip available","tipLabel":"Tip","behaviour":{"enableRetry":true,"enableSolutionsButton":true,"enableCheckButton":true,"autoCheck":false,"caseSensitive":false,"showSolutionsRequiresInput":true,"separateLines":false,"confirmCheckDialog":false,"confirmRetryDialog":false,"acceptSpellingErrors":false},"scoreBarLabel":"You got :num out of :total points","a11yCheck":"Check the answers. The responses will be marked as correct, incorrect, or unanswered.","a11yShowSolution":"Show the solution. The task will be marked with its correct solution.","a11yRetry":"Retry the task. Reset all responses and start the task over again.","a11yCheckingModeHeader":"Checking mode","confirmCheck":{"header":"Finish ?","body":"Are you sure you wish to finish ?","cancelLabel":"Cancel","confirmLabel":"Finish"},"confirmRetry":{"header":"Retry ?","body":"Are you sure you wish to retry ?","cancelLabel":"Cancel","confirmLabel":"Confirm"},"questions":["<p><strong>*Boot sector* virus exist on storage media, such as hard drives, floppies, or occasionally CDs and DVDs. [Boot sector\/System infector]<\/strong><\/p>\n"]},"library":"H5P.Blanks 1.14","metadata":{"contentType":"Fill in the Blanks","license":"U","title":"Q6- Fill in the Blanks"},"subContentId":"d95fdbfa-aeca-4059-bf9b-14da32ac4667"},"useSeparator":"auto"},{"content":{"params":{"contentName":"Image","file":{"path":"images\/file-60f3fbdfd672c.png","mime":"image\/png","copyright":{"license":"U"},"width":1300,"height":274},"decorative":true,"expandImage":"Expand Image","minimizeImage":"Minimize Image"},"library":"H5P.Image 1.1","metadata":{"contentType":"Image","license":"U","title":"Untitled Image"},"subContentId":"4ee59ddf-9e24-44aa-9cc2-cdeee6e65a56"},"useSeparator":"enabled"},{"content":{"params":{"media":{"disableImageZooming":false},"answers":[{"correct":false,"tipsAndFeedback":{"tip":"","chosenFeedback":"","notChosenFeedback":""},"text":"<div><strong>System Infector Virus<\/strong><\/div>\n"},{"correct":true,"tipsAndFeedback":{"tip":"","chosenFeedback":"","notChosenFeedback":""},"text":"<div><strong>Message Carrying Virus<\/strong><\/div>\n"},{"correct":false,"tipsAndFeedback":{"tip":"","chosenFeedback":"","notChosenFeedback":""},"text":"<div><strong>Boot Sector Virus<\/strong><\/div>\n"},{"correct":false,"tipsAndFeedback":{"tip":"","chosenFeedback":"","notChosenFeedback":""},"text":"<div><strong>Application or File Infected Virus<\/strong><\/div>\n"}],"overallFeedback":[{"from":0,"to":100}],"behaviour":{"enableRetry":true,"enableSolutionsButton":true,"enableCheckButton":true,"type":"auto","singlePoint":false,"randomAnswers":true,"showSolutionsRequiresInput":true,"confirmCheckDialog":false,"confirmRetryDialog":false,"autoCheck":false,"passPercentage":100,"showScorePoints":true},"UI":{"checkAnswerButton":"Check","showSolutionButton":"Show solution","tryAgainButton":"Retry","tipsLabel":"Show tip","scoreBarLabel":"You got :num out of :total points","tipAvailable":"Tip available","feedbackAvailable":"Feedback available","readFeedback":"Read feedback","wrongAnswer":"Wrong answer","correctAnswer":"Correct answer","shouldCheck":"Should have been checked","shouldNotCheck":"Should not have been checked","noInput":"Please answer before viewing the solution","a11yCheck":"Check the answers. The responses will be marked as correct, incorrect, or unanswered.","a11yShowSolution":"Show the solution. The task will be marked with its correct solution.","a11yRetry":"Retry the task. Reset all responses and start the task over again.","submitAnswerButton":"Submit"},"confirmCheck":{"header":"Finish ?","body":"Are you sure you wish to finish ?","cancelLabel":"Cancel","confirmLabel":"Finish"},"confirmRetry":{"header":"Retry ?","body":"Are you sure you wish to retry ?","cancelLabel":"Cancel","confirmLabel":"Confirm"},"question":"<h3><strong>These viruses display interesting messages, pictures and dialogs which interrupt the user\u2019s work and usually do not infect the program and system.<\/strong><\/h3>\n"},"library":"H5P.MultiChoice 1.16","metadata":{"contentType":"Multiple Choice","license":"U","title":"Untitled Multiple Choice"},"subContentId":"b528fbff-62d3-4914-9bad-eee316a83835"},"useSeparator":"auto"},{"content":{"params":{"contentName":"Image","file":{"path":"images\/file-60f3fbe98f3e7.png","mime":"image\/png","copyright":{"license":"U"},"width":1300,"height":271},"decorative":true,"expandImage":"Expand Image","minimizeImage":"Minimize Image"},"library":"H5P.Image 1.1","metadata":{"contentType":"Image","license":"U","title":"Untitled Image"},"subContentId":"e0cefbde-7090-465c-b950-a88fb2c95b5d"},"useSeparator":"enabled"},{"content":{"params":{"media":{"disableImageZooming":false},"correct":"true","behaviour":{"enableRetry":true,"enableSolutionsButton":true,"enableCheckButton":true,"confirmCheckDialog":false,"confirmRetryDialog":false,"autoCheck":false},"l10n":{"trueText":"True","falseText":"False","score":"You got @score of @total points","checkAnswer":"Check","showSolutionButton":"Show solution","tryAgain":"Retry","wrongAnswerMessage":"Wrong answer","correctAnswerMessage":"Correct answer","scoreBarLabel":"You got :num out of :total points","a11yCheck":"Check the answers. The responses will be marked as correct, incorrect, or unanswered.","a11yShowSolution":"Show the solution. The task will be marked with its correct solution.","a11yRetry":"Retry the task. Reset all responses and start the task over again.","submitAnswer":"Submit"},"confirmCheck":{"header":"Finish ?","body":"Are you sure you wish to finish ?","cancelLabel":"Cancel","confirmLabel":"Finish"},"confirmRetry":{"header":"Retry ?","body":"Are you sure you wish to retry ?","cancelLabel":"Cancel","confirmLabel":"Confirm"},"question":"<p><strong>Computer virus is a parasitic program.<\/strong><\/p>\n"},"library":"H5P.TrueFalse 1.8","metadata":{"contentType":"True\/False Question","license":"U","title":"Q8- True\/False Question"},"subContentId":"e1644170-0338-48f1-aaf2-1018f69fb76d"},"useSeparator":"auto"},{"content":{"params":{"contentName":"Image","file":{"path":"images\/file-60f3fbf2d0a2b.png","mime":"image\/png","copyright":{"license":"U"},"width":1300,"height":274},"decorative":true,"expandImage":"Expand Image","minimizeImage":"Minimize Image"},"library":"H5P.Image 1.1","metadata":{"contentType":"Image","license":"U","title":"Untitled Image"},"subContentId":"8c265aa3-776e-4299-b743-0f591709679b"},"useSeparator":"enabled"},{"content":{"params":{"media":{"disableImageZooming":false},"text":"<p>&nbsp;&nbsp;<\/p>\n","overallFeedback":[{"from":0,"to":50,"feedback":"Study more :("},{"from":51,"to":100,"feedback":"Good job :)"}],"showSolutions":"Show solution","tryAgain":"Retry","checkAnswer":"Check","notFilledOut":"Please fill in all blanks to view solution","answerIsCorrect":"&#039;:ans&#039; is correct","answerIsWrong":"&#039;:ans&#039; is wrong","answeredCorrectly":"Answered correctly","answeredIncorrectly":"Answered incorrectly","solutionLabel":"Correct answer:","inputLabel":"Blank input @num of @total","inputHasTipLabel":"Tip available","tipLabel":"Tip","behaviour":{"enableRetry":true,"enableSolutionsButton":true,"enableCheckButton":true,"autoCheck":false,"caseSensitive":false,"showSolutionsRequiresInput":true,"separateLines":false,"confirmCheckDialog":false,"confirmRetryDialog":false,"acceptSpellingErrors":false},"scoreBarLabel":"You got :num out of :total points","a11yCheck":"Check the answers. The responses will be marked as correct, incorrect, or unanswered.","a11yShowSolution":"Show the solution. The task will be marked with its correct solution.","a11yRetry":"Retry the task. Reset all responses and start the task over again.","a11yCheckingModeHeader":"Checking mode","confirmCheck":{"header":"Finish ?","body":"Are you sure you wish to finish ?","cancelLabel":"Cancel","confirmLabel":"Finish"},"confirmRetry":{"header":"Retry ?","body":"Are you sure you wish to retry ?","cancelLabel":"Cancel","confirmLabel":"Confirm"},"questions":["<p><strong>The viruses having multiple features that can infect both application programs and boot sectors are called *Multipartite* virus. [Multipartite\/Macro]<\/strong><\/p>\n"]},"library":"H5P.Blanks 1.14","metadata":{"contentType":"Fill in the Blanks","license":"U","title":"Q9- Fill in the Blanks"},"subContentId":"26579a24-e914-4a2a-801e-ab1460ab0a27"},"useSeparator":"auto"},{"content":{"params":{"contentName":"Image","file":{"path":"images\/file-60f3fbfe787ff.png","mime":"image\/png","copyright":{"license":"U"},"width":1300,"height":238},"decorative":true,"expandImage":"Expand Image","minimizeImage":"Minimize Image"},"library":"H5P.Image 1.1","metadata":{"contentType":"Image","license":"U","title":"Untitled Image"},"subContentId":"e8bb3cb0-edd6-405e-8af9-dcaac926e4dc"},"useSeparator":"enabled"},{"content":{"params":{"media":{"disableImageZooming":false},"correct":"true","behaviour":{"enableRetry":true,"enableSolutionsButton":true,"enableCheckButton":true,"confirmCheckDialog":false,"confirmRetryDialog":false,"autoCheck":false},"l10n":{"trueText":"True","falseText":"False","score":"You got @score of @total points","checkAnswer":"Check","showSolutionButton":"Show solution","tryAgain":"Retry","wrongAnswerMessage":"Wrong answer","correctAnswerMessage":"Correct answer","scoreBarLabel":"You got :num out of :total points","a11yCheck":"Check the answers. The responses will be marked as correct, incorrect, or unanswered.","a11yShowSolution":"Show the solution. The task will be marked with its correct solution.","a11yRetry":"Retry the task. Reset all responses and start the task over again.","submitAnswer":"Submit"},"confirmCheck":{"header":"Finish ?","body":"Are you sure you wish to finish ?","cancelLabel":"Cancel","confirmLabel":"Finish"},"confirmRetry":{"header":"Retry ?","body":"Are you sure you wish to retry ?","cancelLabel":"Cancel","confirmLabel":"Confirm"},"question":"<h3>Stealth virus is most destructive virus which does not give information about its presence.<\/h3>\n"},"library":"H5P.TrueFalse 1.8","metadata":{"contentType":"True\/False Question","license":"U","title":"Q10- True\/False Question"},"subContentId":"d1620fa4-2e4d-4443-a5e1-f9b9a9872693"},"useSeparator":"auto"}]}