{"cards":[{"text":"The exchanging of information by speaking, writing, or using some other medium is called....","answer":"Communication","tip":"<p style=\"text-align: center;\"><strong>Involves sharing<\/strong><\/p>\n","image":{"path":"images\/image-60ebd9b3ed9c9.jpg","mime":"image\/jpeg","copyright":{"license":"U"},"width":626,"height":417}},{"text":"First tool for long distance communication was.....","answer":"Pegion","tip":"<p style=\"text-align: center;\"><strong>Bird<\/strong><\/p>\n","image":{"path":"images\/image-60ebd4a8bbb5c.png","mime":"image\/png","copyright":{"license":"U"},"width":1920,"height":1080}},{"text":"Method used in telecommunication to encode text characters as standardized sequences of two different signal durations is......","answer":"Morse code\/Morsecode","tip":"<p style=\"text-align: center;\"><strong>encoding technique<\/strong><\/p>\n","image":{"path":"images\/image-60ebd4c2701d0.jpg","mime":"image\/jpeg","copyright":{"license":"U"},"width":238,"height":250}},{"text":"Telephone with no wire on the mic is called.....","answer":"Cordless phone","tip":"<p style=\"text-align: center;\">Wireless feature<\/p>\n","image":{"path":"images\/image-60ebd5066c198.png","mime":"image\/png","copyright":{"license":"U"},"width":1920,"height":1080}},{"text":"A global computer network is also known as...","answer":"Internet","tip":"<p style=\"text-align: center;\"><strong>Global network<\/strong><\/p>\n","image":{"path":"images\/image-60ebd578dfec6.png","mime":"image\/png","copyright":{"license":"U"},"width":1920,"height":1080}},{"text":"A portable telephone that can make and receive calls over a radio frequency link is...","answer":"Mobile","tip":"","image":{"path":"images\/image-60ebd8a5cba1f.jpg","mime":"image\/jpeg","copyright":{"license":"U"},"width":960,"height":540}},{"text":"A handheld PC is also known as..","answer":"PDA","tip":"","image":{"path":"images\/image-60ebd8dbdd105.jpg","mime":"image\/jpeg","copyright":{"license":"U"},"width":810,"height":456}},{"text":"A collection of computers, servers or other devices connected to allow data sharing is","answer":"Network","tip":"","image":{"path":"images\/image-60ebd9192ffbc.jpg","mime":"image\/jpeg","copyright":{"license":"U"},"width":1200,"height":800}},{"text":"What does invention of mobile, internet etc. enhance?","answer":"Communication","tip":"","image":{"path":"images\/image-60ebd6c508310.jpg","mime":"image\/jpeg","copyright":{"license":"U"},"width":238,"height":250}},{"text":"Mobile phones or smartphones and handheld PCs, tablets uses a network which is commonly known as","answer":"Cellular\/Cellular network","tip":"<p style=\"text-align: center;\"><strong>A type of network<\/strong><\/p>\n","image":{"path":"images\/image-60ebd93f802e7.jpg","mime":"image\/jpeg","copyright":{"license":"U"},"width":1000,"height":667}}],"progressText":"Card @card of @total","next":"Next","previous":"Previous","checkAnswerText":"Check","showSolutionsRequiresInput":true,"defaultAnswerText":"Your answer","correctAnswerText":"Correct","incorrectAnswerText":"Incorrect","showSolutionText":"Correct answer","results":"Results","ofCorrect":"@score of @total correct","showResults":"Show results","answerShortText":"A:","retry":"Retry","caseSensitive":false,"cardAnnouncement":"Incorrect answer. Correct answer was @answer","pageAnnouncement":"Page @current of @total","description":"Answer in words","correctAnswerAnnouncement":"@answer is correct.","randomCards":false}