{"mode":"repetition","description":"<p style=\"text-align: center;\"><strong>Analyse the cards carefully and try to guess the correct answers.<\/strong><\/p>\n","dialogs":[{"tips":{},"text":"<p style=\"text-align: center;\"><strong>Is tiger herbivore? Yes or No?<\/strong><\/p>\n","answer":"<p style=\"text-align: center;\"><strong>No<\/strong><\/p>\n","image":{"path":"images\/image-60dd72098de3f.jpg","mime":"image\/jpeg","copyright":{"license":"U"},"width":626,"height":626},"audio":[{"path":"audios\/audio-60fa80308de0e.mp3","mime":"audio\/mpeg","copyright":{"license":"U"}}]},{"tips":{},"text":"<p style=\"text-align: center;\"><strong>Buffalo is a carnivorous animal. True or False?<\/strong><\/p>\n","answer":"<p style=\"text-align: center;\"><strong>False<\/strong><\/p>\n","audio":[{"path":"audios\/audio-60dd72e6a9061.mp3","mime":"audio\/mpeg","copyright":{"license":"U"}}],"image":{"path":"images\/image-60dd7bc9b9cee.jpg","mime":"image\/jpeg","copyright":{"license":"U"},"width":626,"height":600}},{"tips":{},"text":"<p style=\"text-align: center;\"><strong>Vulture is a herbivore. True or False?<\/strong><\/p>\n","answer":"<p style=\"text-align: center;\"><strong>False<\/strong><\/p>\n","image":{"path":"images\/image-60dd73bb4c531.jpg","mime":"image\/jpeg","copyright":{"license":"U"},"width":626,"height":626},"audio":[{"path":"audios\/audio-60fa80b38bef0.mp3","mime":"audio\/mpeg","copyright":{"license":"U"}}]},{"tips":{},"text":"<p style=\"text-align: center;\"><strong>Humans eat both plants and flesh. True or False?<\/strong><\/p>\n","answer":"<p style=\"text-align: center;\"><strong>True<\/strong><\/p>\n","image":{"path":"images\/image-60dd744c192eb.jpg","mime":"image\/jpeg","copyright":{"license":"U"},"width":338,"height":338},"audio":[{"path":"audios\/audio-60dd74611c4ee.mp3","mime":"audio\/mpeg","copyright":{"license":"U"}}]},{"tips":{},"text":"<p style=\"text-align: center;\"><strong>Is dog omnivorous? Yes or No?<\/strong><\/p>\n","answer":"<p style=\"text-align: center;\"><strong>Yes<\/strong><\/p>\n","audio":[{"path":"audios\/audio-60dde62b7a6fc.mp3","mime":"audio\/mpeg","copyright":{"license":"U"}}],"image":{"path":"images\/image-60dea0cb18e0b.jpg","mime":"image\/jpeg","copyright":{"license":"U"},"width":500,"height":341}},{"tips":{},"text":"<p style=\"text-align: center;\"><strong>Am I herbivorous animal? Yes or No?<\/strong><\/p>\n","answer":"<p style=\"text-align: center;\"><strong>Yes<\/strong><\/p>\n","image":{"path":"images\/image-60dd761f2d731.jpg","mime":"image\/jpeg","copyright":{"license":"U"},"width":626,"height":702},"audio":[{"path":"audios\/audio-60dde69e8f30b.mp3","mime":"audio\/mpeg","copyright":{"license":"U"}}]},{"tips":{},"text":"<p style=\"text-align: center;\"><strong>Am I omnivorous or carnivorous?&nbsp;<\/strong><\/p>\n","answer":"<p style=\"text-align: center;\"><strong>Omnivorous<\/strong><\/p>\n","image":{"path":"images\/image-60dd7711dd53f.jpg","mime":"image\/jpeg","copyright":{"license":"U"},"width":338,"height":338},"audio":[{"path":"audios\/audio-60dd773712d2c.mp3","mime":"audio\/mpeg","copyright":{"license":"U"}}]},{"tips":{},"text":"<p style=\"text-align: center;\"><strong>Who am I: herbivorous or omnivorous?<\/strong><\/p>\n","answer":"<p style=\"text-align: center;\"><strong>Herbivorous<\/strong><\/p>\n","image":{"path":"images\/image-60dd77bb5718d.jpg","mime":"image\/jpeg","copyright":{"license":"U"},"width":626,"height":684},"audio":[{"path":"audios\/audio-60dde924f41d1.mp3","mime":"audio\/mpeg","copyright":{"license":"U"}}]},{"tips":{},"text":"<p style=\"text-align: center;\"><strong>Cow is an omnivorous animal. True or False?<\/strong><\/p>\n","answer":"<p style=\"text-align: center;\"><strong>False<\/strong><\/p>\n","image":{"path":"images\/image-60dd792dbd912.jpg","mime":"image\/jpeg","copyright":{"license":"U"},"width":626,"height":375},"audio":[{"path":"audios\/audio-60dde7a5781fb.mp3","mime":"audio\/mpeg","copyright":{"license":"U"}}]},{"tips":{},"text":"<p style=\"text-align: center;\"><strong>I am a sheep. Am I omnivorous or herbivorous?<\/strong><\/p>\n","answer":"<p style=\"text-align: center;\"><strong>Herbivorous<\/strong><\/p>\n","image":{"path":"images\/image-60dd7a6318945.jpg","mime":"image\/jpeg","copyright":{"license":"U"},"width":319,"height":240},"audio":[{"path":"audios\/audio-60dde5a1a3566.mp3","mime":"audio\/mpeg","copyright":{"license":"U"}}]}],"behaviour":{"enableRetry":true,"disableBackwardsNavigation":false,"scaleTextNotCard":false,"randomCards":false,"maxProficiency":5,"quickProgression":false},"answer":"Turn","next":"Next","prev":"Previous","retry":"Retry","correctAnswer":"I got it right!","incorrectAnswer":"I got it wrong","round":"Round @round","cardsLeft":"Cards left: @number","nextRound":"Proceed to round @round","startOver":"Start over","showSummary":"Next","summary":"Summary","summaryCardsRight":"Cards you got right:","summaryCardsWrong":"Cards you got wrong:","summaryCardsNotShown":"Cards in pool not shown:","summaryOverallScore":"Overall Score","summaryCardsCompleted":"Cards you have completed learning:","summaryCompletedRounds":"Completed rounds:","summaryAllDone":"Well done! You got all @cards cards correct @max times in a row!","progressText":"Card @card of @total","cardFrontLabel":"Card front","cardBackLabel":"Card back","tipButtonLabel":"Show tip","audioNotSupported":"Your browser does not support this audio","confirmStartingOver":{"header":"Start over?","body":"All progress will be lost. Are you sure you want to start over?","cancelLabel":"Cancel","confirmLabel":"Start over"},"title":"<p style=\"text-align: center;\"><strong>Animals and Its Types<\/strong><\/p>\n"}