{"mode":"repetition","description":"<p style=\"text-align: center;\"><strong>Guess the answer by calculation<\/strong><\/p>\n","dialogs":[{"tips":{},"text":"<p style=\"text-align: center;\"><strong>What is number conversion?<\/strong><\/p>\n","answer":"<p style=\"text-align: center;\"><strong>Converting number from one number system to another is called number conversion.<\/strong><\/p>\n","image":{"path":"images\/image-60ef028f84f65.jpg","mime":"image\/jpeg","copyright":{"license":"U"},"width":1000,"height":805}},{"tips":{},"text":"<p style=\"text-align: center;\"><strong>What are the step to convert from binary to octal?<\/strong><\/p>\n","answer":"<p style=\"text-align: center;\"><strong>1. Make a group of three digits from right to left.<br>\n2. See in the table of octal equivalent binary.<br>\n3. Add zero to the left most side if there are less number of digits than three.<\/strong><\/p>\n","image":{"path":"images\/image-60ef03016b6fb.jpg","mime":"image\/jpeg","copyright":{"license":"U"},"width":3200,"height":2400}},{"tips":{},"text":"<p style=\"text-align: center;\"><strong>How to convert binary to hexa decimal?<\/strong><\/p>\n","answer":"<p style=\"text-align: center;\"><strong>1. Make a group of four digits from right to left.<br>\n2. See in the hexadecimal equivalent binary table.<\/strong><\/p>\n","image":{"path":"images\/image-60ef032ac95e6.jpg","mime":"image\/jpeg","copyright":{"license":"U"},"width":3200,"height":2400}},{"tips":{},"text":"<p style=\"text-align: center;\"><strong>Convert decimal to binary?<\/strong><\/p>\n","answer":"<p style=\"text-align: center;\"><strong>1. Divide the number by 2 each time.<br>\n2. Write the remainder (0 or 1).<br>\n3. Arrange remainder bottom to top.<\/strong><\/p>\n","image":{"path":"images\/image-60ef02d95d409.jpg","mime":"image\/jpeg","copyright":{"license":"U"},"width":715,"height":402}},{"tips":{},"answer":"<p style=\"text-align: center;\"><strong>1. Plot the octal number in table.<br>\n&nbsp;2. See the octal equivalent binary table.<\/strong><\/p>\n","text":"<p style=\"text-align: center;\"><strong>How do you convert octal to binary?<\/strong><\/p>\n","image":{"path":"images\/image-6102b96ea0a16.jpg","mime":"image\/jpeg","copyright":{"license":"U"},"width":1280,"height":720}},{"tips":{},"text":"<p style=\"text-align: center;\"><strong>How do you do you convert binary to hexa decimal..&nbsp; \\( (1101)_{2} = (?)_{10} \\) ?<\/strong><\/p>\n","answer":"<p style=\"text-align: center;\"><strong>Step 1 : \\(1 *&nbsp;(2)^{3}+&nbsp; 1 *(2)^{2}+0 *&nbsp;(2)^{1}+1 *&nbsp;(2)^{0}&nbsp;\\)<\/strong><br>\n<strong>Step2 : \\(1*8+1*4+0*2+1*1=&nbsp;(13)_{10}&nbsp;\\)<\/strong><\/p>\n\n<p style=\"text-align: center;\">&nbsp;<\/p>\n\n<p style=\"text-align: center;\">&nbsp;<\/p>\n","image":{"path":"images\/image-60ef038d970d7.jpg","mime":"image\/jpeg","copyright":{"license":"U"},"width":238,"height":250}},{"tips":{},"text":"<p style=\"text-align: center;\"><strong>Result of \\( (76)_{2} = (?)_{2} \\) is ___<\/strong><\/p>\n","answer":"<p style=\"text-align: center;\"><strong>&nbsp;\\( (111110)_{2}\\)<\/strong><\/p>\n","image":{"path":"images\/image-60ef039747d15.jpg","mime":"image\/jpeg","copyright":{"license":"U"},"width":238,"height":250}},{"tips":{},"text":"<p style=\"text-align: center;\"><strong>What is binary equivalent of \\( (AC)_{16}&nbsp; \\) ?<\/strong><\/p>\n","answer":"<p style=\"text-align: center;\"><strong>\\( (10101100 )_{2}&nbsp; \\)<\/strong><\/p>\n","image":{"path":"images\/image-60ef03a1351a6.jpg","mime":"image\/jpeg","copyright":{"license":"U"},"width":238,"height":250}},{"tips":{},"text":"<p style=\"text-align: center;\"><strong>What is the result of \\( (52)_{10} = (?)_{2} \\)?<\/strong><\/p>\n\n<p style=\"text-align: center;\">&nbsp;<\/p>\n","answer":"<p style=\"text-align: center;\"><strong>\\( (110100 )_{2}&nbsp; \\)<\/strong><\/p>\n","image":{"path":"images\/image-60ef03adaa92d.jpg","mime":"image\/jpeg","copyright":{"license":"U"},"width":238,"height":250}},{"tips":{},"text":"<p style=\"text-align: center;\"><strong>What is result of \\( (1101111)_{2} = (?)_{8} \\)?<\/strong><\/p>\n","answer":"<p style=\"text-align: center;\"><strong>\\( (157)_{8} \\)<\/strong><\/p>\n","image":{"path":"images\/image-60ef03bcb1abf.jpg","mime":"image\/jpeg","copyright":{"license":"U"},"width":238,"height":250}}],"behaviour":{"enableRetry":true,"disableBackwardsNavigation":false,"scaleTextNotCard":false,"randomCards":false,"maxProficiency":5,"quickProgression":false},"answer":"Turn","next":"Next","prev":"Previous","retry":"Retry","correctAnswer":"I got it right!","incorrectAnswer":"I got it wrong","round":"Round @round","cardsLeft":"Cards left: @number","nextRound":"Proceed to round @round","startOver":"Start over","showSummary":"Next","summary":"Summary","summaryCardsRight":"Cards you got right:","summaryCardsWrong":"Cards you got wrong:","summaryCardsNotShown":"Cards in pool not shown:","summaryOverallScore":"Overall Score","summaryCardsCompleted":"Cards you have completed learning:","summaryCompletedRounds":"Completed rounds:","summaryAllDone":"Well done! You got all @cards cards correct @max times in a row!","progressText":"Card @card of @total","cardFrontLabel":"Card front","cardBackLabel":"Card back","tipButtonLabel":"Show tip","audioNotSupported":"Your browser does not support this audio","confirmStartingOver":{"header":"Start over?","body":"All progress will be lost. Are you sure you want to start over?","cancelLabel":"Cancel","confirmLabel":"Start over"},"title":"<p>&nbsp;&nbsp;<\/p>\n"}