{"mode":"repetition","description":"<p style=\"text-align: center;\"><strong>Analyze the images and guess the answer.<\/strong><\/p>\n","dialogs":[{"tips":{},"image":{"path":"images\/image-60e6881c7e8c0.jpg","mime":"image\/jpeg","copyright":{"license":"U"},"width":250,"height":250},"text":"<p style=\"text-align: center;\"><strong>The state of being safe and protected from accidents is called___.<\/strong><\/p>\n","answer":"<p style=\"text-align: center;\"><strong>Safety<\/strong><\/p>\n"},{"tips":{},"image":{"path":"images\/image-60e6889b3229e.jpg","mime":"image\/jpeg","copyright":{"license":"U"},"width":450,"height":336},"text":"<p style=\"text-align: center;\"><strong>Some accidents may occur due to natural disasters. <\/strong><\/p>\n\n<p style=\"text-align: center;\"><strong>True or False?<\/strong><\/p>\n","answer":"<p style=\"text-align: center;\"><strong>True<\/strong><\/p>\n"},{"tips":{},"image":{"path":"images\/image-60e6882a82ecb.jpg","mime":"image\/jpeg","copyright":{"license":"U"},"width":342,"height":240},"text":"<p style=\"text-align: center;\"><strong>The immediate help given to an injured person until medical treatment is available is called____.<\/strong><\/p>\n","answer":"<p style=\"text-align: center;\"><strong>First aid<\/strong><\/p>\n"},{"tips":{},"text":"<p style=\"text-align: center;\"><strong>From where should one always cross the road?<\/strong><\/p>\n","answer":"<p style=\"text-align: center;\"><strong>Zebra crossing<\/strong><\/p>\n","image":{"path":"images\/image-6106a3b9c00bd.png","mime":"image\/png","copyright":{"license":"U"},"width":1000,"height":695}},{"tips":{},"image":{"path":"images\/image-60e688d75610b.jpg","mime":"image\/jpeg","copyright":{"license":"U"},"width":480,"height":270},"text":"<p style=\"text-align: center;\"><strong>We should not push and pull each other on the___.<\/strong><\/p>\n","answer":"<p style=\"text-align: center;\"><strong>Staircase<\/strong><\/p>\n"},{"tips":{},"text":"<p style=\"text-align: center;\"><strong>What is the break or crack in a bone due to an accident called?<\/strong><\/p>\n","answer":"<p style=\"text-align: center;\"><strong>Fracture<\/strong><\/p>\n","image":{"path":"images\/image-6106a379f3df6.png","mime":"image\/png","copyright":{"license":"U"},"width":1000,"height":992}},{"tips":{},"text":"<p style=\"text-align: center;\"><strong>What is the sudden twisting of a joint called?<\/strong><\/p>\n","answer":"<p style=\"text-align: center;\"><strong>Sprain<\/strong><\/p>\n","image":{"path":"images\/image-6106a381e20a9.png","mime":"image\/png","copyright":{"license":"U"},"width":1000,"height":693}},{"tips":{"back":"One of the four-season"},"text":"<p style=\"text-align: center;\"><strong>Nose bleeding is common during ___ season.<\/strong><\/p>\n","answer":"<p style=\"text-align: center;\"><strong>Summer<\/strong><\/p>\n","image":{"path":"images\/image-60f3c24445c56.png","mime":"image\/png","copyright":{"license":"U"},"width":208,"height":242}},{"tips":{},"image":{"path":"images\/image-60e68a32d1393.jpg","mime":"image\/jpeg","copyright":{"license":"U"},"width":800,"height":800},"text":"<p style=\"text-align: center;\"><strong>What should be applied to the nose to stop bleeding?<\/strong><\/p>\n","answer":"<p style=\"text-align: center;\"><strong>Icepack<\/strong><\/p>\n"},{"tips":{},"image":{"path":"images\/image-60e68a515297d.jpg","mime":"image\/jpeg","copyright":{"license":"U"},"width":603,"height":486,"originalImage":{"path":"images\/image-60e68a39bea4a.jpg#tmp","mime":"image\/jpeg","height":612,"width":612}},"text":"<p style=\"text-align: center;\"><strong>First aid is given after taking the victim to the hospital. <\/strong><\/p>\n\n<p style=\"text-align: center;\"><strong>True or False?<\/strong><\/p>\n","answer":"<p style=\"text-align: center;\"><strong>False<\/strong><\/p>\n"}],"behaviour":{"enableRetry":true,"disableBackwardsNavigation":false,"scaleTextNotCard":false,"randomCards":false,"maxProficiency":5,"quickProgression":false},"answer":"Turn","next":"Next","prev":"Previous","retry":"Retry","correctAnswer":"I got it right!","incorrectAnswer":"I got it wrong","round":"Round @round","cardsLeft":"Cards left: @number","nextRound":"Proceed to round @round","startOver":"Start over","showSummary":"Next","summary":"Summary","summaryCardsRight":"Cards you got right:","summaryCardsWrong":"Cards you got wrong:","summaryCardsNotShown":"Cards in pool not shown:","summaryOverallScore":"Overall Score","summaryCardsCompleted":"Cards you have completed learning:","summaryCompletedRounds":"Completed rounds:","summaryAllDone":"Well done! You got all @cards cards correct @max times in a row!","progressText":"Card @card of @total","cardFrontLabel":"Card front","cardBackLabel":"Card back","tipButtonLabel":"Show tip","audioNotSupported":"Your browser does not support this audio","confirmStartingOver":{"header":"Start over?","body":"All progress will be lost. Are you sure you want to start over?","cancelLabel":"Cancel","confirmLabel":"Start over"},"title":"<p style=\"text-align: center;\"><strong>Safety and first aid<\/strong><\/p>\n"}