{"mode":"repetition","description":"<p style=\"text-align: center;\"><strong>Guess the answers.<\/strong><\/p>\n","dialogs":[{"tips":{},"text":"<p style=\"text-align: center;\"><strong>You can choose different formats of date and time. True or False?<\/strong><\/p>\n","answer":"<p style=\"text-align: center;\"><strong>True<\/strong><\/p>\n","image":{"path":"images\/image-60efdac23a63f.jpg","mime":"image\/jpeg","copyright":{"license":"U"},"width":626,"height":617}},{"tips":{},"text":"<p style=\"text-align: center;\"><strong>You need to change the setting on the computer if the date of wrong. True or False?<\/strong><\/p>\n","answer":"<p style=\"text-align: center;\"><strong>True<\/strong><\/p>\n","image":{"path":"images\/image-60efda6c3f86a.png","mime":"image\/png","copyright":{"license":"U"},"width":1000,"height":1080}},{"tips":{},"text":"<p style=\"text-align: center;\"><strong>There are _____ number of symbols  in MS Word.<\/strong><\/p>\n","answer":"<p style=\"text-align: center;\"><strong>20<\/strong><\/p>\n","image":{"path":"images\/image-60efd9ada8dc1.png","mime":"image\/png","copyright":{"license":"U"},"width":427,"height":246,"originalImage":{"path":"images\/image-60efd9a65e4c3.png#tmp","mime":"image\/png","height":250,"width":1200}}},{"tips":{},"text":"<p style=\"text-align: center;\"><strong>You can insert  date and time in your MS Word document. True or False?<\/strong><\/p>\n","answer":"<p style=\"text-align: center;\"><strong>True<\/strong><\/p>\n","image":{"path":"images\/image-60efd9576a338.png","mime":"image\/png","copyright":{"license":"U"},"width":377,"height":242,"originalImage":{"path":"images\/image-60efd94f483ef.png#tmp","mime":"image\/png","height":250,"width":1300}}},{"tips":{},"text":"<p style=\"text-align: center;\"><strong>The date inserted in MS Word does not depend on date of your computer. True or False?<\/strong><\/p>\n","answer":"<p style=\"text-align: center;\"><strong>False<\/strong><\/p>\n","image":{"path":"images\/image-60efd9051d756.png","mime":"image\/png","copyright":{"license":"U"},"width":200,"height":200}},{"tips":{},"text":"<p style=\"text-align: center;\"><strong>You can include symbols and international characters into your documents. True or False?<\/strong><\/p>\n","answer":"<p style=\"text-align: center;\"><strong>True<\/strong><\/p>\n","image":{"path":"images\/image-60efd8c3dc43b.jpg","mime":"image\/jpeg","copyright":{"license":"U"},"width":238,"height":250}},{"tips":{},"text":"<p style=\"text-align: center;\"><strong>List steps for inserting Special Symbols Or Characters.<\/strong><\/p>\n","answer":"<p style=\"text-align: center;\"><strong>1. Click on the Insert tab.<br>\n2. Click where you want the symbol to appear.<br>\n3. Within the Symbols group, click on the Symbol button, 20 symbols appear.<br>\n4. Select on the symbol you want to insert.<br>\n5. Click on Insert button then click on cancel button<\/strong><\/p>\n","image":{"path":"images\/image-60efd828670fd.jpg","mime":"image\/jpeg","copyright":{"license":"U"},"width":626,"height":516}},{"tips":{},"text":"<p style=\"text-align: center;\"><strong>What is the shortcut key for inserting Time?<\/strong><\/p>\n","answer":"<p style=\"text-align: center;\"><strong>ALT + SHIFT + T<\/strong><\/p>\n","image":{"path":"images\/image-60efd792025a5.jpg","mime":"image\/jpeg","copyright":{"license":"U"},"width":600,"height":600}},{"tips":{},"text":"<p style=\"text-align: center;\"><strong>What is the shortcut key for inserting Date?<\/strong><\/p>\n","answer":"<p style=\"text-align: center;\"><strong>ALT + SHIFT + D<\/strong><\/p>\n","image":{"path":"images\/image-60efd75787457.png","mime":"image\/png","copyright":{"license":"U"},"width":600,"height":600}},{"tips":{},"text":"<p style=\"text-align: center;\"><strong>Mention steps for inserting inserting the date and time in MS Word.<\/strong><\/p>\n","answer":"<p style=\"text-align: center;\"><strong>1. Click on the Insert tab.<\/strong><\/p>\n\n<p style=\"text-align: center;\"><strong>2. Click where you want the date and time to appear. <\/strong><\/p>\n\n<p style=\"text-align: center;\"><strong>3. Within the Text group, click on the Date &amp; Time button. <\/strong><\/p>\n\n<p style=\"text-align: center;\"><strong>4. Select the format you prefer. <\/strong><\/p>\n\n<p style=\"text-align: center;\"><strong>5. Click OK<\/strong><\/p>\n","image":{"path":"images\/image-60efd6e904fde.png","mime":"image\/png","copyright":{"license":"U"},"width":200,"height":200}}],"behaviour":{"enableRetry":true,"disableBackwardsNavigation":false,"scaleTextNotCard":false,"randomCards":false,"maxProficiency":5,"quickProgression":false},"answer":"Turn","next":"Next","prev":"Previous","retry":"Retry","correctAnswer":"I got it right!","incorrectAnswer":"I got it wrong","round":"Round @round","cardsLeft":"Cards left: @number","nextRound":"Proceed to round @round","startOver":"Start over","showSummary":"Next","summary":"Summary","summaryCardsRight":"Cards you got right:","summaryCardsWrong":"Cards you got wrong:","summaryCardsNotShown":"Cards in pool not shown:","summaryOverallScore":"Overall Score","summaryCardsCompleted":"Cards you have completed learning:","summaryCompletedRounds":"Completed rounds:","summaryAllDone":"Well done! You got all @cards cards correct @max times in a row!","progressText":"Card @card of @total","cardFrontLabel":"Card front","cardBackLabel":"Card back","tipButtonLabel":"Show tip","audioNotSupported":"Your browser does not support this audio","confirmStartingOver":{"header":"Start over?","body":"All progress will be lost. Are you sure you want to start over?","cancelLabel":"Cancel","confirmLabel":"Start over"},"title":"<p>&nbsp;&nbsp;<\/p>\n"}