{"mode":"repetition","description":"<p style=\"text-align: center;\"><strong>Read the questions carefully and guess the answer.<\/strong><\/p>\n","dialogs":[{"tips":{},"text":"<p style=\"text-align: center;\"><strong>What is the act of moving different parts of the body called?<\/strong><\/p>\n","answer":"<p style=\"text-align: center;\"><strong>Physical training<\/strong><\/p>\n","image":{"path":"images\/image-6106c53925e51.png","mime":"image\/png","copyright":{"license":"U"},"width":1000,"height":1000}},{"tips":{},"text":"<p style=\"text-align: center;\"><strong>How often should we perform physical training?<\/strong><\/p>\n","answer":"<p style=\"text-align: center;\"><strong>Daily<\/strong><\/p>\n","image":{"path":"images\/image-60e6eff121f09.jpg","mime":"image\/jpeg","copyright":{"license":"U"},"width":575,"height":391,"originalImage":{"path":"images\/image-60e6ec65154e4.jpg","mime":"image\/jpeg","height":404,"width":647}}},{"tips":{},"text":"<p style=\"text-align: center;\"><strong>Up to which number should we count while doing physical training?<\/strong><\/p>\n","answer":"<p style=\"text-align: center;\"><strong>16<\/strong><\/p>\n","image":{"path":"images\/image-60e6ec4f58d1d.jpg","mime":"image\/jpeg","copyright":{"license":"U"},"width":973,"height":380}},{"tips":{},"text":"<p style=\"text-align: center;\"><strong>What should we do before performing physical exercise?<\/strong><\/p>\n","answer":"<p style=\"text-align: center;\"><strong>Warm-up exercise<\/strong><\/p>\n","image":{"path":"images\/image-60e6ec40805d6.jpg","mime":"image\/jpeg","copyright":{"license":"U"},"width":238,"height":250}},{"tips":{},"text":"<p style=\"text-align: center;\"><strong>Physical training makes our body strong, fit, and healthy. <\/strong><\/p>\n\n<p style=\"text-align: center;\"><strong>True or False?<\/strong><\/p>\n","answer":"<p style=\"text-align: center;\"><strong>True<\/strong><\/p>\n","image":{"path":"images\/image-60e6ec1572dd2.jpg","mime":"image\/jpeg","copyright":{"license":"U"},"width":2400,"height":1733}},{"tips":{},"text":"<p style=\"text-align: center;\"><strong>Name the physical training shown in the picture.<\/strong><\/p>\n","answer":"<p style=\"text-align: center;\"><strong>Exercise of hands<\/strong><\/p>\n","image":{"path":"images\/image-60e6ec0157cc4.jpg","mime":"image\/jpeg","copyright":{"license":"U"},"width":942,"height":382}},{"tips":{},"text":"<p style=\"text-align: center;\"><strong>Identify the physical training shown in the picture.<\/strong><\/p>\n","answer":"<p style=\"text-align: center;\"><strong>Physical training for the heel of the foot<\/strong><\/p>\n","image":{"path":"images\/image-60e6ebceda956.JPG","mime":"image\/jpeg","copyright":{"license":"U"},"width":986,"height":404}},{"tips":{},"text":"<p style=\"text-align: center;\"><strong>Which physical training is the boy performing in the picture?<\/strong><\/p>\n","answer":"<p style=\"text-align: center;\"><strong>Exercise of backbone and waist<\/strong><\/p>\n","image":{"path":"images\/image-60e6eb17450a9.jpg","mime":"image\/jpeg","copyright":{"license":"U"},"width":1066,"height":385}},{"tips":{},"text":"<p style=\"text-align: center;\"><strong>In physical training, we perform only the exercise of hands. <\/strong><\/p>\n\n<p style=\"text-align: center;\"><strong>True or False?<\/strong><\/p>\n","answer":"<p style=\"text-align: center;\"><strong>False<\/strong><\/p>\n","image":{"path":"images\/image-60e6edae2b5b8.jpg","mime":"image\/jpeg","copyright":{"license":"U"},"width":801,"height":256}},{"tips":{},"text":"<p style=\"text-align: center;\"><strong>Name the physical training shown in the picture.<\/strong><\/p>\n","answer":"<p style=\"text-align: center;\"><strong>Exercise of waist<\/strong><\/p>\n","image":{"path":"images\/image-6106c608aad22.png","mime":"image\/png","copyright":{"license":"U"},"width":612,"height":435}}],"behaviour":{"enableRetry":true,"disableBackwardsNavigation":false,"scaleTextNotCard":false,"randomCards":false,"maxProficiency":5,"quickProgression":false},"answer":"Turn","next":"Next","prev":"Previous","retry":"Retry","correctAnswer":"I got it right!","incorrectAnswer":"I got it wrong","round":"Round @round","cardsLeft":"Cards left: @number","nextRound":"Proceed to round @round","startOver":"Start over","showSummary":"Next","summary":"Summary","summaryCardsRight":"Cards you got right:","summaryCardsWrong":"Cards you got wrong:","summaryCardsNotShown":"Cards in pool not shown:","summaryOverallScore":"Overall Score","summaryCardsCompleted":"Cards you have completed learning:","summaryCompletedRounds":"Completed rounds:","summaryAllDone":"Well done! You got all @cards cards correct @max times in a row!","progressText":"Card @card of @total","cardFrontLabel":"Card front","cardBackLabel":"Card back","tipButtonLabel":"Show tip","audioNotSupported":"Your browser does not support this audio","confirmStartingOver":{"header":"Start over?","body":"All progress will be lost. Are you sure you want to start over?","cancelLabel":"Cancel","confirmLabel":"Start over"},"title":"<p style=\"text-align: center;\"><strong>Physical training<\/strong><\/p>\n"}