{"mode":"repetition","description":"<p style=\"text-align: center;\"><strong>Read the questions and guess the answer.<\/strong><\/p>\n","dialogs":[{"tips":{},"text":"<p style=\"text-align: center;\"><strong>What are basic skills of physical exercise?<\/strong><\/p>\n","answer":"<p style=\"text-align: center;\"><strong>Moving and static skills<\/strong><\/p>\n","audio":[{"path":"audios\/audio-60e290deec2ab.mp3","mime":"audio\/mpeg","copyright":{"license":"U"}}],"image":{"path":"images\/image-60e3295698c74.jpg","mime":"image\/jpeg","copyright":{"license":"U"},"width":302,"height":512},"imageAltText":"moving"},{"tips":{},"text":"<p style=\"text-align: center;\"><strong>Identify the basic skill shown in the picture.<\/strong><\/p>\n","answer":"<p style=\"text-align: center;\"><strong>Walking in a pair<\/strong><\/p>\n","audio":[{"path":"audios\/audio-60e29145e7de9.mp3","mime":"audio\/mpeg","copyright":{"license":"U"}}],"imageAltText":"walking in pair","image":{"path":"images\/image-60e824f7c0b93.png","mime":"image\/png","copyright":{"license":"U"},"width":860,"height":880}},{"tips":{},"text":"<p style=\"text-align: center;\"><strong>What does exercise help to make our body?<\/strong><\/p>\n","answer":"<p style=\"text-align: center;\"><strong>Fit, active and healthy<\/strong><\/p>\n","image":{"path":"images\/image-60e3296e54627.jpg","mime":"image\/jpeg","copyright":{"license":"U"},"width":427,"height":240},"imageAltText":"exercise","audio":[{"path":"audios\/audio-60e5e2e42bab8.mp3","mime":"audio\/mpeg","copyright":{"license":"U"}}]},{"tips":{},"text":"<p style=\"text-align: center;\"><strong>What is the boy doing in the picture?<\/strong><\/p>\n","answer":"<p style=\"text-align: center;\"><strong>Walking<\/strong><\/p>\n","audio":[{"path":"audios\/audio-60e291d9d99b8.mp3","mime":"audio\/mpeg","copyright":{"license":"U"}}],"imageAltText":"walking","image":{"path":"images\/image-60e660c322e9e.jpg","mime":"image\/jpeg","copyright":{"license":"U"},"width":1000,"height":1080}},{"tips":{},"text":"<p style=\"text-align: center;\"><strong>What is the exercise that we do on water?<\/strong><\/p>\n","answer":"<p style=\"text-align: center;\"><strong>Swimming<\/strong><\/p>\n","imageAltText":"swimming","audio":[{"path":"audios\/audio-60e5e2568fdc8.mp3","mime":"audio\/mpeg","copyright":{"license":"U"}}],"image":{"path":"images\/image-60e660903efad.jpg","mime":"image\/jpeg","copyright":{"license":"U"},"width":913,"height":560}},{"tips":{},"text":"<p style=\"text-align: center;\"><strong>Identify the basic skill shown in the picture.<\/strong><\/p>\n","answer":"<p style=\"text-align: center;\"><strong>Running<\/strong><\/p>\n","audio":[{"path":"audios\/audio-60e2926c40c0b.mp3","mime":"audio\/mpeg","copyright":{"license":"U"}}],"imageAltText":"running","image":{"path":"images\/image-655cdc3c89122.jpg","mime":"image\/jpeg","copyright":{"license":"U"},"width":452,"height":889}},{"tips":{},"text":"<p style=\"text-align: center;\"><strong>Which exercise is most common?<\/strong><\/p>\n","answer":"<p style=\"text-align: center;\"><strong>Walking<\/strong><\/p>\n","audio":[{"path":"audios\/audio-60e292d028e73.mp3","mime":"audio\/mpeg","copyright":{"license":"U"}}],"imageAltText":"walking","image":{"path":"images\/image-60f4d151b5412.png","mime":"image\/png","copyright":{"license":"U"},"width":920,"height":800}},{"tips":{},"text":"<p style=\"text-align: center;\"><strong>Climbing and bending are also basic skills of physical exercise. Yes or No?<\/strong><\/p>\n","answer":"<p style=\"text-align: center;\"><strong>Yes<\/strong><\/p>\n","audio":[{"path":"audios\/audio-60e293900b896.mp3","mime":"audio\/mpeg","copyright":{"license":"U"}}],"image":{"path":"images\/image-60e329be59be5.jpg","mime":"image\/jpeg","copyright":{"license":"U"},"width":1620,"height":1080},"imageAltText":"climb bend"},{"tips":{},"text":"<p style=\"text-align: center;\"><strong>What is the girl doing in the picture?<\/strong><\/p>\n","answer":"<p style=\"text-align: center;\"><strong>Jumping<\/strong><\/p>\n","image":{"path":"images\/image-60e329d3cd6b8.jpg","mime":"image\/jpeg","copyright":{"license":"U"},"width":626,"height":626},"imageAltText":"jumping","audio":[{"path":"audios\/audio-60e32aaf0133c.mp3","mime":"audio\/mpeg","copyright":{"license":"U"}}]},{"tips":{},"text":"<p style=\"text-align: center;\"><strong>Although hanging is a physical exercise, we should follow safety measures while hanging. True or False?<\/strong><\/p>\n","answer":"<p style=\"text-align: center;\"><strong>True<\/strong><\/p>\n","audio":[{"path":"audios\/audio-60e29448904be.mp3","mime":"audio\/mpeg","copyright":{"license":"U"}}],"image":{"path":"images\/image-60e329e53832a.jpg","mime":"image\/jpeg","copyright":{"license":"U"},"width":238,"height":250},"imageAltText":"hanging"}],"behaviour":{"enableRetry":true,"disableBackwardsNavigation":false,"scaleTextNotCard":false,"randomCards":false,"maxProficiency":5,"quickProgression":false},"answer":"Turn","next":"Next","prev":"Previous","retry":"Retry","correctAnswer":"I got it right!","incorrectAnswer":"I got it wrong","round":"Round @round","cardsLeft":"Cards left: @number","nextRound":"Proceed to round @round","startOver":"Start over","showSummary":"Next","summary":"Summary","summaryCardsRight":"Cards you got right:","summaryCardsWrong":"Cards you got wrong:","summaryCardsNotShown":"Cards in pool not shown:","summaryOverallScore":"Overall Score","summaryCardsCompleted":"Cards you have completed learning:","summaryCompletedRounds":"Completed rounds:","summaryAllDone":"Well done! You got all @cards cards correct @max times in a row!","progressText":"Card @card of @total","cardFrontLabel":"Card front","cardBackLabel":"Card back","tipButtonLabel":"Show tip","audioNotSupported":"Your browser does not support this audio","confirmStartingOver":{"header":"Start over?","body":"All progress will be lost. Are you sure you want to start over?","cancelLabel":"Cancel","confirmLabel":"Start over"},"title":"<p style=\"text-align: center;\"><strong>Basic skills of physical exercise<\/strong><\/p>\n"}