{"mode":"repetition","description":"<p style=\"text-align: center;\"><strong>Do you know this?<\/strong><\/p>\n","dialogs":[{"tips":{},"text":"<p style=\"text-align: center;\"><strong>What are palettes?<\/strong><\/p>\n","answer":"<p style=\"text-align: center;\"><strong>Palettes  are groups of tools used to edit and manipulate your image.<\/strong><\/p>\n","image":{"path":"images\/image-60ed9e87e7edb.gif","mime":"image\/gif","copyright":{"license":"U"},"width":220,"height":157}},{"tips":{},"text":"<p style=\"text-align: center;\"><strong>What to do if palettes are not visible?<\/strong><\/p>\n","answer":"<p style=\"text-align: center;\"><strong>If none of the palettes are visible, go to Window in the Menu bar and choose palettes you need to work with.<\/strong><\/p>\n","image":{"path":"images\/image-60ed9f9481402.jpg","mime":"image\/jpeg","copyright":{"license":"U"},"width":643,"height":283}},{"tips":{},"answer":"<p style=\"text-align: center;\"><strong>The Navigator palette allows you to resize and move around within the image.<\/strong><\/p>\n","text":"<p style=\"text-align: center;\"><strong>What can you do with navigator palette?<\/strong><\/p>\n","image":{"path":"images\/image-60ed9fbe7e55b.jpg","mime":"image\/jpeg","copyright":{"license":"U"},"width":590,"height":275}},{"tips":{},"text":"<p style=\"text-align: center;\"><strong>How do you add a foreground or background colour to library?<\/strong><\/p>\n","answer":"<p style=\"text-align: center;\"><strong>Use swatches palette.<\/strong><\/p>\n","image":{"path":"images\/image-60ed9ff7eae9a.png","mime":"image\/png","copyright":{"license":"U"},"width":400,"height":405}},{"tips":{},"text":"<p style=\"text-align: center;\"><strong>What does a menu bar contain?<\/strong><\/p>\n","answer":"<p style=\"text-align: center;\"><strong>It contains main functions of Photoshop, such as :File, Edit, Image, Layer, Select, Filter, View, Window, and Help.<\/strong><\/p>\n","image":{"path":"images\/image-60eda06a0bb2e.PNG","mime":"image\/png","copyright":{"license":"U"},"width":525,"height":115}},{"tips":{},"text":"<p style=\"text-align: center;\"><strong>Where are the major tools located?<\/strong><\/p>\n","answer":"<p style=\"text-align: center;\"><strong>In a tool bar.<\/strong><\/p>\n","image":{"path":"images\/image-60eda0daa9466.png","mime":"image\/png","copyright":{"license":"U"},"width":396,"height":238}},{"tips":{},"answer":"<p style=\"text-align: center;\"><strong>You can use the styles in the palette or add your own using the create new style icon.<\/strong><\/p>\n","text":"<p style=\"text-align: center;\"><strong>Where is styles and what can it do?<\/strong><\/p>\n","image":{"path":"images\/image-60eda291740ef.jpg","mime":"image\/jpeg","copyright":{"license":"U"},"width":819,"height":413}},{"tips":{},"text":"<p style=\"text-align: center;\"><strong>Where is image name seen?<\/strong><\/p>\n","answer":"<p style=\"text-align: center;\"><strong>The name of any image that you open will be at the top of the image window.<\/strong><\/p>\n","image":{"path":"images\/image-60eda15445cd5.png","mime":"image\/png","copyright":{"license":"U"},"width":583,"height":283}},{"tips":{},"text":"<p style=\"text-align: center;\"><strong>Where are your work recorded so you can move back to previous state?<\/strong><\/p>\n","answer":"<p style=\"text-align: center;\"><strong>In history bar.<\/strong><\/p>\n","image":{"path":"images\/image-60eda18669a9c.jpg","mime":"image\/jpeg","copyright":{"license":"U"},"width":800,"height":450}},{"tips":{},"text":"<p style=\"text-align: center;\"><strong>On which inteface is the image loaded?<\/strong><\/p>\n","answer":"<p style=\"text-align: center;\"><strong>The image will appear in its own window once you open a file.<\/strong><\/p>\n","image":{"path":"images\/image-60eda1f7b4115.jpg","mime":"image\/jpeg","copyright":{"license":"U"},"width":701,"height":398}}],"behaviour":{"enableRetry":true,"disableBackwardsNavigation":false,"scaleTextNotCard":false,"randomCards":false,"maxProficiency":5,"quickProgression":false},"answer":"Turn","next":"Next","prev":"Previous","retry":"Retry","correctAnswer":"I got it right!","incorrectAnswer":"I got it wrong","round":"Round @round","cardsLeft":"Cards left: @number","nextRound":"Proceed to round @round","startOver":"Start over","showSummary":"Next","summary":"Summary","summaryCardsRight":"Cards you got right:","summaryCardsWrong":"Cards you got wrong:","summaryCardsNotShown":"Cards in pool not shown:","summaryOverallScore":"Overall Score","summaryCardsCompleted":"Cards you have completed learning:","summaryCompletedRounds":"Completed rounds:","summaryAllDone":"Well done! You got all @cards cards correct @max times in a row!","progressText":"Card @card of @total","cardFrontLabel":"Card front","cardBackLabel":"Card back","tipButtonLabel":"Show tip","audioNotSupported":"Your browser does not support this audio","confirmStartingOver":{"header":"Start over?","body":"All progress will be lost. Are you sure you want to start over?","cancelLabel":"Cancel","confirmLabel":"Start over"},"title":"<p style=\"text-align: center;\"><strong>Adobe photoshop interface and palletes<\/strong><\/p>\n"}