{"mode":"repetition","description":"<p style=\"text-align: center;\"><strong>(Read the Dialog Cards and flip to reveal the answers)<\/strong><\/p>\n","dialogs":[{"tips":{},"image":{"path":"images\/image-60eb1b30b92a7.png","mime":"image\/png","copyright":{"license":"U"},"width":1400,"height":600},"text":"<p style=\"text-align: center;\"><strong>Classification of Software are:<\/strong><\/p>\n","answer":"<p style=\"text-align: center;\"><strong>1. System Software<\/strong><\/p>\n\n<p style=\"text-align: center;\"><strong>2. Application Software<\/strong><\/p>\n"},{"tips":{},"text":"<p style=\"text-align: center;\"><strong>The 4 main types of System Software are:<\/strong><\/p>\n","answer":"<p style=\"text-align: center;\"><strong>1. Operating system software (OS)<\/strong><\/p>\n\n<p style=\"text-align: center;\"><strong>2. Language processor<\/strong><\/p>\n\n<p style=\"text-align: center;\"><strong>3. Device driver <\/strong><\/p>\n\n<p style=\"text-align: center;\"><strong>4. Utility software<\/strong><\/p>\n","image":{"path":"images\/image-60eb1bcada0ef.png","mime":"image\/png","copyright":{"license":"U"},"width":328,"height":245}},{"tips":{},"text":"<p style=\"text-align: center;\"><strong>This software controls &amp; coordinates overall functions of a computer system <\/strong><\/p>\n\n<p style=\"text-align: center;\"><strong>&amp; acts as an interface between the software and the hardware.<\/strong><\/p>\n","answer":"<p style=\"text-align: center;\"><strong>Operating System (OS)<\/strong><\/p>\n","image":{"path":"images\/image-60eb1c0d1be7a.png","mime":"image\/png","copyright":{"license":"U"},"width":1600,"height":1067}},{"tips":{},"text":"<p style=\"text-align: center;\"><strong>It is a special type of a computer software that has<\/strong><\/p>\n\n<p style=\"text-align: center;\"><strong>the capacity to translate the source code or program codes into <\/strong><\/p>\n\n<p style=\"text-align: center;\"><strong>machine codes.<\/strong><\/p>\n","answer":"<p style=\"text-align: center;\"><strong>A language processor<\/strong><\/p>\n","image":{"path":"images\/image-60eb1c6508cbf.png","mime":"image\/png","copyright":{"license":"U"},"width":400,"height":394}},{"tips":{},"text":"<p style=\"text-align: center;\"><strong>The 3 main Types of Language Processor (LP) are:<\/strong><br>\n&nbsp;<\/p>\n","answer":"<p style=\"text-align: center;\"><strong>1. Interpreter<\/strong><\/p>\n\n<p style=\"text-align: center;\"><strong>2. Compiler<\/strong><\/p>\n\n<p style=\"text-align: center;\"><strong>3. Assembler<\/strong><\/p>\n","image":{"path":"images\/image-60eb1d6f2d8b0.png","mime":"image\/png","copyright":{"license":"U"},"width":900,"height":490}},{"tips":{},"text":"<p style=\"text-align: center;\"><strong>A software that is designed to satisfy a particular need of users.<\/strong><\/p>\n","answer":"<p style=\"text-align: center;\"><strong>Application Software<\/strong><\/p>\n","image":{"path":"images\/image-60eb1dfb26b99.jpg","mime":"image\/jpeg","copyright":{"license":"U"},"width":1450,"height":864}},{"tips":{},"text":"<p style=\"text-align: center;\"><strong>A software that is custom designed to address the user's need &amp; <\/strong><\/p>\n\n<p style=\"text-align: center;\"><strong>is developed on the demand of users.<\/strong><\/p>\n","answer":"<p style=\"text-align: center;\"><strong>Customized or Tailored Software<\/strong><\/p>\n","image":{"path":"images\/image-60eb1f0dc7d9c.png","mime":"image\/png","copyright":{"license":"U"},"width":587,"height":385}},{"tips":{},"text":"<p style=\"text-align: center;\"><strong>A small piece of software that tells the <\/strong><\/p>\n\n<p style=\"text-align: center;\"><strong>operating system (OS)&nbsp;how to communicate with a piece of hardware.<\/strong><br>\n&nbsp;<\/p>\n","image":{"path":"images\/image-60eb1ffca135d.png","mime":"image\/png","copyright":{"license":"U"},"width":203,"height":248},"answer":"<p style=\"text-align: center;\"><strong>Device Drivers<\/strong><\/p>\n"},{"tips":{},"text":"<p style=\"text-align: center;\"><strong>A user friendly software which consists of one or more programs created to<\/strong><\/p>\n\n<p style=\"text-align: center;\"><strong>perform a particular type of task.<\/strong><\/p>\n","answer":"<p style=\"text-align: center;\"><strong>Packaged Software<\/strong><\/p>\n","image":{"path":"images\/image-60eb1f7788b81.png","mime":"image\/png","copyright":{"license":"U"},"width":563,"height":266}},{"tips":{},"text":"<p style=\"text-align: center;\"><strong>A ______ is a part of system software that enhances the operations<\/strong><\/p>\n\n<p style=\"text-align: center;\"><strong>of computers or specific programs.<\/strong><\/p>\n","answer":"<p style=\"text-align: center;\"><strong>Utility software<\/strong><\/p>\n","image":{"path":"images\/image-60eb211c9596e.png","mime":"image\/png","copyright":{"license":"U"},"width":850,"height":400}}],"behaviour":{"enableRetry":true,"disableBackwardsNavigation":false,"scaleTextNotCard":false,"randomCards":false,"maxProficiency":5,"quickProgression":false},"answer":"Turn","next":"Next","prev":"Previous","retry":"Retry","correctAnswer":"I got it right!","incorrectAnswer":"I got it wrong","round":"Round @round","cardsLeft":"Cards left: @number","nextRound":"Proceed to round @round","startOver":"Start over","showSummary":"Next","summary":"Summary","summaryCardsRight":"Cards you got right:","summaryCardsWrong":"Cards you got wrong:","summaryCardsNotShown":"Cards in pool not shown:","summaryOverallScore":"Overall Score","summaryCardsCompleted":"Cards you have completed learning:","summaryCompletedRounds":"Completed rounds:","summaryAllDone":"Well done! You got all @cards cards correct @max times in a row!","progressText":"Card @card of @total","cardFrontLabel":"Card front","cardBackLabel":"Card back","tipButtonLabel":"Show tip","audioNotSupported":"Your browser does not support this audio","confirmStartingOver":{"header":"Start over?","body":"All progress will be lost. Are you sure you want to start over?","cancelLabel":"Cancel","confirmLabel":"Start over"},"title":"<p style=\"text-align: center;\"><strong>Computer Software<\/strong><\/p>\n"}