{"content":[{"content":{"params":{"taskDescription":"<p><strong>1. Drag the words into the correct boxes.<\/strong><\/p>\n","overallFeedback":[{"from":0,"to":50,"feedback":"Sorry, it is incorrect."},{"from":51,"to":100,"feedback":"Well done ! It is the correct answer."}],"checkAnswer":"Check","tryAgain":"Retry","showSolution":"Show solution","dropZoneIndex":"Drop Zone @index.","empty":"Drop Zone @index is empty.","contains":"Drop Zone @index contains draggable @draggable.","ariaDraggableIndex":"@index of @count draggables.","tipLabel":"Show tip","correctText":"Correct!","incorrectText":"Incorrect!","resetDropTitle":"Reset drop","resetDropDescription":"Are you sure you want to reset this drop zone?","grabbed":"Draggable is grabbed.","cancelledDragging":"Cancelled dragging.","correctAnswer":"Correct answer:","feedbackHeader":"Feedback","behaviour":{"enableRetry":false,"enableSolutionsButton":true,"enableCheckButton":true,"instantFeedback":false},"scoreBarLabel":"You got :num out of :total points","a11yCheck":"Check the answers. The responses will be marked as correct, incorrect, or unanswered.","a11yShowSolution":"Show the solution. The task will be marked with its correct solution.","a11yRetry":"Retry the task. Reset all responses and start the task over again.","textField":"When *solid\\+Correct! \\-Incorrect!* is heated, it changes into liquid.\nWhen liquid is heated, it changes into *vapour\\+Correct! \\-Incorrect!*.","submitAnswer":"Submit","media":{"disableImageZooming":true,"type":{"params":{"decorative":false,"contentName":"Image","expandImage":"Expand Image","minimizeImage":"Minimize Image","file":{"path":"images\/file-659a38116d828.png","mime":"image\/png","copyright":{"license":"U"},"width":1300,"height":250}},"library":"H5P.Image 1.1","metadata":{"contentType":"Image","license":"U","title":"Untitled Image"},"subContentId":"877d7e33-052c-4091-bba0-192ba7feffa6"}}},"library":"H5P.DragText 1.10","metadata":{"contentType":"Drag the Words","license":"U","title":"Drag Text"},"subContentId":"ce8892a1-83dd-4cdc-89df-0f9fe1c153d0"},"useSeparator":"auto"},{"content":{"params":{"media":{"type":{"params":{"contentName":"Image","decorative":false,"expandImage":"Expand Image","minimizeImage":"Minimize Image","file":{"path":"images\/file-659a381a4f115.png","mime":"image\/png","copyright":{"license":"U"},"width":1300,"height":250}},"library":"H5P.Image 1.1","metadata":{"contentType":"Image","license":"U","title":"Untitled Image"},"subContentId":"eadeb31e-be45-45cc-8132-616b5d37038c"},"disableImageZooming":true},"answers":[{"correct":false,"tipsAndFeedback":{"tip":"","chosenFeedback":"","notChosenFeedback":""},"text":"<div><strong>Moon<\/strong><\/div>\n"},{"correct":true,"tipsAndFeedback":{"tip":"","chosenFeedback":"","notChosenFeedback":""},"text":"<div><strong>Sun<\/strong><\/div>\n"},{"correct":false,"tipsAndFeedback":{"tip":"","chosenFeedback":"","notChosenFeedback":""},"text":"<div><strong>Fire<\/strong><\/div>\n"},{"correct":false,"tipsAndFeedback":{"tip":"","chosenFeedback":"","notChosenFeedback":""},"text":"<div><strong>Water Vapour<\/strong><\/div>\n"}],"overallFeedback":[{"from":0,"to":50,"feedback":"Sorry, it is incorrect."},{"from":51,"to":100,"feedback":"Good work! It is the correct answer."}],"behaviour":{"enableRetry":false,"enableSolutionsButton":true,"enableCheckButton":true,"type":"auto","singlePoint":false,"randomAnswers":true,"showSolutionsRequiresInput":true,"confirmCheckDialog":false,"confirmRetryDialog":false,"autoCheck":false,"passPercentage":100,"showScorePoints":true},"UI":{"checkAnswerButton":"Check","showSolutionButton":"Show solution","tryAgainButton":"Retry","tipsLabel":"Show tip","scoreBarLabel":"You got :num out of :total points","tipAvailable":"Tip available","feedbackAvailable":"Feedback available","readFeedback":"Read feedback","wrongAnswer":"Wrong answer","correctAnswer":"Correct answer","shouldCheck":"Should have been checked","shouldNotCheck":"Should not have been checked","noInput":"Please answer before viewing the solution","a11yCheck":"Check the answers. The responses will be marked as correct, incorrect, or unanswered.","a11yShowSolution":"Show the solution. The task will be marked with its correct solution.","a11yRetry":"Retry the task. Reset all responses and start the task over again.","submitAnswerButton":"Submit"},"confirmCheck":{"header":"Finish ?","body":"Are you sure you wish to finish ?","cancelLabel":"Cancel","confirmLabel":"Finish"},"confirmRetry":{"header":"Retry ?","body":"Are you sure you wish to retry ?","cancelLabel":"Cancel","confirmLabel":"Confirm"},"question":"<p><strong>2. What is the major source of heat energy for the earth?<\/strong><\/p>\n"},"library":"H5P.MultiChoice 1.16","metadata":{"contentType":"Multiple Choice","license":"U","title":"Multiple Choice"},"subContentId":"d8414df9-720b-4f47-9dc8-b6153890c909"},"useSeparator":"auto"},{"content":{"params":{"taskDescription":"<p><strong>3. Drag the words into the correct boxes.<\/strong><\/p>\n","overallFeedback":[{"from":0,"to":50,"feedback":"Sorry, it is incorrect."},{"from":51,"to":100,"feedback":"Awesome ! It is the correct answer."}],"checkAnswer":"Check","tryAgain":"Retry","showSolution":"Show solution","dropZoneIndex":"Drop Zone @index.","empty":"Drop Zone @index is empty.","contains":"Drop Zone @index contains draggable @draggable.","ariaDraggableIndex":"@index of @count draggables.","tipLabel":"Show tip","correctText":"Correct!","incorrectText":"Incorrect!","resetDropTitle":"Reset drop","resetDropDescription":"Are you sure you want to reset this drop zone?","grabbed":"Draggable is grabbed.","cancelledDragging":"Cancelled dragging.","correctAnswer":"Correct answer:","feedbackHeader":"Feedback","behaviour":{"enableRetry":false,"enableSolutionsButton":true,"enableCheckButton":true,"instantFeedback":false},"scoreBarLabel":"You got :num out of :total points","a11yCheck":"Check the answers. The responses will be marked as correct, incorrect, or unanswered.","a11yShowSolution":"Show the solution. The task will be marked with its correct solution.","a11yRetry":"Retry the task. Reset all responses and start the task over again.","textField":"The volume of solid, liquid, and gas *increases\\+Correct! \\-Incorrect!* on heating.\nThe volume of solid, liquid, and gas *decreases\\+Correct! \\-Incorrect!* on cooling.","submitAnswer":"Submit","media":{"disableImageZooming":true,"type":{"params":{"decorative":false,"contentName":"Image","expandImage":"Expand Image","minimizeImage":"Minimize Image","file":{"path":"images\/file-659a38246f62e.png","mime":"image\/png","copyright":{"license":"U"},"width":1300,"height":250}},"library":"H5P.Image 1.1","metadata":{"contentType":"Image","license":"U","title":"Untitled Image"},"subContentId":"c2dd2a02-97f8-4536-95f2-0462e9d6ab88"}}},"library":"H5P.DragText 1.10","metadata":{"contentType":"Drag the Words","license":"U","title":"Drag Text"},"subContentId":"8885e2ac-e558-49dd-ab5b-f5779c02d942"},"useSeparator":"auto"},{"content":{"params":{"media":{"type":{"params":{"contentName":"Image","file":{"path":"images\/file-659a382ee976c.png","mime":"image\/png","copyright":{"license":"U"},"width":1300,"height":250},"decorative":false,"expandImage":"Expand Image","minimizeImage":"Minimize Image"},"library":"H5P.Image 1.1","metadata":{"contentType":"Image","license":"U","title":"Untitled Image"},"subContentId":"d9ec5c7f-52b6-4177-acf3-81ae0b84752e"},"disableImageZooming":true},"text":"<p><strong>4. Fill in the blank with the correct answer.<\/strong><\/p>\n","overallFeedback":[{"from":0,"to":50,"feedback":"Sorry, it is incorrect."},{"from":51,"to":100,"feedback":"Fantastic ! Keep up the good performance."}],"showSolutions":"Show solution","tryAgain":"Retry","checkAnswer":"Check","notFilledOut":"Please fill in all blanks to view solution","answerIsCorrect":"&#039;:ans&#039; is correct","answerIsWrong":"&#039;:ans&#039; is wrong","answeredCorrectly":"Answered correctly","answeredIncorrectly":"Answered incorrectly","solutionLabel":"Correct answer:","inputLabel":"Blank input @num of @total","inputHasTipLabel":"Tip available","tipLabel":"Tip","behaviour":{"enableRetry":false,"enableSolutionsButton":true,"enableCheckButton":true,"autoCheck":false,"caseSensitive":false,"showSolutionsRequiresInput":true,"separateLines":false,"confirmCheckDialog":false,"confirmRetryDialog":false,"acceptSpellingErrors":false},"scoreBarLabel":"You got :num out of :total points","a11yCheck":"Check the answers. The responses will be marked as correct, incorrect, or unanswered.","a11yShowSolution":"Show the solution. The task will be marked with its correct solution.","a11yRetry":"Retry the task. Reset all responses and start the task over again.","a11yCheckingModeHeader":"Checking mode","confirmCheck":{"header":"Finish ?","body":"Are you sure you wish to finish ?","cancelLabel":"Cancel","confirmLabel":"Finish"},"confirmRetry":{"header":"Retry ?","body":"Are you sure you wish to retry ?","cancelLabel":"Cancel","confirmLabel":"Confirm"},"questions":["<p><strong>The source of heat shown in the figure is *fossil fuel*. (bio-fuel \/ fossil fuel)<\/strong><\/p>\n"],"submitAnswer":"Submit"},"library":"H5P.Blanks 1.14","metadata":{"contentType":"Fill in the Blanks","license":"U","title":"Fill in the Blanks"},"subContentId":"dfab7ed5-f07d-4223-ac19-1394ede6b108"},"useSeparator":"auto"},{"content":{"params":{"taskDescription":"<p><strong>5. Drag the words into the correct boxes.<\/strong><\/p>\n","overallFeedback":[{"from":0,"to":50,"feedback":"Sorry, it is incorrect."},{"from":51,"to":100,"feedback":"Amazing ! You got it right."}],"checkAnswer":"Check","tryAgain":"Retry","showSolution":"Show solution","dropZoneIndex":"Drop Zone @index.","empty":"Drop Zone @index is empty.","contains":"Drop Zone @index contains draggable @draggable.","ariaDraggableIndex":"@index of @count draggables.","tipLabel":"Show tip","correctText":"Correct!","incorrectText":"Incorrect!","resetDropTitle":"Reset drop","resetDropDescription":"Are you sure you want to reset this drop zone?","grabbed":"Draggable is grabbed.","cancelledDragging":"Cancelled dragging.","correctAnswer":"Correct answer:","feedbackHeader":"Feedback","behaviour":{"enableRetry":false,"enableSolutionsButton":true,"enableCheckButton":true,"instantFeedback":false},"scoreBarLabel":"You got :num out of :total points","a11yCheck":"Check the answers. The responses will be marked as correct, incorrect, or unanswered.","a11yShowSolution":"Show the solution. The task will be marked with its correct solution.","a11yRetry":"Retry the task. Reset all responses and start the task over again.","textField":"In the SI system, heat is measured in *joule (J)\\+Correct! \\-Incorrect!*.\nIn the SGS system, heat is measured in *calorie (cal.)\\+Correct! \\-Incorrect!*.","submitAnswer":"Submit","media":{"disableImageZooming":true,"type":{"params":{"decorative":false,"contentName":"Image","expandImage":"Expand Image","minimizeImage":"Minimize Image","file":{"path":"images\/file-659a3836624fd.png","mime":"image\/png","copyright":{"license":"U"},"width":1300,"height":250}},"library":"H5P.Image 1.1","metadata":{"contentType":"Image","license":"U","title":"Untitled Image"},"subContentId":"9784f014-59d4-4825-97ee-6c951d6177f4"}}},"library":"H5P.DragText 1.10","metadata":{"contentType":"Drag the Words","license":"U","title":"Drag Text"},"subContentId":"ddf792f3-1c29-41be-b96d-258353d22ba9"},"useSeparator":"auto"},{"content":{"params":{"media":{"disableImageZooming":true,"type":{"params":{"decorative":false,"contentName":"Image","expandImage":"Expand Image","minimizeImage":"Minimize Image","file":{"path":"images\/file-659a38d51b1fe.png","mime":"image\/png","copyright":{"license":"U"},"width":1300,"height":250}},"library":"H5P.Image 1.1","metadata":{"contentType":"Image","license":"U","title":"Untitled Image"},"subContentId":"176a0b05-33b6-459d-8cd3-dc09653fa33f"}},"answers":[{"correct":true,"tipsAndFeedback":{"tip":"","chosenFeedback":"","notChosenFeedback":""},"text":"<div><strong>Bio-fuel<\/strong><\/div>\n"},{"correct":false,"tipsAndFeedback":{"tip":"","chosenFeedback":"","notChosenFeedback":""},"text":"<div><strong>Fossil fuel<\/strong><\/div>\n"}],"overallFeedback":[{"from":0,"to":50,"feedback":"Sorry, it is incorrect."},{"from":51,"to":100,"feedback":"Brilliant ! It is the correct answer."}],"behaviour":{"enableRetry":false,"enableSolutionsButton":true,"enableCheckButton":true,"type":"auto","singlePoint":false,"randomAnswers":true,"showSolutionsRequiresInput":true,"confirmCheckDialog":false,"confirmRetryDialog":false,"autoCheck":false,"passPercentage":100,"showScorePoints":true},"UI":{"checkAnswerButton":"Check","showSolutionButton":"Show solution","tryAgainButton":"Retry","tipsLabel":"Show tip","scoreBarLabel":"You got :num out of :total points","tipAvailable":"Tip available","feedbackAvailable":"Feedback available","readFeedback":"Read feedback","wrongAnswer":"Wrong answer","correctAnswer":"Correct answer","shouldCheck":"Should have been checked","shouldNotCheck":"Should not have been checked","noInput":"Please answer before viewing the solution","a11yCheck":"Check the answers. The responses will be marked as correct, incorrect, or unanswered.","a11yShowSolution":"Show the solution. The task will be marked with its correct solution.","a11yRetry":"Retry the task. Reset all responses and start the task over again.","submitAnswerButton":"Submit"},"confirmCheck":{"header":"Finish ?","body":"Are you sure you wish to finish ?","cancelLabel":"Cancel","confirmLabel":"Finish"},"confirmRetry":{"header":"Retry ?","body":"Are you sure you wish to retry ?","cancelLabel":"Cancel","confirmLabel":"Confirm"},"question":"<p><strong>6. Identify the source of heat shown in the figure.<\/strong><\/p>\n"},"library":"H5P.MultiChoice 1.16","metadata":{"contentType":"Multiple Choice","license":"U","title":"Untitled Multiple Choice"},"subContentId":"9bc29deb-f8d8-4a64-9893-b365a12a8b1a"},"useSeparator":"auto"},{"content":{"params":{"taskDescription":"<p><strong>7. Drag the words into the correct boxes.<\/strong><\/p>\n","overallFeedback":[{"from":0,"to":33,"feedback":"Sorry, you got all incorrect."},{"from":34,"to":66,"feedback":"Good but can do better."},{"from":67,"to":100,"feedback":"Great work! It is the correct answer."}],"checkAnswer":"Check","tryAgain":"Retry","showSolution":"Show solution","dropZoneIndex":"Drop Zone @index.","empty":"Drop Zone @index is empty.","contains":"Drop Zone @index contains draggable @draggable.","ariaDraggableIndex":"@index of @count draggables.","tipLabel":"Show tip","correctText":"Correct!","incorrectText":"Incorrect!","resetDropTitle":"Reset drop","resetDropDescription":"Are you sure you want to reset this drop zone?","grabbed":"Draggable is grabbed.","cancelledDragging":"Cancelled dragging.","correctAnswer":"Correct answer:","feedbackHeader":"Feedback","behaviour":{"enableRetry":false,"enableSolutionsButton":true,"enableCheckButton":true,"instantFeedback":false},"scoreBarLabel":"You got :num out of :total points","a11yCheck":"Check the answers. The responses will be marked as correct, incorrect, or unanswered.","a11yShowSolution":"Show the solution. The task will be marked with its correct solution.","a11yRetry":"Retry the task. Reset all responses and start the task over again.","textField":"*Heat\\+Correct! \\-Incorrect!* is the form of energy that produces the sensation of warmth.\n*Fossils\\+Correct! \\-Incorrect!* are the dead remains of a plant or animal or its imprint under the surface of the earth.\n*Bio-fuel\\+Correct! \\-Incorrect!* is the fuel obtained from firewood, bio-gas, animal dung, etc.","submitAnswer":"Submit","media":{"disableImageZooming":true,"type":{"params":{"decorative":false,"contentName":"Image","expandImage":"Expand Image","minimizeImage":"Minimize Image","file":{"path":"images\/file-659a384891dce.png","mime":"image\/png","copyright":{"license":"U"},"width":1300,"height":250}},"library":"H5P.Image 1.1","metadata":{"contentType":"Image","license":"U","title":"Untitled Image"},"subContentId":"f650f6cd-201d-44db-9864-f76bf6f544f9"}}},"library":"H5P.DragText 1.10","metadata":{"contentType":"Drag the Words","license":"U","title":"Drag Text"},"subContentId":"0436d6b3-b0e8-4059-8d73-7e3f4ad02ca4"},"useSeparator":"auto"},{"content":{"params":{"media":{"type":{"params":{"contentName":"Image","file":{"path":"images\/file-659a385038478.png","mime":"image\/png","copyright":{"license":"U"},"width":1300,"height":250},"decorative":false,"expandImage":"Expand Image","minimizeImage":"Minimize Image"},"library":"H5P.Image 1.1","metadata":{"contentType":"Image","license":"U","title":"Untitled Image"},"subContentId":"36707a8a-de3a-4a73-80dc-5ca63d59e21f"},"disableImageZooming":true},"correct":"true","behaviour":{"enableRetry":false,"enableSolutionsButton":true,"enableCheckButton":true,"confirmCheckDialog":false,"confirmRetryDialog":false,"autoCheck":false,"feedbackOnWrong":"Sorry, it is a true statement."},"l10n":{"trueText":"True","falseText":"False","score":"You got @score of @total points","checkAnswer":"Check","showSolutionButton":"Show solution","tryAgain":"Retry","wrongAnswerMessage":"Wrong answer","correctAnswerMessage":"Correct answer","scoreBarLabel":"You got :num out of :total points","a11yCheck":"Check the answers. The responses will be marked as correct, incorrect, or unanswered.","a11yShowSolution":"Show the solution. The task will be marked with its correct solution.","a11yRetry":"Retry the task. Reset all responses and start the task over again.","submitAnswer":"Submit"},"confirmCheck":{"header":"Finish ?","body":"Are you sure you wish to finish ?","cancelLabel":"Cancel","confirmLabel":"Finish"},"confirmRetry":{"header":"Retry ?","body":"Are you sure you wish to retry ?","cancelLabel":"Cancel","confirmLabel":"Confirm"},"question":"<p><strong>8. The rate of absorption of heat in a body depends on the nature and colour of that body. State whether the statement is true or false.<\/strong><\/p>\n"},"library":"H5P.TrueFalse 1.8","metadata":{"contentType":"True\/False Question","license":"U","title":"True\/False Question"},"subContentId":"c938fb51-edbc-467a-992f-598384e8da7f"},"useSeparator":"auto"},{"content":{"params":{"taskDescription":"<p><strong>9. Drag the words into the correct boxes.<\/strong><\/p>\n","overallFeedback":[{"from":0,"to":50,"feedback":"Sorry, it is incorrect."},{"from":51,"to":100,"feedback":"Outstanding ! It is the correct answer."}],"checkAnswer":"Check","tryAgain":"Retry","showSolution":"Show solution","dropZoneIndex":"Drop Zone @index.","empty":"Drop Zone @index is empty.","contains":"Drop Zone @index contains draggable @draggable.","ariaDraggableIndex":"@index of @count draggables.","tipLabel":"Show tip","correctText":"Correct!","incorrectText":"Incorrect!","resetDropTitle":"Reset drop","resetDropDescription":"Are you sure you want to reset this drop zone?","grabbed":"Draggable is grabbed.","cancelledDragging":"Cancelled dragging.","correctAnswer":"Correct answer:","feedbackHeader":"Feedback","behaviour":{"enableRetry":false,"enableSolutionsButton":true,"enableCheckButton":true,"instantFeedback":false},"scoreBarLabel":"You got :num out of :total points","a11yCheck":"Check the answers. The responses will be marked as correct, incorrect, or unanswered.","a11yShowSolution":"Show the solution. The task will be marked with its correct solution.","a11yRetry":"Retry the task. Reset all responses and start the task over again.","textField":"Black and rough objects absorb heat *faster\\+Correct! \\-Incorrect!* than white and smooth objects.\nWhite and smooth objects absorb heat *slower\\+Correct! \\-Incorrect!* than black and rough objects.","submitAnswer":"Submit","media":{"disableImageZooming":true,"type":{"params":{"decorative":false,"contentName":"Image","expandImage":"Expand Image","minimizeImage":"Minimize Image","file":{"path":"images\/file-659a385974a71.png","mime":"image\/png","copyright":{"license":"U"},"width":1300,"height":250}},"library":"H5P.Image 1.1","metadata":{"contentType":"Image","license":"U","title":"Untitled Image"},"subContentId":"14af6e20-947a-4811-95ab-e700b9fd6a74"}}},"library":"H5P.DragText 1.10","metadata":{"contentType":"Drag the Words","license":"U","title":"Drag Text"},"subContentId":"3ecb8829-43df-49da-b615-09acaa7fcd19"},"useSeparator":"auto"},{"content":{"params":{"taskDescription":"<p><strong>10. Drag the words into the correct boxes.<\/strong><\/p>\n","overallFeedback":[{"from":0,"to":33,"feedback":"Sorry, you got all incorrect."},{"from":34,"to":66,"feedback":"Good but can do better."},{"from":67,"to":100,"feedback":"Excellent ! Keep up the good performance."}],"checkAnswer":"Check","tryAgain":"Retry","showSolution":"Show solution","dropZoneIndex":"Drop Zone @index.","empty":"Drop Zone @index is empty.","contains":"Drop Zone @index contains draggable @draggable.","ariaDraggableIndex":"@index of @count draggables.","tipLabel":"Show tip","correctText":"Correct!","incorrectText":"Incorrect!","resetDropTitle":"Reset drop","resetDropDescription":"Are you sure you want to reset this drop zone?","grabbed":"Draggable is grabbed.","cancelledDragging":"Cancelled dragging.","correctAnswer":"Correct answer:","feedbackHeader":"Feedback","behaviour":{"enableRetry":false,"enableSolutionsButton":true,"enableCheckButton":true,"instantFeedback":false},"scoreBarLabel":"You got :num out of :total points","a11yCheck":"Check the answers. The responses will be marked as correct, incorrect, or unanswered.","a11yShowSolution":"Show the solution. The task will be marked with its correct solution.","a11yRetry":"Retry the task. Reset all responses and start the task over again.","textField":"*Liquids\\+Correct! \\-Incorrect!* are substances having a fixed volume but not fixed shapes.\n*Solids\\+Correct! \\-Incorrect!* are substances having a fixed shape, size, and volume.\n*Gases\\+Correct! \\-Incorrect!* are substances that neither have a fixed shape nor a fixed volume.","submitAnswer":"Submit","media":{"disableImageZooming":true,"type":{"params":{"decorative":false,"contentName":"Image","expandImage":"Expand Image","minimizeImage":"Minimize Image","file":{"path":"images\/file-659a386309702.png","mime":"image\/png","copyright":{"license":"U"},"width":1300,"height":250}},"library":"H5P.Image 1.1","metadata":{"contentType":"Image","license":"U","title":"Untitled Image"},"subContentId":"cb2b6c76-7f86-4dab-a7ed-1fb53079848d"}}},"library":"H5P.DragText 1.10","metadata":{"contentType":"Drag the Words","license":"U","title":"Drag Text"},"subContentId":"a9c9ec45-8d6d-4168-a612-44db2fa7bbfd"},"useSeparator":"auto"}]}