{"cards":[{"tip":"<p><strong>Static exercises\/Dynamic exercises<\/strong><\/p>\n","text":"What are the exercises which are performed without moving from one place to another called?","answer":"Static exercises","image":{"path":"images\/image-60e882db98f3f.jpg","mime":"image\/jpeg","copyright":{"license":"U"},"width":511,"height":497,"originalImage":{"path":"images\/image-60e88240617ab.jpg#tmp","mime":"image\/jpeg","height":1080,"width":1000}}},{"tip":"","text":"Static exercises help keep our body fit, fine and flexible. Is it true or false?","answer":"True","image":{"path":"images\/image-60e882e89dbf9.jpg","mime":"image\/jpeg","copyright":{"license":"U"},"width":355,"height":497,"originalImage":{"path":"images\/image-60e88247a99ee.jpg#tmp","mime":"image\/jpeg","height":1080,"width":700}}},{"tip":"","text":"Stretching and swinging of the body are the examples of static exercises. Is it true or false?","answer":"True","image":{"path":"images\/image-60e882f49d043.jpg","mime":"image\/jpeg","copyright":{"license":"U"},"width":546,"height":497,"originalImage":{"path":"images\/image-60e88256e06fe.jpg#tmp","mime":"image\/jpeg","height":1080,"width":1000}}},{"tip":"","text":"In the exercise: Rotation of the head, we rotate our waist left and right. Is it true or false?","answer":"False","image":{"path":"images\/image-657973da35758.png","mime":"image\/png","copyright":{"license":"U"},"width":512,"height":512}},{"tip":"","text":"The picture given above shows the exercise performed by rotating our head left and right. Is it true or false?","answer":"False","image":{"path":"images\/image-60e88314491ab.jpg","mime":"image\/jpeg","copyright":{"license":"U"},"width":328,"height":497,"originalImage":{"path":"images\/image-60e882bfc8c47.jpg#tmp","mime":"image\/jpeg","height":1080,"width":700}}},{"tip":"","text":"Can we exercise our shoulders by rotating them left and right, up and down? Yes or No?","answer":"Yes","image":{"path":"images\/image-60e8832127062.jpg","mime":"image\/jpeg","copyright":{"license":"U"},"width":441,"height":497,"originalImage":{"path":"images\/image-60e8828551df8.jpg#tmp","mime":"image\/jpeg","height":1080,"width":999}}},{"tip":"","text":"The exercise performed by hanging on a bar, pole or a tree branch is not a static exercise. Is it true or false?","answer":"False","image":{"path":"images\/image-60e8832c229f3.jpg","mime":"image\/jpeg","copyright":{"license":"U"},"width":539,"height":497,"originalImage":{"path":"images\/image-60e8827c1cc60.jpg#tmp","mime":"image\/jpeg","height":1080,"width":1000}}},{"tip":"","text":"Climbing a tree is also a form of exercise. Is it true or false?","answer":"True","image":{"path":"images\/image-60e8833fe881b.jpg","mime":"image\/jpeg","copyright":{"license":"U"},"width":429,"height":497,"originalImage":{"path":"images\/image-60e8827351f9d.jpg#tmp","mime":"image\/jpeg","height":1080,"width":809}}},{"tip":"","text":"Can we perform the exercise of joints by rotating them? Yes or No?","answer":"Yes","image":{"path":"images\/image-60e88349caf68.jpg","mime":"image\/jpeg","copyright":{"license":"U"},"width":581,"height":497,"originalImage":{"path":"images\/image-60e8826b83ffc.jpg#tmp","mime":"image\/jpeg","height":1080,"width":1000}}},{"tip":"","text":"Stretching is used to increase the flexibility of muscles. Is it true or false?","answer":"True","image":{"path":"images\/image-60e883599e097.jpg","mime":"image\/jpeg","copyright":{"license":"U"},"width":385,"height":497,"originalImage":{"path":"images\/image-60e882642506d.jpg#tmp","mime":"image\/jpeg","height":1080,"width":764}}}],"progressText":"Card @card of @total","next":"Next","previous":"Previous","checkAnswerText":"Check","showSolutionsRequiresInput":true,"defaultAnswerText":"Your answer","correctAnswerText":"Correct","incorrectAnswerText":"Incorrect","showSolutionText":"Correct answer","results":"Results","ofCorrect":"@score of @total correct","showResults":"Show results","answerShortText":"A:","retry":"Retry","caseSensitive":false,"cardAnnouncement":"Incorrect answer. Correct answer was @answer","pageAnnouncement":"Page @current of @total","description":"Read the questions carefully and answer the questions.","correctAnswerAnnouncement":"@answer is correct.","randomCards":true}