{"cards":[{"tip":"","text":"Binary addition of  1+1 gives ___.","answer":"10","image":{"path":"images\/image-60ef0910b5d77.png","mime":"image\/png","copyright":{"license":"U"},"width":225,"height":225}},{"text":"In binary subtraction 0-1=1 the result is due to _____. (borrow\/carry)","answer":"Borrow","tip":"","image":{"path":"images\/image-60ef0c0d4acf1.png","mime":"image\/png","copyright":{"license":"U"},"width":560,"height":315}},{"text":"Binary number multiplied by zero (0) gives ___.","answer":"0\/Zero","tip":"","image":{"path":"images\/image-60ef09e53b9e9.png","mime":"image\/png","copyright":{"license":"U"},"width":437,"height":374}},{"text":"If you divide any binary number  by zero you get an error called ____.","answer":"Undefined","tip":"","image":{"path":"images\/image-60ef0b84e90b0.jpg","mime":"image\/jpeg","copyright":{"license":"U"},"width":2672,"height":1817}},{"text":"If you divide zero by any binary number you get ______.","answer":"0\/Zero","tip":"","image":{"path":"images\/image-60ef0a65c9e7a.jpg","mime":"image\/jpeg","copyright":{"license":"U"},"width":326,"height":134}},{"text":"What is the result of 100010 + 110111 binary operation?","answer":"01011001","tip":"","image":{"path":"images\/image-60ef0a76d4b2d.jpg","mime":"image\/jpeg","copyright":{"license":"U"},"width":238,"height":250}},{"text":"What is the result of 11000010 - 111111 binary operation?","answer":"010000011","tip":"","image":{"path":"images\/image-60ef0a7faf803.jpg","mime":"image\/jpeg","copyright":{"license":"U"},"width":238,"height":250}},{"text":"What is the result of 11111 x 111 binary operation?","answer":"011011001","tip":"","image":{"path":"images\/image-60ef0a9743a43.jpeg","mime":"image\/jpeg","copyright":{"license":"U"},"width":258,"height":196}},{"text":"What is the result of 11101 x 101 binary operation?","answer":"010010001","tip":"","image":{"path":"images\/image-60ef0aba9f819.jpeg","mime":"image\/jpeg","copyright":{"license":"U"},"width":672,"height":720}},{"text":"The base of binay number system is ____.","answer":"2\/Two","tip":"","image":{"path":"images\/image-60ef0ace14af0.jpg","mime":"image\/jpeg","copyright":{"license":"U"},"width":238,"height":250}}],"progressText":"Card @card of @total","next":"Next","previous":"Previous","checkAnswerText":"Check","showSolutionsRequiresInput":true,"defaultAnswerText":"Your answer","correctAnswerText":"Correct","incorrectAnswerText":"Incorrect","showSolutionText":"Correct answer","results":"Results","ofCorrect":"@score of @total correct","showResults":"Show results","answerShortText":"A:","retry":"Retry","caseSensitive":false,"cardAnnouncement":"Incorrect answer. Correct answer was @answer","pageAnnouncement":"Page @current of @total","description":"Lets do some binary calculation.","correctAnswerAnnouncement":"@answer is correct.","randomCards":false}