{"content":[{"content":{"params":{"contentName":"Image","alt":"electricity","file":{"path":"images\/file-60f67689b5255.png","mime":"image\/png","copyright":{"license":"U"},"width":1300,"height":250}},"library":"H5P.Image 1.1","metadata":{"contentType":"Image","license":"U","title":"Untitled Image"},"subContentId":"d3327e0a-e14f-4d7a-aa88-b9ec9c83aee4"},"useSeparator":"disabled"},{"content":{"params":{"media":{"disableImageZooming":false},"answers":[{"correct":true,"tipsAndFeedback":{"tip":"","chosenFeedback":"","notChosenFeedback":""},"text":"<div><strong>2<\/strong><\/div>\n"},{"correct":false,"tipsAndFeedback":{"tip":"","chosenFeedback":"","notChosenFeedback":""},"text":"<div><strong>3<\/strong><\/div>\n"},{"correct":false,"tipsAndFeedback":{"tip":"","chosenFeedback":"","notChosenFeedback":""},"text":"<div><strong>4<\/strong><\/div>\n"}],"overallFeedback":[{"from":0,"to":100}],"behaviour":{"enableRetry":true,"enableSolutionsButton":true,"enableCheckButton":true,"type":"auto","singlePoint":false,"randomAnswers":true,"showSolutionsRequiresInput":true,"confirmCheckDialog":false,"confirmRetryDialog":false,"autoCheck":false,"passPercentage":100,"showScorePoints":true},"UI":{"checkAnswerButton":"Check","showSolutionButton":"Show solution","tryAgainButton":"Retry","tipsLabel":"Show tip","scoreBarLabel":"You got :num out of :total points","tipAvailable":"Tip available","feedbackAvailable":"Feedback available","readFeedback":"Read feedback","wrongAnswer":"Wrong answer","correctAnswer":"Correct answer","shouldCheck":"Should have been checked","shouldNotCheck":"Should not have been checked","noInput":"Please answer before viewing the solution","a11yCheck":"Check the answers. The responses will be marked as correct, incorrect, or unanswered.","a11yShowSolution":"Show the solution. The task will be marked with its correct solution.","a11yRetry":"Retry the task. Reset all responses and start the task over again."},"confirmCheck":{"header":"Finish ?","body":"Are you sure you wish to finish ?","cancelLabel":"Cancel","confirmLabel":"Finish"},"confirmRetry":{"header":"Retry ?","body":"Are you sure you wish to retry ?","cancelLabel":"Cancel","confirmLabel":"Confirm"},"question":"<p><strong>There are ...... types of electricity.<\/strong><\/p>\n"},"library":"H5P.MultiChoice 1.14","metadata":{"contentType":"Multiple Choice","license":"U","title":"."},"subContentId":"f046d017-f1d7-4fe1-9670-98628ee08bc8"},"useSeparator":"disabled"},{"content":{"params":{"contentName":"Image","alt":"dynamo","file":{"path":"images\/file-60f677db88850.png","mime":"image\/png","copyright":{"license":"U"},"width":1300,"height":250}},"library":"H5P.Image 1.1","metadata":{"contentType":"Image","license":"U","title":"Untitled Image"},"subContentId":"2fc174ac-8e33-4fc4-8df3-08d5f476003d"},"useSeparator":"enabled"},{"content":{"params":{"media":{"disableImageZooming":false},"correct":"false","behaviour":{"enableRetry":true,"enableSolutionsButton":true,"enableCheckButton":true,"confirmCheckDialog":false,"confirmRetryDialog":false,"autoCheck":false},"l10n":{"trueText":"True","falseText":"False","score":"You got @score of @total points","checkAnswer":"Check","showSolutionButton":"Show solution","tryAgain":"Retry","wrongAnswerMessage":"Wrong answer","correctAnswerMessage":"Correct answer","scoreBarLabel":"You got :num out of :total points","a11yCheck":"Check the answers. The responses will be marked as correct, incorrect, or unanswered.","a11yShowSolution":"Show the solution. The task will be marked with its correct solution.","a11yRetry":"Retry the task. Reset all responses and start the task over again."},"confirmCheck":{"header":"Finish ?","body":"Are you sure you wish to finish ?","cancelLabel":"Cancel","confirmLabel":"Finish"},"confirmRetry":{"header":"Retry ?","body":"Are you sure you wish to retry ?","cancelLabel":"Cancel","confirmLabel":"Confirm"},"question":"<p><strong>Dynamo is a device which stores electricity for future use.&nbsp;<\/strong><\/p>\n"},"library":"H5P.TrueFalse 1.6","metadata":{"contentType":"True\/False Question","license":"U","title":"."},"subContentId":"3f1488fd-be28-4e5e-a7cd-05d081177e6e"},"useSeparator":"disabled"},{"content":{"params":{"contentName":"Image","alt":"comb paper","file":{"path":"images\/file-60f678b94e611.png","mime":"image\/png","copyright":{"license":"U"},"width":1300,"height":250}},"library":"H5P.Image 1.1","metadata":{"contentType":"Image","license":"U","title":"Untitled Image"},"subContentId":"92ac9086-3793-4ec2-a7e5-9f29c88ef5d5"},"useSeparator":"enabled"},{"content":{"params":{"media":{"disableImageZooming":false},"text":"<p><strong>.<\/strong><\/p>\n","overallFeedback":[{"from":0,"to":100}],"showSolutions":"Show solution","tryAgain":"Retry","checkAnswer":"Check","notFilledOut":"Please fill in all blanks to view solution","answerIsCorrect":"&#039;:ans&#039; is correct","answerIsWrong":"&#039;:ans&#039; is wrong","answeredCorrectly":"Answered correctly","answeredIncorrectly":"Answered incorrectly","solutionLabel":"Correct answer:","inputLabel":"Blank input @num of @total","inputHasTipLabel":"Tip available","tipLabel":"Tip","behaviour":{"enableRetry":true,"enableSolutionsButton":true,"enableCheckButton":true,"autoCheck":false,"caseSensitive":false,"showSolutionsRequiresInput":true,"separateLines":false,"confirmCheckDialog":false,"confirmRetryDialog":false,"acceptSpellingErrors":false},"scoreBarLabel":"You got :num out of :total points","a11yCheck":"Check the answers. The responses will be marked as correct, incorrect, or unanswered.","a11yShowSolution":"Show the solution. The task will be marked with its correct solution.","a11yRetry":"Retry the task. Reset all responses and start the task over again.","a11yCheckingModeHeader":"Checking mode","confirmCheck":{"header":"Finish ?","body":"Are you sure you wish to finish ?","cancelLabel":"Cancel","confirmLabel":"Finish"},"confirmRetry":{"header":"Retry ?","body":"Are you sure you wish to retry ?","cancelLabel":"Cancel","confirmLabel":"Confirm"},"questions":["<p><strong>The electric charges remain at rest in *static*&nbsp;electricity.<\/strong><\/p>\n"]},"library":"H5P.Blanks 1.12","metadata":{"contentType":"Fill in the Blanks","license":"U","title":"."},"subContentId":"19c0540d-7b43-4c4c-8fe5-4f31b7ef57ad"},"useSeparator":"disabled"},{"content":{"params":{"scoreShow":"Check","tryAgain":"Retry","scoreExplanation":"Correct answers give +1 point. Incorrect answers give -1 point. The lowest possible score is 0.","question":{"settings":{"size":{"width":650,"height":200},"background":{"path":"images\/background-60f13f7cd8b3b.png","mime":"image\/png","copyright":{"license":"U"},"width":2563,"height":625}},"task":{"elements":[{"x":63.07692307692308,"y":25,"width":5,"height":1.70113625,"dropZones":["0","1"],"type":{"library":"H5P.AdvancedText 1.1","params":{"text":"<p><strong>Voltmeter<\/strong><\/p>\n"},"subContentId":"1cafc94e-f751-47a4-880e-8133851557f8","metadata":{"contentType":"Text","license":"U","title":"Untitled Text"}},"backgroundOpacity":100,"multiple":false},{"x":63.07692307692308,"y":60,"width":5,"height":1.70113625,"dropZones":["0","1"],"type":{"library":"H5P.AdvancedText 1.1","params":{"text":"<p><strong>Ammeter<\/strong><\/p>\n"},"subContentId":"a1a4dd5c-6f64-4300-afb8-711eede0d94f","metadata":{"contentType":"Text","license":"U","title":"Untitled Text"}},"backgroundOpacity":100,"multiple":false}],"dropZones":[{"x":20,"y":45,"width":3.75,"height":1.5,"correctElements":["1"],"showLabel":false,"backgroundOpacity":100,"tipsAndFeedback":{"tip":""},"single":true,"autoAlign":true,"label":"<div>dropzone 1<\/div>\n"},{"x":36.92307692307692,"y":29.985751156249989,"width":3.7482239013214116,"height":1.5,"correctElements":["0"],"showLabel":false,"backgroundOpacity":100,"tipsAndFeedback":{"tip":""},"single":true,"autoAlign":true,"label":"<div>dropzone 2<\/div>\n"}]}},"overallFeedback":[{"from":0,"to":100}],"behaviour":{"enableRetry":true,"enableCheckButton":true,"showSolutionsRequiresInput":true,"singlePoint":false,"applyPenalties":true,"enableScoreExplanation":true,"dropZoneHighlighting":"dragging","autoAlignSpacing":2,"enableFullScreen":false,"showScorePoints":true,"showTitle":true},"grabbablePrefix":"Grabbable {num} of {total}.","grabbableSuffix":"Placed in dropzone {num}.","dropzonePrefix":"Dropzone {num} of {total}.","noDropzone":"No dropzone.","tipLabel":"Show tip.","tipAvailable":"Tip available","correctAnswer":"Correct answer","wrongAnswer":"Wrong answer","feedbackHeader":"Feedback","scoreBarLabel":"You got :num out of :total points","scoreExplanationButtonLabel":"Show score explanation","a11yCheck":"Check the answers. The responses will be marked as correct, incorrect, or unanswered.","a11yRetry":"Retry the task. Reset all responses and start the task over again.","localize":{"fullscreen":"Fullscreen","exitFullscreen":"Exit fullscreen"}},"library":"H5P.DragQuestion 1.13","metadata":{"contentType":"Drag and Drop","license":"U","title":"Drag the component to the correct place."},"subContentId":"01b075f0-4236-47a3-a8c4-9a19768443e0"},"useSeparator":"enabled"},{"content":{"params":{"contentName":"Image","alt":"static electricity","file":{"path":"images\/file-60f6793c5f77e.png","mime":"image\/png","copyright":{"license":"U"},"width":1300,"height":250}},"library":"H5P.Image 1.1","metadata":{"contentType":"Image","license":"U","title":"Untitled Image"},"subContentId":"3c2ac9ff-951d-4468-ade7-90cfdb7352e0"},"useSeparator":"auto"},{"content":{"params":{"media":{"disableImageZooming":false},"answers":[{"correct":true,"tipsAndFeedback":{"tip":"","chosenFeedback":"","notChosenFeedback":""},"text":"<div><strong>Insulator<\/strong><\/div>\n"},{"correct":false,"tipsAndFeedback":{"tip":"","chosenFeedback":"","notChosenFeedback":""},"text":"<div><strong>Conductor<\/strong><\/div>\n"},{"correct":false,"tipsAndFeedback":{"tip":"","chosenFeedback":"","notChosenFeedback":""},"text":"<div><strong>Semi-conductor<\/strong><\/div>\n"}],"overallFeedback":[{"from":0,"to":100}],"behaviour":{"enableRetry":true,"enableSolutionsButton":true,"enableCheckButton":true,"type":"auto","singlePoint":false,"randomAnswers":true,"showSolutionsRequiresInput":true,"confirmCheckDialog":false,"confirmRetryDialog":false,"autoCheck":false,"passPercentage":100,"showScorePoints":true},"UI":{"checkAnswerButton":"Check","showSolutionButton":"Show solution","tryAgainButton":"Retry","tipsLabel":"Show tip","scoreBarLabel":"You got :num out of :total points","tipAvailable":"Tip available","feedbackAvailable":"Feedback available","readFeedback":"Read feedback","wrongAnswer":"Wrong answer","correctAnswer":"Correct answer","shouldCheck":"Should have been checked","shouldNotCheck":"Should not have been checked","noInput":"Please answer before viewing the solution","a11yCheck":"Check the answers. The responses will be marked as correct, incorrect, or unanswered.","a11yShowSolution":"Show the solution. The task will be marked with its correct solution.","a11yRetry":"Retry the task. Reset all responses and start the task over again."},"confirmCheck":{"header":"Finish ?","body":"Are you sure you wish to finish ?","cancelLabel":"Cancel","confirmLabel":"Finish"},"confirmRetry":{"header":"Retry ?","body":"Are you sure you wish to retry ?","cancelLabel":"Cancel","confirmLabel":"Confirm"},"question":"<p><strong>The electricity which is produced in ........ due to friction is called static electricity.<\/strong><\/p>\n"},"library":"H5P.MultiChoice 1.14","metadata":{"contentType":"Multiple Choice","license":"U","title":"."},"subContentId":"136e4aa4-e2ff-4d16-9bd8-aa191651a707"},"useSeparator":"disabled"},{"content":{"params":{"contentName":"Image","alt":"battery","file":{"path":"images\/file-60f67a3a656fd.png","mime":"image\/png","copyright":{"license":"U"},"width":1300,"height":250}},"library":"H5P.Image 1.1","metadata":{"contentType":"Image","license":"U","title":"Untitled Image"},"subContentId":"639cc576-f73a-4a3e-88b0-1a2db68e5365"},"useSeparator":"enabled"},{"content":{"params":{"media":{"disableImageZooming":false},"correct":"true","behaviour":{"enableRetry":true,"enableSolutionsButton":true,"enableCheckButton":true,"confirmCheckDialog":false,"confirmRetryDialog":false,"autoCheck":false},"l10n":{"trueText":"True","falseText":"False","score":"You got @score of @total points","checkAnswer":"Check","showSolutionButton":"Show solution","tryAgain":"Retry","wrongAnswerMessage":"Wrong answer","correctAnswerMessage":"Correct answer","scoreBarLabel":"You got :num out of :total points","a11yCheck":"Check the answers. The responses will be marked as correct, incorrect, or unanswered.","a11yShowSolution":"Show the solution. The task will be marked with its correct solution.","a11yRetry":"Retry the task. Reset all responses and start the task over again."},"confirmCheck":{"header":"Finish ?","body":"Are you sure you wish to finish ?","cancelLabel":"Cancel","confirmLabel":"Finish"},"confirmRetry":{"header":"Retry ?","body":"Are you sure you wish to retry ?","cancelLabel":"Cancel","confirmLabel":"Confirm"},"question":"<p><strong>Battery, generator are the sources of current electricity.<\/strong><\/p>\n"},"library":"H5P.TrueFalse 1.6","metadata":{"contentType":"True\/False Question","license":"U","title":"."},"subContentId":"c49bb566-2a24-4a88-976c-e6c6a7562b8a"},"useSeparator":"disabled"},{"content":{"params":{"contentName":"Image","alt":"thinking","file":{"path":"images\/file-60f680832ca53.png","mime":"image\/png","copyright":{"license":"U"},"width":1300,"height":250}},"library":"H5P.Image 1.1","metadata":{"contentType":"Image","license":"U","title":"Untitled Image"},"subContentId":"eeeab8d7-7283-4e18-8004-dacbf1097313"},"useSeparator":"enabled"},{"content":{"params":{"media":{"disableImageZooming":false},"text":"<p>.<\/p>\n","overallFeedback":[{"from":0,"to":100}],"showSolutions":"Show solution","tryAgain":"Retry","checkAnswer":"Check","notFilledOut":"Please fill in all blanks to view solution","answerIsCorrect":"&#039;:ans&#039; is correct","answerIsWrong":"&#039;:ans&#039; is wrong","answeredCorrectly":"Answered correctly","answeredIncorrectly":"Answered incorrectly","solutionLabel":"Correct answer:","inputLabel":"Blank input @num of @total","inputHasTipLabel":"Tip available","tipLabel":"Tip","behaviour":{"enableRetry":true,"enableSolutionsButton":true,"enableCheckButton":true,"autoCheck":false,"caseSensitive":true,"showSolutionsRequiresInput":true,"separateLines":false,"confirmCheckDialog":false,"confirmRetryDialog":false,"acceptSpellingErrors":false},"scoreBarLabel":"You got :num out of :total points","a11yCheck":"Check the answers. The responses will be marked as correct, incorrect, or unanswered.","a11yShowSolution":"Show the solution. The task will be marked with its correct solution.","a11yRetry":"Retry the task. Reset all responses and start the task over again.","a11yCheckingModeHeader":"Checking mode","confirmCheck":{"header":"Finish ?","body":"Are you sure you wish to finish ?","cancelLabel":"Cancel","confirmLabel":"Finish"},"confirmRetry":{"header":"Retry ?","body":"Are you sure you wish to retry ?","cancelLabel":"Cancel","confirmLabel":"Confirm"},"questions":["<p><strong>The form of energy which is generated due to continuous flow of electrons is called *current*&nbsp;electricity.<\/strong><\/p>\n"]},"library":"H5P.Blanks 1.12","metadata":{"contentType":"Fill in the Blanks","license":"U","title":"."},"subContentId":"0d908180-5d42-4868-948a-ce7b98fc7ad5"},"useSeparator":"disabled"},{"content":{"params":{"contentName":"Image","alt":"open circuit","file":{"path":"images\/file-60f67e19ccb78.png","mime":"image\/png","copyright":{"license":"U"},"width":1300,"height":250}},"library":"H5P.Image 1.1","metadata":{"contentType":"Image","license":"U","title":"Untitled Image"},"subContentId":"ceac1eee-9e70-4b8d-9939-1ed3d4d3a368"},"useSeparator":"enabled"},{"content":{"params":{"media":{"disableImageZooming":false},"answers":[{"correct":true,"tipsAndFeedback":{"tip":"","chosenFeedback":"","notChosenFeedback":""},"text":"<div><strong>open circuit<\/strong><\/div>\n"},{"correct":false,"tipsAndFeedback":{"tip":"","chosenFeedback":"","notChosenFeedback":""},"text":"<div><strong>Close circuit<\/strong><\/div>\n"},{"correct":false,"tipsAndFeedback":{"tip":"","chosenFeedback":"","notChosenFeedback":""},"text":"<div><strong>All of above<\/strong><\/div>\n"}],"overallFeedback":[{"from":0,"to":100}],"behaviour":{"enableRetry":true,"enableSolutionsButton":true,"enableCheckButton":true,"type":"auto","singlePoint":false,"randomAnswers":false,"showSolutionsRequiresInput":true,"confirmCheckDialog":false,"confirmRetryDialog":false,"autoCheck":false,"passPercentage":100,"showScorePoints":true},"UI":{"checkAnswerButton":"Check","showSolutionButton":"Show solution","tryAgainButton":"Retry","tipsLabel":"Show tip","scoreBarLabel":"You got :num out of :total points","tipAvailable":"Tip available","feedbackAvailable":"Feedback available","readFeedback":"Read feedback","wrongAnswer":"Wrong answer","correctAnswer":"Correct answer","shouldCheck":"Should have been checked","shouldNotCheck":"Should not have been checked","noInput":"Please answer before viewing the solution","a11yCheck":"Check the answers. The responses will be marked as correct, incorrect, or unanswered.","a11yShowSolution":"Show the solution. The task will be marked with its correct solution.","a11yRetry":"Retry the task. Reset all responses and start the task over again."},"confirmCheck":{"header":"Finish ?","body":"Are you sure you wish to finish ?","cancelLabel":"Cancel","confirmLabel":"Finish"},"confirmRetry":{"header":"Retry ?","body":"Are you sure you wish to retry ?","cancelLabel":"Cancel","confirmLabel":"Confirm"},"question":"<p><strong>The electric circuit in which a load does not work is called ...........<\/strong><\/p>\n"},"library":"H5P.MultiChoice 1.14","metadata":{"contentType":"Multiple Choice","license":"U","title":"."},"subContentId":"1e909dca-50bf-483b-8cbb-7f05804ce6c2"},"useSeparator":"disabled"},{"content":{"params":{"contentName":"Image","alt":"voltmeter","file":{"path":"images\/file-60f680bfeac5b.png","mime":"image\/png","copyright":{"license":"U"},"width":1300,"height":250}},"library":"H5P.Image 1.1","metadata":{"contentType":"Image","license":"U","title":"Untitled Image"},"subContentId":"67c4b08b-f51b-44da-ab92-ad4cb44e12bb"},"useSeparator":"enabled"},{"content":{"params":{"media":{"disableImageZooming":false},"correct":"true","behaviour":{"enableRetry":true,"enableSolutionsButton":true,"enableCheckButton":true,"confirmCheckDialog":false,"confirmRetryDialog":false,"autoCheck":false},"l10n":{"trueText":"True","falseText":"False","score":"You got @score of @total points","checkAnswer":"Check","showSolutionButton":"Show solution","tryAgain":"Retry","wrongAnswerMessage":"Wrong answer","correctAnswerMessage":"Correct answer","scoreBarLabel":"You got :num out of :total points","a11yCheck":"Check the answers. The responses will be marked as correct, incorrect, or unanswered.","a11yShowSolution":"Show the solution. The task will be marked with its correct solution.","a11yRetry":"Retry the task. Reset all responses and start the task over again."},"confirmCheck":{"header":"Finish ?","body":"Are you sure you wish to finish ?","cancelLabel":"Cancel","confirmLabel":"Finish"},"confirmRetry":{"header":"Retry ?","body":"Are you sure you wish to retry ?","cancelLabel":"Cancel","confirmLabel":"Confirm"},"question":"<p><strong>Voltmeter is used to measure voltage.<\/strong><\/p>\n"},"library":"H5P.TrueFalse 1.6","metadata":{"contentType":"True\/False Question","license":"U","title":"Untitled True\/False Question"},"subContentId":"de1b314e-2d0a-495c-b161-39abe407ef87"},"useSeparator":"disabled"},{"content":{"params":{"contentName":"Image","alt":"resistor","file":{"path":"images\/file-60f680ec73276.png","mime":"image\/png","copyright":{"license":"U"},"width":1300,"height":250}},"library":"H5P.Image 1.1","metadata":{"contentType":"Image","license":"U","title":"Untitled Image"},"subContentId":"00aae19e-09c7-472a-81b0-1ae42ff40855"},"useSeparator":"enabled"},{"content":{"params":{"media":{"disableImageZooming":false},"text":"<p>.<\/p>\n","overallFeedback":[{"from":0,"to":100}],"showSolutions":"Show solution","tryAgain":"Retry","checkAnswer":"Check","notFilledOut":"Please fill in all blanks to view solution","answerIsCorrect":"&#039;:ans&#039; is correct","answerIsWrong":"&#039;:ans&#039; is wrong","answeredCorrectly":"Answered correctly","answeredIncorrectly":"Answered incorrectly","solutionLabel":"Correct answer:","inputLabel":"Blank input @num of @total","inputHasTipLabel":"Tip available","tipLabel":"Tip","behaviour":{"enableRetry":true,"enableSolutionsButton":true,"enableCheckButton":true,"autoCheck":false,"caseSensitive":false,"showSolutionsRequiresInput":true,"separateLines":false,"confirmCheckDialog":false,"confirmRetryDialog":false,"acceptSpellingErrors":false},"scoreBarLabel":"You got :num out of :total points","a11yCheck":"Check the answers. The responses will be marked as correct, incorrect, or unanswered.","a11yShowSolution":"Show the solution. The task will be marked with its correct solution.","a11yRetry":"Retry the task. Reset all responses and start the task over again.","a11yCheckingModeHeader":"Checking mode","confirmCheck":{"header":"Finish ?","body":"Are you sure you wish to finish ?","cancelLabel":"Cancel","confirmLabel":"Finish"},"confirmRetry":{"header":"Retry ?","body":"Are you sure you wish to retry ?","cancelLabel":"Cancel","confirmLabel":"Confirm"},"questions":["<p><strong>The symbol shown in the image indicates *resistor*.<\/strong><\/p>\n"]},"library":"H5P.Blanks 1.12","metadata":{"contentType":"Fill in the Blanks","license":"U","title":"."},"subContentId":"ce81c397-a70d-4d91-8c7e-ba60048aee4b"},"useSeparator":"disabled"}]}