{"mode":"repetition","description":"<p style=\"text-align: center;\"><strong>Guess the answers to the following.<\/strong><\/p>\n","dialogs":[{"tips":{},"text":"<p style=\"text-align: center;\"><strong>Why do you get #value error?<\/strong><\/p>\n","answer":"<p style=\"text-align: center;\"><strong>This happens if impossible mathematical function is performed like square root of negative number.<\/strong><\/p>\n","image":{"path":"images\/image-60feb81a1c850.png","mime":"image\/png","copyright":{"license":"U"},"width":580,"height":355}},{"tips":{},"answer":"<p style=\"text-align: center;\"><strong>Check to make sure your formula references the right cells.<\/strong><\/p>\n","text":"<p style=\"text-align: center;\"><strong>How to fix reference error?<\/strong><\/p>\n","image":{"path":"images\/image-60f0422a46637.png","mime":"image\/png","copyright":{"license":"U"},"width":509,"height":266}},{"tips":{},"text":"<p style=\"text-align: center;\"><strong>Why avoid dividing any number by zero?<\/strong><\/p>\n","answer":"<p style=\"text-align: center;\"><strong>You will get undefined error.<\/strong><\/p>\n","image":{"path":"images\/image-60f0425f8cbc2.jpg","mime":"image\/jpeg","copyright":{"license":"U"},"width":2672,"height":1817}},{"tips":{},"text":"<p style=\"text-align: center;\"><strong>How to fix name error?<\/strong><\/p>\n","answer":"<p style=\"text-align: center;\"><strong>Check the spelling of the function that is getting an error and try to match it.<\/strong><\/p>\n","image":{"path":"images\/image-6102b8b551603.jpg","mime":"image\/jpeg","copyright":{"license":"U"},"width":238,"height":250}},{"tips":{},"text":"<p style=\"text-align: center;\"><strong>Why do you need to save your document everytime?<\/strong><\/p>\n","answer":"<p style=\"text-align: center;\"><strong>Saving can prevent loss and helps you to continue from where you left.<\/strong><\/p>\n","image":{"path":"images\/image-60feb941d1bff.png","mime":"image\/png","copyright":{"license":"U"},"width":512,"height":512}},{"tips":{},"text":"<p style=\"text-align: center;\"><strong>What is the shortcut key to save?<\/strong><\/p>\n","answer":"<p style=\"text-align: center;\"><strong>CTRL + S<\/strong><\/p>\n","image":{"path":"images\/image-60f042c3847b6.jpg","mime":"image\/jpeg","copyright":{"license":"U"},"width":238,"height":250}},{"tips":{},"text":"<p style=\"text-align: center;\"><strong>What are the character that file name shouldn't contain while saving?<\/strong><\/p>\n","answer":"<p style=\"text-align: center;\"><strong>File name should not contain these characters (\" * : &lt; &gt; ? \\ \/ |.).<\/strong><\/p>\n","image":{"path":"images\/image-60f042dc7b125.jpg","mime":"image\/jpeg","copyright":{"license":"U"},"width":500,"height":500}},{"tips":{},"text":"<p style=\"text-align: center;\"><strong>What is print preview?<\/strong><\/p>\n","answer":"<p style=\"text-align: center;\"><strong>Print preview is a feature that displays on the screen what a hard copy would look like when printed.<\/strong><\/p>\n","image":{"path":"images\/image-60feb8d4dd34c.png","mime":"image\/png","copyright":{"license":"U"},"width":1024,"height":1024}},{"tips":{},"text":"<p style=\"text-align: center;\"><strong>Shortcut key to initiate print is ___<\/strong><\/p>\n","answer":"<p style=\"text-align: center;\">CTRL + P<\/p>\n","image":{"path":"images\/image-60f0432290703.jpg","mime":"image\/jpeg","copyright":{"license":"U"},"width":620,"height":485}},{"tips":{},"answer":"<p style=\"text-align: center;\"><strong>1. Highlight the area that you want to print.<br>\n2. From the menu bar, select Page Layout then Print Area and Set Print Area.<\/strong><\/p>\n","text":"<p style=\"text-align: center;\"><strong>How do you print only part of the Spreadsheet?<\/strong><\/p>\n","image":{"path":"images\/image-60f0433779bd2.jpg","mime":"image\/jpeg","copyright":{"license":"U"},"width":238,"height":250}}],"behaviour":{"enableRetry":true,"disableBackwardsNavigation":false,"scaleTextNotCard":false,"randomCards":false,"maxProficiency":5,"quickProgression":false},"answer":"Turn","next":"Next","prev":"Previous","retry":"Retry","correctAnswer":"I got it right!","incorrectAnswer":"I got it wrong","round":"Round @round","cardsLeft":"Cards left: @number","nextRound":"Proceed to round @round","startOver":"Start over","showSummary":"Next","summary":"Summary","summaryCardsRight":"Cards you got right:","summaryCardsWrong":"Cards you got wrong:","summaryCardsNotShown":"Cards in pool not shown:","summaryOverallScore":"Overall Score","summaryCardsCompleted":"Cards you have completed learning:","summaryCompletedRounds":"Completed rounds:","summaryAllDone":"Well done! You got all @cards cards correct @max times in a row!","progressText":"Card @card of @total","cardFrontLabel":"Card front","cardBackLabel":"Card back","tipButtonLabel":"Show tip","audioNotSupported":"Your browser does not support this audio","confirmStartingOver":{"header":"Start over?","body":"All progress will be lost. Are you sure you want to start over?","cancelLabel":"Cancel","confirmLabel":"Start over"},"title":"<p>&nbsp;&nbsp;<\/p>\n"}