{"mode":"repetition","description":"<p style=\"text-align: center;\"><strong>Learn about the excel screen<\/strong><\/p>\n","dialogs":[{"tips":{},"answer":"<p style=\"text-align: center;\"><strong>There are 8 tabs, each one represents a core task in Excel.<\/strong><\/p>\n","text":"<p style=\"text-align: center;\"><strong>How many tabs are there and what do they represent?<\/strong><\/p>\n","image":{"path":"images\/image-60f034d05224a.png","mime":"image\/png","copyright":{"license":"U"},"width":604,"height":234}},{"tips":{},"answer":"<p style=\"text-align: center;\"><strong>It shows on which program you are in and the name of the current workbook.<\/strong><\/p>\n","text":"<p style=\"text-align: center;\"><strong>What does title bar show?<\/strong><\/p>\n","image":{"path":"images\/image-60f0353773aa0.png","mime":"image\/png","copyright":{"license":"U"},"width":626,"height":449}},{"tips":{},"answer":"<p style=\"text-align: center;\"><strong>This holds some of the common features, such as<\/strong><\/p>\n\n<p style=\"text-align: center;\"><strong>Undo and Redo.<\/strong><\/p>\n","text":"<p style=\"text-align: center;\"><strong>What is a quick access toolbar?<\/strong><\/p>\n","image":{"path":"images\/image-60f03551ae2be.png","mime":"image\/png","copyright":{"license":"U"},"width":410,"height":250}},{"tips":{},"answer":"<p style=\"text-align: center;\"><strong>It contains options like Save, Open, Close and Print, as well as some more features.<\/strong><\/p>\n","text":"<p style=\"text-align: center;\"><strong>What does file tab contain?<\/strong><\/p>\n","image":{"path":"images\/image-60f038986972c.png","mime":"image\/png","copyright":{"license":"U"},"width":444,"height":525}},{"tips":{},"answer":"<p style=\"text-align: center;\"><strong>Replaces Menus and Toolbars, Contains tabs and commands.<\/strong><\/p>\n","text":"<p style=\"text-align: center;\"><strong>What does a ribbon do?<\/strong><\/p>\n","image":{"path":"images\/image-60f039eccb122.png","mime":"image\/png","copyright":{"license":"U"},"width":1020,"height":491}},{"tips":{},"text":"<p style=\"text-align: center;\"><strong>Where do you insert formula?<\/strong><\/p>\n","answer":"<p style=\"text-align: center;\"><strong>In the formula bar.<\/strong><\/p>\n","image":{"path":"images\/image-60f035dc4107d.png","mime":"image\/png","copyright":{"license":"U"},"width":415,"height":237}},{"tips":{},"text":"<p style=\"text-align: center;\"><strong>What are cells in excel window?<\/strong><\/p>\n","answer":"<p style=\"text-align: center;\"><strong>The boxes that make up the spreadsheet.<\/strong><\/p>\n","image":{"path":"images\/image-60f03616e1c23.png","mime":"image\/png","copyright":{"license":"U"},"width":396,"height":400}},{"tips":{},"text":"<p style=\"text-align: center;\"><strong>What do you do in inside those cells?<\/strong><\/p>\n","answer":"<p style=\"text-align: center;\"><strong>Insert data<\/strong><\/p>\n","image":{"path":"images\/image-60f0366069a10.png","mime":"image\/png","copyright":{"license":"U"},"width":800,"height":600}},{"tips":{},"answer":"<p style=\"text-align: center;\"><strong>The sheet tabs show you which sheet you are currently on.<\/strong><\/p>\n","text":"<p style=\"text-align: center;\"><strong>How does sheet tab help you?<\/strong><\/p>\n","image":{"path":"images\/image-60f03685907e2.png","mime":"image\/png","copyright":{"license":"U"},"width":454,"height":308}},{"tips":{},"answer":"<p style=\"text-align: center;\"><strong>These are buttons and can represent a box to enter information or even a menu.<\/strong><\/p>\n","text":"<p style=\"text-align: center;\"><strong>What are the commands that you see on excel screen?<\/strong><\/p>\n","image":{"path":"images\/image-60f036b1f2ef9.jpg","mime":"image\/jpeg","copyright":{"license":"U"},"width":615,"height":369}}],"behaviour":{"enableRetry":true,"disableBackwardsNavigation":false,"scaleTextNotCard":false,"randomCards":false,"maxProficiency":5,"quickProgression":false},"answer":"Turn","next":"Next","prev":"Previous","retry":"Retry","correctAnswer":"I got it right!","incorrectAnswer":"I got it wrong","round":"Round @round","cardsLeft":"Cards left: @number","nextRound":"Proceed to round @round","startOver":"Start over","showSummary":"Next","summary":"Summary","summaryCardsRight":"Cards you got right:","summaryCardsWrong":"Cards you got wrong:","summaryCardsNotShown":"Cards in pool not shown:","summaryOverallScore":"Overall Score","summaryCardsCompleted":"Cards you have completed learning:","summaryCompletedRounds":"Completed rounds:","summaryAllDone":"Well done! You got all @cards cards correct @max times in a row!","progressText":"Card @card of @total","cardFrontLabel":"Card front","cardBackLabel":"Card back","tipButtonLabel":"Show tip","audioNotSupported":"Your browser does not support this audio","confirmStartingOver":{"header":"Start over?","body":"All progress will be lost. Are you sure you want to start over?","cancelLabel":"Cancel","confirmLabel":"Start over"},"title":"<p>&nbsp;&nbsp;<\/p>\n"}