{"mode":"repetition","description":"<p style=\"text-align: center;\"><strong>Guess the answer and turn the cards to see if you got it right.<\/strong><\/p>\n","dialogs":[{"tips":{},"text":"<p style=\"text-align: center;\"><strong>What is the full form of MCB?<\/strong><\/p>\n","answer":"<p style=\"text-align: center;\"><strong>Miniature Circuit Breaker<\/strong><\/p>\n","image":{"path":"images\/image-60ed638a5bc8e.jpg","mime":"image\/jpeg","copyright":{"license":"U"},"width":1500,"height":1284}},{"tips":{},"text":"<p style=\"text-align: center;\"><strong>Between simple cell and dry cell, which one is portable?<\/strong><\/p>\n","answer":"<p style=\"text-align: center;\"><strong>Dry cell<\/strong><\/p>\n","image":{"path":"images\/image-60ed640b80558.png","mime":"image\/png","copyright":{"license":"U"},"width":500,"height":500}},{"tips":{},"text":"<p style=\"text-align: center;\"><strong>What are the defects in simple cell?<\/strong><\/p>\n","answer":"<p style=\"text-align: center;\"><strong>Polarization and local action<\/strong><\/p>\n","image":{"path":"images\/image-60ed648255e15.png","mime":"image\/png","copyright":{"license":"U"},"width":551,"height":453}},{"tips":{},"text":"<p style=\"text-align: center;\"><strong>The metal plates (copper plate and zinc plate) used in the simple cell are called:<\/strong><\/p>\n","answer":"<p style=\"text-align: center;\"><strong>Electrodes<\/strong><\/p>\n","image":{"path":"images\/image-60ed6a2898881.png","mime":"image\/png","copyright":{"license":"U"},"width":779,"height":452}},{"tips":{},"text":"<p style=\"text-align: center;\"><strong>What electrolyte is used in the simple cell?<\/strong><\/p>\n","answer":"<p style=\"text-align: center;\"><strong>Dilute sulphuric acid<\/strong><\/p>\n","image":{"path":"images\/image-60ed651338a77.png","mime":"image\/png","copyright":{"license":"U"},"width":352,"height":154}},{"tips":{},"text":"<p style=\"text-align: center;\"><strong>The chemicals used to remove the polarization are known as:<\/strong><\/p>\n","answer":"<p style=\"text-align: center;\"><strong>Depolarizer<\/strong><\/p>\n","image":{"path":"images\/image-60ed65857b00f.png","mime":"image\/png","copyright":{"license":"U"},"width":544,"height":459}},{"tips":{},"text":"<p style=\"text-align: center;\"><strong>What is used in a dry cell as an electrolyte?<\/strong><\/p>\n","answer":"<p style=\"text-align: center;\"><strong>Ammonium chloride<\/strong><\/p>\n","image":{"path":"images\/image-60ed66432ed5e.png","mime":"image\/png","copyright":{"license":"U"},"width":1195,"height":1171}},{"tips":{},"text":"<p style=\"text-align: center;\"><strong>In which cell ,&nbsp;manganese dioxide as a depolarizer is used already?<\/strong><\/p>\n","answer":"<p style=\"text-align: center;\"><strong>Dry cell<\/strong><\/p>\n","image":{"path":"images\/image-60ed65f3cae97.png","mime":"image\/png","copyright":{"license":"U"},"width":635,"height":393}},{"tips":{},"text":"<p style=\"text-align: center;\"><strong>DC circuit is used as a domestic circuit. Is it true or false?<\/strong><\/p>\n","answer":"<p style=\"text-align: center;\"><strong>False<\/strong><\/p>\n","image":{"path":"images\/image-60ed66c2e6369.jpg","mime":"image\/jpeg","copyright":{"license":"U"},"width":800,"height":552}},{"tips":{},"text":"<p style=\"text-align: center;\"><strong>A connecting wire in an electric circuit can carry 5A current with safety. If electrical appliances used in the circuit draw large current than 5A, the wire may burn or damage. What is this condition called?<\/strong><\/p>\n","answer":"<p style=\"text-align: center;\"><strong>Overloading<\/strong><\/p>\n","image":{"path":"images\/image-60ed675a4aa85.png","mime":"image\/png","copyright":{"license":"U"},"width":500,"height":500}}],"behaviour":{"enableRetry":true,"disableBackwardsNavigation":false,"scaleTextNotCard":false,"randomCards":false,"maxProficiency":5,"quickProgression":false},"answer":"Turn","next":"Next","prev":"Previous","retry":"Retry","correctAnswer":"I got it right!","incorrectAnswer":"I got it wrong","round":"Round @round","cardsLeft":"Cards left: @number","nextRound":"Proceed to round @round","startOver":"Start over","showSummary":"Next","summary":"Summary","summaryCardsRight":"Cards you got right:","summaryCardsWrong":"Cards you got wrong:","summaryCardsNotShown":"Cards in pool not shown:","summaryOverallScore":"Overall Score","summaryCardsCompleted":"Cards you have completed learning:","summaryCompletedRounds":"Completed rounds:","summaryAllDone":"Well done! You got all @cards cards correct @max times in a row!","progressText":"Card @card of @total","cardFrontLabel":"Card front","cardBackLabel":"Card back","tipButtonLabel":"Show tip","audioNotSupported":"Your browser does not support this audio","confirmStartingOver":{"header":"Start over?","body":"All progress will be lost. Are you sure you want to start over?","cancelLabel":"Cancel","confirmLabel":"Start over"},"title":"<p style=\"text-align: center;\"><strong>Electricity<\/strong><\/p>\n"}