{"mode":"repetition","description":"<p style=\"text-align: center;\"><strong>Guess the answers.<\/strong><\/p>\n","dialogs":[{"tips":{},"text":"<p style=\"text-align: center;\"><strong>_____ function returns the ASCII value of a supplied character. ASCII stands for American Standard Codes for Information Interchange.<\/strong><\/p>\n","answer":"<p style=\"text-align: center;\"><strong>ASC()<\/strong><\/p>\n","image":{"path":"images\/image-60fcdd63ade7f.jpg","mime":"image\/jpeg","copyright":{"license":"U"},"width":367,"height":450}},{"tips":{},"text":"<p style=\"text-align: center;\"><strong>______ function returns square root of a supplied number. It is a mathematical function<\/strong><\/p>\n","answer":"<p style=\"text-align: center;\"><strong>SQR()<\/strong><\/p>\n","image":{"path":"images\/image-60fcdde7c3d31.jpg","mime":"image\/jpeg","copyright":{"license":"U"},"width":999,"height":995}},{"tips":{},"text":"<p style=\"text-align: center;\"><strong>_____ function counts numbers of characters that are present in the supplied string.<\/strong><\/p>\n","answer":"<p style=\"text-align: center;\"><strong>LEN()<\/strong><\/p>\n","image":{"path":"images\/image-60fcdc6bb9cdd.png","mime":"image\/png","copyright":{"license":"U"},"width":245,"height":206}},{"tips":{},"text":"<p style=\"text-align: center;\"><strong>____ function returns specified number of characters from the specified position of a supplied string.<\/strong><\/p>\n","answer":"<p style=\"text-align: center;\"><strong>MID$()<\/strong><\/p>\n","image":{"path":"images\/image-60fcdc2a83905.png","mime":"image\/png","copyright":{"license":"U"},"width":238,"height":212}},{"tips":{},"text":"<p style=\"text-align: center;\"><strong>_____ function returns specified number of characters from the right side of the supplied string.<\/strong><\/p>\n","answer":"<p style=\"text-align: center;\"><strong>RIGHT$()<\/strong><\/p>\n","image":{"path":"images\/image-60fcdbe202cc0.png","mime":"image\/png","copyright":{"license":"U"},"width":356,"height":142}},{"tips":{},"text":"<p style=\"text-align: center;\"><strong>_____ function returns specified number of characters from the left most position of a string.<\/strong><\/p>\n","answer":"<p style=\"text-align: center;\"><strong>LEFT$( )<\/strong><\/p>\n","image":{"path":"images\/image-60fcdba1d079b.png","mime":"image\/png","copyright":{"license":"U"},"width":224,"height":224}},{"tips":{},"text":"<p style=\"text-align: center;\"><strong>_______ function changes the supplied string into lowercase characters i.e. small letter alphabet.<\/strong><\/p>\n","answer":"<p style=\"text-align: center;\"><strong>LCASE$( )<\/strong><\/p>\n","image":{"path":"images\/image-60fcdb6805b5d.png","mime":"image\/png","copyright":{"license":"U"},"width":225,"height":225}},{"tips":{},"text":"<p style=\"text-align: center;\"><strong>_______ function converts the supplied string to capital letters.<\/strong><\/p>\n","answer":"<p style=\"text-align: center;\"><strong>UCASE$( )<\/strong><\/p>\n","image":{"path":"images\/image-60fcdb1493100.png","mime":"image\/png","copyright":{"license":"U"},"width":371,"height":243,"originalImage":{"path":"images\/image-60fcdb0872b47.png#tmp","mime":"image\/png","height":250,"width":1200}}},{"tips":{},"text":"<p style=\"text-align: center;\">________<strong>&nbsp;functions give number as an output after the processing.<\/strong><\/p>\n","answer":"<p style=\"text-align: center;\"><strong>Mathematical<\/strong><\/p>\n","image":{"path":"images\/image-60fcdadba43f3.jpg","mime":"image\/jpeg","copyright":{"license":"U"},"width":612,"height":612}},{"tips":{},"text":"<p style=\"text-align: center;\">________ <strong>are the set of executable block of instructions capable of doing some specific tasks.<\/strong><\/p>\n","answer":"<p style=\"text-align: center;\"><strong>Library Functions <\/strong><\/p>\n","image":{"path":"images\/image-60fcda9f1caf3.jpg","mime":"image\/jpeg","copyright":{"license":"U"},"width":626,"height":315}}],"behaviour":{"enableRetry":true,"disableBackwardsNavigation":false,"scaleTextNotCard":false,"randomCards":false,"maxProficiency":5,"quickProgression":false},"answer":"Turn","next":"Next","prev":"Previous","retry":"Retry","correctAnswer":"I got it right!","incorrectAnswer":"I got it wrong","round":"Round @round","cardsLeft":"Cards left: @number","nextRound":"Proceed to round @round","startOver":"Start over","showSummary":"Next","summary":"Summary","summaryCardsRight":"Cards you got right:","summaryCardsWrong":"Cards you got wrong:","summaryCardsNotShown":"Cards in pool not shown:","summaryOverallScore":"Overall Score","summaryCardsCompleted":"Cards you have completed learning:","summaryCompletedRounds":"Completed rounds:","summaryAllDone":"Well done! You got all @cards cards correct @max times in a row!","progressText":"Card @card of @total","cardFrontLabel":"Card front","cardBackLabel":"Card back","tipButtonLabel":"Show tip","audioNotSupported":"Your browser does not support this audio","confirmStartingOver":{"header":"Start over?","body":"All progress will be lost. Are you sure you want to start over?","cancelLabel":"Cancel","confirmLabel":"Start over"},"title":"<p>&nbsp;&nbsp;<\/p>\n"}