{"mode":"repetition","description":"<p style=\"text-align: center;\"><strong>Identify some popular HTML tags<\/strong><\/p>\n","dialogs":[{"tips":{},"text":"<p style=\"text-align: center;\"><strong>Which tag creates horizontal line?<\/strong><\/p>\n","answer":"<p style=\"text-align: center;\"><strong>&lt;hr&gt;<\/strong><\/p>\n","image":{"path":"images\/image-60f52a267f619.png","mime":"image\/png","copyright":{"license":"U"},"width":321,"height":287}},{"tips":{},"text":"<p style=\"text-align: center;\"><strong>What does a &lt;br&gt; tag do?<\/strong><\/p>\n","answer":"<p style=\"text-align: center;\"><strong>It is used to break a line.<\/strong><\/p>\n","image":{"path":"images\/image-60f52a4bc6348.png","mime":"image\/png","copyright":{"license":"U"},"width":320,"height":157}},{"tips":{},"text":"<p style=\"text-align: center;\"><strong>How do you add comment or remark?<\/strong><\/p>\n","answer":"<p style=\"text-align: center;\"><strong>&lt;!-- comment --&gt;<\/strong><\/p>\n","image":{"path":"images\/image-60f52a550612a.jpg","mime":"image\/jpeg","copyright":{"license":"U"},"width":845,"height":410}},{"tips":{},"text":"<p style=\"text-align: center;\"><strong>Tag to create a list of anything is ___<\/strong><\/p>\n","answer":"<p style=\"text-align: center;\"><strong>&lt;li&gt; list &lt;\/li&gt;<\/strong><\/p>\n","image":{"path":"images\/image-60f52a5b1d223.jpg","mime":"image\/jpeg","copyright":{"license":"U"},"width":600,"height":511}},{"tips":{},"text":"<p style=\"text-align: center;\"><strong>How do you include image?<\/strong><\/p>\n","answer":"<p style=\"text-align: center;\"><strong>&lt;img src=\"image link\" alt=\"alt text\"&gt;<\/strong><\/p>\n","image":{"path":"images\/image-60f52a61f1655.png","mime":"image\/png","copyright":{"license":"U"},"width":512,"height":320}},{"tips":{},"text":"<p style=\"text-align: center;\"><strong>How do you create a text that moves left to right or vice-versa?<\/strong><\/p>\n","answer":"<p style=\"text-align: center;\"><strong>&lt;marque&gt; text &lt;\/marque&gt;<\/strong><\/p>\n","image":{"path":"images\/image-60f52a69b2be2.jpg","mime":"image\/jpeg","copyright":{"license":"U"},"width":500,"height":469}},{"tips":{},"text":"<p style=\"text-align: center;\"><strong>How to create a hyperlink?<\/strong><\/p>\n","answer":"<p style=\"text-align: center;\"><strong>&lt;a href=\"www.google.com\"&gt; Go to google &lt;\/a&gt;<\/strong><\/p>\n","image":{"path":"images\/image-60f52a72b44c9.png","mime":"image\/png","copyright":{"license":"U"},"width":613,"height":204}},{"tips":{},"text":"<p style=\"text-align: center;\"><strong>How do you create data in the form of row and column?<\/strong><\/p>\n","answer":"<p style=\"text-align: center;\"><strong>Create a table using: &lt;table&gt; &lt;\/table&gt;<\/strong><\/p>\n","image":{"path":"images\/image-60f52a7792905.png","mime":"image\/png","copyright":{"license":"U"},"width":316,"height":288}},{"tips":{},"text":"<p style=\"text-align: center;\"><strong>How can you identify a paragraph in HTML?<\/strong><\/p>\n","answer":"<p style=\"text-align: center;\"><strong>Paragraph is included inside [&lt;p&gt; &lt;\/p&gt;]&nbsp; tag.<\/strong><\/p>\n","image":{"path":"images\/image-61020d3352847.png","mime":"image\/png","copyright":{"license":"U"},"width":798,"height":350}},{"tips":{},"text":"<p style=\"text-align: center;\"><strong>How do you create a button?<\/strong><\/p>\n","answer":"<p style=\"text-align: center;\"><strong>Use the tag: [&lt;button&gt;&lt;\/button&gt;]<\/strong><\/p>\n","image":{"path":"images\/image-60f52a8227b23.png","mime":"image\/png","copyright":{"license":"U"},"width":596,"height":335}}],"behaviour":{"enableRetry":true,"disableBackwardsNavigation":false,"scaleTextNotCard":false,"randomCards":false,"maxProficiency":5,"quickProgression":false},"answer":"Turn","next":"Next","prev":"Previous","retry":"Retry","correctAnswer":"I got it right!","incorrectAnswer":"I got it wrong","round":"Round @round","cardsLeft":"Cards left: @number","nextRound":"Proceed to round @round","startOver":"Start over","showSummary":"Next","summary":"Summary","summaryCardsRight":"Cards you got right:","summaryCardsWrong":"Cards you got wrong:","summaryCardsNotShown":"Cards in pool not shown:","summaryOverallScore":"Overall Score","summaryCardsCompleted":"Cards you have completed learning:","summaryCompletedRounds":"Completed rounds:","summaryAllDone":"Well done! You got all @cards cards correct @max times in a row!","progressText":"Card @card of @total","cardFrontLabel":"Card front","cardBackLabel":"Card back","tipButtonLabel":"Show tip","audioNotSupported":"Your browser does not support this audio","confirmStartingOver":{"header":"Start over?","body":"All progress will be lost. Are you sure you want to start over?","cancelLabel":"Cancel","confirmLabel":"Start over"},"title":"<p>&nbsp;&nbsp;<\/p>\n"}