{"cards":[{"text":"______ is a program or software that detects and removes the computer virus from an infected file, program or memory addresses.","answer":"Antivirus","tip":"<p><strong>Antivirus or Computer virus<\/strong><\/p>\n","image":{"path":"images\/image-60f469c2bf70e.png","mime":"image\/png","copyright":{"license":"U"},"width":512,"height":512}},{"text":"Kaspersky is an example of antivirus. Is it True or False?","answer":"True","tip":"<p>Type in <strong>True<\/strong> or <strong>False<\/strong>.<\/p>\n","image":{"path":"images\/image-60f469b08e212.png","mime":"image\/png","copyright":{"license":"U"},"width":512,"height":512}},{"text":"We should open email attachments from unknown sources. Is it True or False?","answer":"False","tip":"<p>Type in <strong>True<\/strong> or <strong>False<\/strong>.<\/p>\n","image":{"path":"images\/image-60f469de747aa.png","mime":"image\/png","copyright":{"license":"U"},"width":512,"height":512}},{"text":"Antivirus software blocks _____ software from entering your computer. [useful\/harmful]","answer":"harmful","tip":"<p>Choose the correct <strong>option<\/strong>.<\/p>\n","image":{"path":"images\/image-60f46add3fc54.png","mime":"image\/png","copyright":{"license":"U"},"width":512,"height":512}},{"text":"Buying software only from proven source prevents virus from entering your computer. Is it True or False?","answer":"True","tip":"<p>Type in <strong>True<\/strong> or <strong>False<\/strong>.<\/p>\n","image":{"path":"images\/image-60f46b0bd137c.png","mime":"image\/png","copyright":{"license":"U"},"width":512,"height":512}},{"text":"Is the above shown image an antivirus software? [Yes or No]","tip":"<p>Type in <strong>Yes<\/strong> or <strong>No<\/strong>.<\/p>\n","answer":"Yes","image":{"path":"images\/image-60f46b18b527a.png","mime":"image\/png","copyright":{"license":"U"},"width":512,"height":512}},{"text":"A properly _____ antivirus program can save your time and money. [updated\/uninstalled]","answer":"updated","tip":"<p>Choose the correct <strong>option<\/strong>.<\/p>\n","image":{"path":"images\/image-60f46b66bbe17.png","mime":"image\/png","copyright":{"license":"U"},"width":512,"height":512}},{"text":"Antivirus is used to remove the viruses from computer. [Yes or No]","answer":"Yes","tip":"<p>Type in <strong>Yes<\/strong> or <strong>No<\/strong>.<\/p>\n","image":{"path":"images\/image-60f46bf4ebdee.png","mime":"image\/png","copyright":{"license":"U"},"width":512,"height":512}},{"text":"NOD 32 is an example of a virus. Is it True or False?","answer":"False","tip":"<p>Type in <strong>True<\/strong> or <strong>False<\/strong>.<\/p>\n","image":{"path":"images\/image-60f46c2c5f40a.png","mime":"image\/png","copyright":{"license":"U"},"width":512,"height":512}},{"text":"Antivirus software can _____ damage sections of your computer. [repair\/break]","answer":"repair","tip":"<p>Choose the correct <strong>option<\/strong>.<\/p>\n","image":{"path":"images\/image-60f46c5c51f81.png","mime":"image\/png","copyright":{"license":"U"},"width":512,"height":513}}],"progressText":"Card @card of @total","next":"Next","previous":"Previous","checkAnswerText":"Check","showSolutionsRequiresInput":true,"defaultAnswerText":"Your answer","correctAnswerText":"Correct","incorrectAnswerText":"Incorrect","showSolutionText":"Correct answer","results":"Results","ofCorrect":"@score of @total correct","showResults":"Show results","answerShortText":"A:","retry":"Retry","caseSensitive":false,"cardAnnouncement":"Incorrect answer. Correct answer was @answer","pageAnnouncement":"Page @current of @total","description":"Read the questions carefully and answer.","correctAnswerAnnouncement":"@answer is correct."}