{"cards":[{"text":"What is the diameter of the Sun? (1392000 m \/ 1392000 km \/ 1392000 cm)","answer":"1392000 km","tip":"<p><em>Answer in number with units.<\/em><\/p>\n","image":{"path":"images\/image-60e959236b7ca.png","mime":"image\/png","copyright":{"license":"U"},"width":1024,"height":882},"imageAltText":"sun"},{"text":"Do planets have light of their own? Yes or no?","answer":"No","tip":"<p><em>Planets do not twinkle at night.<\/em><\/p>\n","image":{"path":"images\/image-60e9592e147ca.png","mime":"image\/png","copyright":{"license":"U"},"width":1920,"height":1200},"imageAltText":"earth"},{"text":"The distance between the Sun and the Earth is 150 million centimeters. Yes or no?","answer":"No","tip":"","image":{"path":"images\/image-60e959544e4e9.png","mime":"image\/png","copyright":{"license":"U"},"width":2560,"height":1442},"imageAltText":"earth and sun"},{"text":"What is the study of the universe known as?","answer":"Astronomy","tip":"<p><em>Astronomer study universe.<\/em><\/p>\n","image":{"path":"images\/image-60e95935e4d56.png","mime":"image\/png","copyright":{"license":"U"},"width":976,"height":634},"imageAltText":"astronomy"},{"text":"How many days does the Moon take to complete one round on its axis? (27.33 \/ 30.33 \/ 25.33)","answer":"27.33\/27.33 days","tip":"<p><em>Answer in number.<\/em><\/p>\n","image":{"path":"images\/image-60e9593fbcf6f.png","mime":"image\/png","copyright":{"license":"U"},"width":800,"height":800},"imageAltText":"moon"},{"text":"The path of the earth around the sun is called an ____. (orbit \/ axis \/ pole)","answer":"orbit","tip":"","image":{"path":"images\/image-60e9596627609.png","mime":"image\/png","copyright":{"license":"U"},"width":1041,"height":586},"imageAltText":"Earth revolving"},{"text":"Which eclipse occurs when the moon is in between Earth and Sun? (Lunar eclipse \/ Solar eclipse)","answer":"Solar eclipse","tip":"<p><em>Moon casts its shadow on the earth.<\/em><\/p>\n","image":{"path":"images\/image-60e95977c6f77.png","mime":"image\/png","copyright":{"license":"U"},"width":600,"height":337},"imageAltText":"solar eclipse"},{"text":"Which lasts longer, a lunar eclipse or a solar eclipse?","answer":"Lunar eclipse","tip":"<p><em>Earth casts its shadow on the moon.<\/em><\/p>\n","image":{"path":"images\/image-60e95981c4fe4.png","mime":"image\/png","copyright":{"license":"U"},"width":1200,"height":1200},"imageAltText":"lunar eclipse"},{"text":"What is the cause of a total eclipse?","answer":"Umbra","tip":"<p><em>Dark shadow<\/em><\/p>\n","image":{"path":"images\/image-60e9598e2b391.png","mime":"image\/png","copyright":{"license":"U"},"width":1920,"height":1080},"imageAltText":"umbra and penumbra"},{"text":"Planets revolve around the Sun from ____.","answer":"west to east","tip":"<p><em>Sun rises from east.<\/em><\/p>\n","image":{"path":"images\/image-60e9599e187a6.png","mime":"image\/png","copyright":{"license":"U"},"width":877,"height":500},"imageAltText":"planets around the sun"}],"progressText":"Card @card of @total","next":"Next","previous":"Previous","checkAnswerText":"Check","showSolutionsRequiresInput":true,"defaultAnswerText":"Your answer","correctAnswerText":"Correct","incorrectAnswerText":"Incorrect","showSolutionText":"Correct answer","results":"Results","ofCorrect":"@score of @total correct","showResults":"Show results","answerShortText":"A:","retry":"Retry","caseSensitive":false,"cardAnnouncement":"Incorrect answer. Correct answer was @answer","pageAnnouncement":"Page @current of @total","description":"Read the questions and give the correct answer.","correctAnswerAnnouncement":"@answer is correct.","randomCards":true}