{"mode":"repetition","description":"<p style=\"text-align: center;\"><strong>Read the questions and guess the answers.<\/strong><\/p>\n","dialogs":[{"tips":{},"text":"<p style=\"text-align: center;\"><strong>What is the full form of HIV?<\/strong><\/p>\n","answer":"<p style=\"text-align: center;\"><strong>Human Immunodeficiency Virus<\/strong><\/p>\n","image":{"path":"images\/image-60e994df753b4.jpg","mime":"image\/jpeg","copyright":{"license":"U"},"width":574,"height":497,"originalImage":{"path":"images\/image-60e994c92d1d9.jpg#tmp","mime":"image\/jpeg","height":890,"width":1000}}},{"tips":{},"text":"<p style=\"text-align: center;\"><strong>Which blood cells does HIV destroy?<\/strong><\/p>\n","answer":"<p style=\"text-align: center;\"><strong>White blood cells<\/strong><\/p>\n","image":{"path":"images\/image-60e9962b04463.jpg","mime":"image\/jpeg","copyright":{"license":"U"},"width":479,"height":359}},{"tips":{},"text":"<p style=\"text-align: center;\"><strong>What is the immunity obtained by the body due to immunization or getting<br>\ninfection called?<\/strong><\/p>\n","answer":"<p style=\"text-align: center;\"><strong>Acquired immunity<\/strong><\/p>\n","image":{"path":"images\/image-60e995dcd66bb.jpg","mime":"image\/jpeg","copyright":{"license":"U"},"width":456,"height":497,"originalImage":{"path":"images\/image-60e995cf254b3.jpg#tmp","mime":"image\/jpeg","height":1080,"width":1000}}},{"tips":{},"text":"<p style=\"text-align: center;\"><strong>What does AIDS stand for?<\/strong><\/p>\n","answer":"<p style=\"text-align: center;\"><strong>Acquired Immunodeficiency Syndrome<\/strong><\/p>\n","image":{"path":"images\/image-60e995b7a6372.jpg","mime":"image\/jpeg","copyright":{"license":"U"},"width":471,"height":497,"originalImage":{"path":"images\/image-60e9959a2ccd0.jpg#tmp","mime":"image\/jpeg","height":1080,"width":1000}}},{"tips":{},"text":"<p style=\"text-align: center;\"><strong>After how many years of HIV infection does a person develop AIDS?<\/strong><\/p>\n","answer":"<p style=\"text-align: center;\"><strong>10 - 15 years<\/strong><\/p>\n","image":{"path":"images\/image-60e996f552f34.jpg","mime":"image\/jpeg","copyright":{"license":"U"},"width":900,"height":450}},{"tips":{},"text":"<p style=\"text-align: center;\"><strong>Should we hate and discriminate AIDS patients or give them extra care, love, and affection?<\/strong><\/p>\n","answer":"<p style=\"text-align: center;\"><strong>Give them extra care, love, and affection.<\/strong><\/p>\n","image":{"path":"images\/image-60e9958b6fbf4.jpg","mime":"image\/jpeg","copyright":{"license":"U"},"width":747,"height":497,"originalImage":{"path":"images\/image-60e995772f565.jpg#tmp","mime":"image\/jpeg","height":780,"width":1000}}},{"tips":{},"text":"<p style=\"text-align: center;\"><strong>\"HIV does not kill the victim itself, but it promotes various diseases and the<br>\nvictim of AIDS dies of those diseases.\" Is this statement true or false?<\/strong><\/p>\n","answer":"<p style=\"text-align: center;\"><strong>True<\/strong><\/p>\n","image":{"path":"images\/image-60e9976a222b6.jpg","mime":"image\/jpeg","copyright":{"license":"U"},"width":711,"height":497,"originalImage":{"path":"images\/image-60e9956e38eeb.jpg","mime":"image\/jpeg","height":787,"width":1000}}},{"tips":{},"text":"<p style=\"text-align: center;\"><strong>Can HIV be transmitted by hugging or taking care of AIDS patients? Yes or No?<\/strong><\/p>\n","answer":"<p style=\"text-align: center;\"><strong>No<\/strong><\/p>\n","image":{"path":"images\/image-60e99562dcf34.jpg","mime":"image\/jpeg","copyright":{"license":"U"},"width":304,"height":497,"originalImage":{"path":"images\/image-60e9954895876.jpg#tmp","mime":"image\/jpeg","height":1080,"width":1000}}},{"tips":{},"text":"<p style=\"text-align: center;\"><strong>How can we prevent HIV infection?<\/strong><\/p>\n\n<p style=\"text-align: center;\"><strong>By transfusion of infected blood or by avoiding the transfusion of infected blood?<\/strong><\/p>\n","answer":"<p style=\"text-align: center;\"><strong>By avoiding transfusion of infected blood.<\/strong><\/p>\n","image":{"path":"images\/image-60e9953dc5208.jpg","mime":"image\/jpeg","copyright":{"license":"U"},"width":643,"height":497,"originalImage":{"path":"images\/image-60e995298d5fe.jpg#tmp","mime":"image\/jpeg","height":844,"width":1000}}},{"tips":{},"text":"<p style=\"text-align: center;\"><strong>What damages the immune system of our body and causes AIDS?<\/strong><\/p>\n","answer":"<p style=\"text-align: center;\"><strong>HIV<\/strong><\/p>\n","image":{"path":"images\/image-60e996c41117b.jpg","mime":"image\/jpeg","copyright":{"license":"U"},"width":696,"height":392}}],"behaviour":{"enableRetry":true,"disableBackwardsNavigation":false,"scaleTextNotCard":false,"randomCards":false,"maxProficiency":5,"quickProgression":false},"answer":"Turn","next":"Next","prev":"Previous","retry":"Retry","correctAnswer":"I got it right!","incorrectAnswer":"I got it wrong","round":"Round @round","cardsLeft":"Cards left: @number","nextRound":"Proceed to round @round","startOver":"Start over","showSummary":"Next","summary":"Summary","summaryCardsRight":"Cards you got right:","summaryCardsWrong":"Cards you got wrong:","summaryCardsNotShown":"Cards in pool not shown:","summaryOverallScore":"Overall Score","summaryCardsCompleted":"Cards you have completed learning:","summaryCompletedRounds":"Completed rounds:","summaryAllDone":"Well done! You got all @cards cards correct @max times in a row!","progressText":"Card @card of @total","cardFrontLabel":"Card front","cardBackLabel":"Card back","tipButtonLabel":"Show tip","audioNotSupported":"Your browser does not support this audio","confirmStartingOver":{"header":"Start over?","body":"All progress will be lost. Are you sure you want to start over?","cancelLabel":"Cancel","confirmLabel":"Start over"},"title":"<p style=\"text-align: center;\"><strong>HIV and AIDS<\/strong><\/p>\n"}