{"mode":"repetition","description":"<p style=\"text-align: center;\"><strong>Learn about conservation of environment form the following cards.<\/strong><\/p>\n","dialogs":[{"tips":{},"image":{"path":"images\/image-60e6b6905bfe4.jpg","mime":"image\/jpeg","copyright":{"license":"U"},"width":1000,"height":692},"text":"<p style=\"text-align: center;\"><strong>What is the protection of natural environment without causing pollution called?<\/strong><\/p>\n","answer":"<p style=\"text-align: center;\"><strong>The protection of natural environment without causing pollution is called environment conservation.<\/strong><\/p>\n"},{"tips":{},"image":{"path":"images\/image-60e6b7171ea84.jpg","mime":"image\/jpeg","copyright":{"license":"U"},"width":1000,"height":487},"text":"<p style=\"text-align: center;\"><strong>What kind of pollution do the smoke produced from burning of fuel in automobiles and industries, burning of firewood, dust particles, etc. cause?<\/strong><\/p>\n","answer":"<p style=\"text-align: center;\"><strong>The smoke produced from burning of fuel in automobiles and industries, burning of firewood, dust particles, etc. cause air pollution.<\/strong><\/p>\n"},{"tips":{},"image":{"path":"images\/image-60e6b7931d5d0.jpg","mime":"image\/jpeg","copyright":{"license":"U"},"width":1000,"height":682},"text":"<p style=\"text-align: center;\"><strong>We should throw our daily wastes into the water sources. Yes or No?<\/strong><\/p>\n","answer":"<p style=\"text-align: center;\"><strong>No, we shouldn't throw our daily wastes into the water sources.<\/strong><\/p>\n"},{"tips":{},"image":{"path":"images\/image-60e6b8213823f.jpg","mime":"image\/jpeg","copyright":{"license":"U"},"width":1000,"height":689},"text":"<p style=\"text-align: center;\"><strong>To dispose the wastes properly, how should we divide them?<\/strong><\/p>\n","answer":"<p style=\"text-align: center;\"><strong>We should separate wastes into biodegradable wastes and non-biodegradable wastes. Biodegradable wastes can be used to produce compost manure and non- biodegradable waste should be disposed properly.<\/strong><\/p>\n"},{"tips":{},"image":{"path":"images\/image-60e6b8bd0ca10.jpg","mime":"image\/jpeg","copyright":{"license":"U"},"width":1000,"height":711},"text":"<p style=\"text-align: center;\"><strong>What is the process of planting trees on a bare land to form a forest called?<\/strong><\/p>\n","answer":"<p style=\"text-align: center;\"><strong>The process of planting trees on a bare land to form a forest is called afforestation.<\/strong><\/p>\n"},{"tips":{},"image":{"path":"images\/image-60e6b933b13c3.jpg","mime":"image\/jpeg","copyright":{"license":"U"},"width":1000,"height":690},"text":"<p style=\"text-align: center;\"><strong>We should cut down trees in order to conserve our environment. Yes or No?<\/strong><\/p>\n","answer":"<p style=\"text-align: center;\"><strong>No, we shouldn't cut down the trees. Forests provide food and shelter to different animals and birds. Forests help in causing rainfall. Therefore, special efforts should be given to conserve forests.<\/strong><\/p>\n"},{"tips":{},"image":{"path":"images\/image-60e6b9dee2918.jpg","mime":"image\/jpeg","copyright":{"license":"U"},"width":1000,"height":692},"text":"<p style=\"text-align: center;\"><strong>What do you mean by urbanization?<\/strong><\/p>\n","answer":"<p style=\"text-align: center;\"><strong>Urbanization means the process of making towns and cities for human settlement.<\/strong><\/p>\n"},{"tips":{},"image":{"path":"images\/image-60e6bab499586.jpg","mime":"image\/jpeg","copyright":{"license":"U"},"width":1000,"height":687},"text":"<p style=\"text-align: center;\"><strong>Should Nepal adopt scientific agricultural techniques or not?<\/strong><\/p>\n","answer":"<p style=\"text-align: center;\"><strong>Nepal should adopt scientific agricultural techniques to conserve the natural environment.<\/strong><\/p>\n"},{"tips":{},"image":{"path":"images\/image-60e6bb714ca56.jpg","mime":"image\/jpeg","copyright":{"license":"U"},"width":1000,"height":701},"text":"<p style=\"text-align: center;\"><strong>_________ farming helps to reduce soil erosion.<\/strong><\/p>\n","answer":"<p style=\"text-align: center;\"><strong>Terrace farming helps to reduce soil erosion.<\/strong><\/p>\n"},{"tips":{},"image":{"path":"images\/image-60e6bbfe25ca4.jpg","mime":"image\/jpeg","copyright":{"license":"U"},"width":1000,"height":697},"text":"<p style=\"text-align: center;\"><strong>Should wild animals be killed for the protection of our environment?<\/strong><\/p>\n","answer":"<p style=\"text-align: center;\"><strong>We should not kill wild animals in order to conserve our natural environment.<\/strong><\/p>\n"}],"behaviour":{"enableRetry":true,"disableBackwardsNavigation":false,"scaleTextNotCard":false,"randomCards":false,"maxProficiency":5,"quickProgression":false},"answer":"Turn","next":"Next","prev":"Previous","retry":"Retry","correctAnswer":"I got it right!","incorrectAnswer":"I got it wrong","round":"Round @round","cardsLeft":"Cards left: @number","nextRound":"Proceed to round @round","startOver":"Start over","showSummary":"Next","summary":"Summary","summaryCardsRight":"Cards you got right:","summaryCardsWrong":"Cards you got wrong:","summaryCardsNotShown":"Cards in pool not shown:","summaryOverallScore":"Overall Score","summaryCardsCompleted":"Cards you have completed learning:","summaryCompletedRounds":"Completed rounds:","summaryAllDone":"Well done! You got all @cards cards correct @max times in a row!","progressText":"Card @card of @total","cardFrontLabel":"Card front","cardBackLabel":"Card back","tipButtonLabel":"Show tip","audioNotSupported":"Your browser does not support this audio","confirmStartingOver":{"header":"Start over?","body":"All progress will be lost. Are you sure you want to start over?","cancelLabel":"Cancel","confirmLabel":"Start over"},"title":"<p style=\"text-align: center;\"><strong>Conservation of Environment<\/strong><\/p>\n"}