{"cards":[{"text":"Does multimedia help to create better and interesting learning contents?","answer":"Yes","tip":"<p style=\"text-align: center;\"><strong>yes or no<\/strong><\/p>\n","image":{"path":"images\/image-60ed6f6219ba8.jpg","mime":"image\/jpeg","copyright":{"license":"U"},"width":360,"height":360}},{"text":"To create and promote the business and products, we cannot use multimedia. Is this statement true or false?","answer":"False","image":{"path":"images\/image-60ed6eaba8294.png","mime":"image\/png","copyright":{"license":"U"},"width":387,"height":243,"originalImage":{"path":"images\/image-60ed6ea21d677.png#tmp","mime":"image\/png","height":250,"width":1200}},"tip":""},{"text":"Multimedia enhances the interactivity of information to the viewers. Is this statement true?","tip":"<p>Yes or no<\/p>\n","answer":"Yes\/True","image":{"path":"images\/image-60ed6e2060fb9.png","mime":"image\/png","copyright":{"license":"U"},"width":295,"height":246,"originalImage":{"path":"images\/image-60ed6e199de12.png#tmp","mime":"image\/png","height":250,"width":1200}}},{"text":"\u2026\u2026\u2026\u2026\u2026\u2026\u2026 tools are also used to provide health services all over the world with the help of video conference.","answer":"Multimedia","image":{"path":"images\/image-60ed6cf102eb8.jpg","mime":"image\/jpeg","copyright":{"license":"U"},"width":471,"height":242,"originalImage":{"path":"images\/image-60ed6cea413d3.jpg#tmp","mime":"image\/jpeg","height":250,"width":1200}},"tip":""},{"text":"Is multimedia being used in conducting virtual classes?","answer":"Yes","tip":"<p style=\"text-align: center;\"><strong>yes or no<\/strong><\/p>\n","image":{"path":"images\/image-60ed6c801ca64.jpg","mime":"image\/jpeg","copyright":{"license":"U"},"width":626,"height":417}},{"text":"Can multimedia be used in hospital?","answer":"Yes","tip":"<p style=\"text-align: center;\"><strong>yes or no<\/strong><\/p>\n","image":{"path":"images\/image-60ed6b8c50496.jpg","mime":"image\/jpeg","copyright":{"license":"U"},"width":402,"height":243,"originalImage":{"path":"images\/image-60ed6b8367622.jpg#tmp","mime":"image\/jpeg","height":250,"width":1200}}},{"text":"Can multimedia be used to compose music?","answer":"Yes","tip":"<p style=\"text-align: center;\"><strong>yes or no<\/strong><\/p>\n","image":{"path":"images\/image-60ed6afe32f18.jpg","mime":"image\/jpeg","copyright":{"license":"U"},"width":682,"height":243,"originalImage":{"path":"images\/image-60ed6af4ea20b.jpg#tmp","mime":"image\/jpeg","height":250,"width":1200}}},{"text":"What is the the concept of distance learning based on ?","answer":"Multimedia","image":{"path":"images\/image-60ed6a8476976.jpg","mime":"image\/jpeg","copyright":{"license":"U"},"width":1000,"height":1002},"tip":""},{"text":"We can add \u2026\u2026\u2026\u2026\u2026. in the advertisement to make it more  effective and interesting.","answer":"Animation","tip":"<p style=\"text-align: center;\"><strong>a static image that moves<\/strong><\/p>\n","image":{"path":"images\/image-60ed6a301cc44.png","mime":"image\/png","copyright":{"license":"U"},"width":480,"height":240,"originalImage":{"path":"images\/image-60ed6a2747e39.png#tmp","mime":"image\/png","height":250,"width":1200}}},{"text":"There is a great impact of multimedia in the field of education. Is this statement True or False?","answer":"True","image":{"path":"images\/image-60ed694e220b3.jpg","mime":"image\/jpeg","copyright":{"license":"U"},"width":360,"height":360},"tip":""}],"progressText":"Card @card of @total","next":"Next","previous":"Previous","checkAnswerText":"Check","showSolutionsRequiresInput":true,"defaultAnswerText":"Your answer","correctAnswerText":"Correct","incorrectAnswerText":"Incorrect","showSolutionText":"Correct answer","results":"Results","ofCorrect":"@score of @total correct","showResults":"Show results","answerShortText":"A:","retry":"Retry","caseSensitive":false,"cardAnnouncement":"Incorrect answer. Correct answer was @answer","pageAnnouncement":"Page @current of @total","description":"Guess the correct answer.","correctAnswerAnnouncement":"@answer is correct.","randomCards":false}