{"cards":[{"text":"What is the form of energy that gives us sensation of sight called?","answer":"Light|Light energy","image":{"path":"images\/image-60ebf84565262.jpg","mime":"image\/jpeg","copyright":{"license":"U"},"width":425,"height":300},"tip":""},{"text":"Image is a copy of the object formed by reflected or refracted rays of light. True or False?","answer":"True","tip":"","image":{"path":"images\/image-645ceafc5235c.png","mime":"image\/png","copyright":{"license":"U"},"width":512,"height":512}},{"text":"Luminous objects are those objects which do not emit light of their own. True or False?","answer":"False","tip":"","image":{"path":"images\/image-60ebf8093a196.jpg","mime":"image\/jpeg","copyright":{"license":"U"},"width":468,"height":497,"originalImage":{"path":"images\/image-60ebf7f17d173.jpg#tmp","mime":"image\/jpeg","height":1080,"width":1000}}},{"answer":"Beam of light","text":"What is the collection of several rays of light called?","image":{"path":"images\/image-60ebf7dae32e3.jpg","mime":"image\/jpeg","copyright":{"license":"U"},"width":602,"height":170},"tip":""},{"text":"What is the phenomenon of returning of the light to the same medium after striking a surface called?","answer":"Reflection|Reflection of light","image":{"path":"images\/image-60ebf7d134f4d.jpg","mime":"image\/jpeg","copyright":{"license":"U"},"width":238,"height":215},"tip":""},{"text":"Identify the type of reflection of light shown in the image.","answer":"Irregular reflection of light|Irregular reflection","image":{"path":"images\/image-60ebf7c68d8df.jpg","mime":"image\/jpeg","copyright":{"license":"U"},"width":480,"height":242},"tip":""},{"text":"What is the angle made by normal and reflected ray at the point of incidence called?","answer":"Angle of reflection","image":{"path":"images\/image-60ebf78c793f1.jpg","mime":"image\/jpeg","copyright":{"license":"U"},"width":831,"height":406},"tip":""},{"text":"How many laws are there in laws of reflection of light?","answer":"2|Two","image":{"path":"images\/image-60ebf75f2d92b.png","mime":"image\/png","copyright":{"license":"U"},"width":255,"height":175},"tip":""},{"answer":"Point of incidence","text":"What is the point at which the incident ray strikes the reflecting surface called?","image":{"path":"images\/image-60ebf7792ad59.png","mime":"image\/png","copyright":{"license":"U"},"width":1000,"height":770},"tip":""},{"answer":"Periscope","text":"A simple device based on principle of successive reflections from two plane mirrors is called..","image":{"path":"images\/image-60ebf72a2a0de.jpg","mime":"image\/jpeg","copyright":{"license":"U"},"width":669,"height":497,"originalImage":{"path":"images\/image-60ebf7112cca7.jpg#tmp","mime":"image\/jpeg","height":825,"width":1000}},"tip":""}],"progressText":"Card @card of @total","next":"Next","previous":"Previous","checkAnswerText":"Check","showSolutionsRequiresInput":true,"defaultAnswerText":"Your answer","correctAnswerText":"Correct","incorrectAnswerText":"Incorrect","showSolutionText":"Correct answer","results":"Results","ofCorrect":"@score of @total correct","showResults":"Show results","answerShortText":"A:","retry":"Retry","caseSensitive":false,"cardAnnouncement":"Incorrect answer. Correct answer was @answer","pageAnnouncement":"Page @current of @total","description":"Read the questions and answer them carefully.","correctAnswerAnnouncement":"@answer is correct.","randomCards":true}