{"mode":"repetition","description":"<p style=\"text-align: center;\"><strong>Guess the answers of the questions.<\/strong><\/p>\n","dialogs":[{"tips":{},"text":"<p style=\"text-align: center;\"><strong>Formula in excel always begin with ____.<\/strong><\/p>\n","answer":"<p style=\"text-align: center;\"><strong>[=] sign<\/strong><\/p>\n","image":{"path":"images\/image-60f0450d16739.png","mime":"image\/png","copyright":{"license":"U"},"width":1292,"height":592}},{"tips":{},"text":"<p style=\"text-align: center;\"><strong>How to perform addition of A,B,C column?<\/strong><\/p>\n","answer":"<p style=\"text-align: center;\"><strong>In the result column type: = A1 +B1 +C1<\/strong><\/p>\n","image":{"path":"images\/image-60f04538ed65f.gif","mime":"image\/gif","copyright":{"license":"U"},"width":366,"height":245}},{"tips":{},"text":"<p style=\"text-align: center;\"><strong>How to perform subtraction?<\/strong><\/p>\n","answer":"<p style=\"text-align: center;\"><strong>In the result column type: = A1 - A2<\/strong><\/p>\n","image":{"path":"images\/image-60feb678b0942.png","mime":"image\/png","copyright":{"license":"U"},"width":512,"height":512}},{"tips":{},"answer":"<p style=\"text-align: center;\"><strong>In the result column type: = C1*C2<\/strong><\/p>\n","text":"<p style=\"text-align: center;\"><strong>How do you get multiplication of column?<\/strong><\/p>\n","image":{"path":"images\/image-60f045920b9c1.jpg","mime":"image\/jpeg","copyright":{"license":"U"},"width":238,"height":250}},{"tips":{},"text":"<p style=\"text-align: center;\"><strong>You can also use combined formula .<\/strong><\/p>\n","answer":"<p style=\"text-align: center;\"><strong>Example, In the result column type your formula as: = A1 *(B1+C1)<\/strong><br>\n<br>\n&nbsp;<\/p>\n","image":{"path":"images\/image-60f045ca95901.jpg","mime":"image\/jpeg","copyright":{"license":"U"},"width":238,"height":250}},{"tips":{},"text":"<p style=\"text-align: center;\"><strong>How do you copy the formula using autofill?<\/strong><\/p>\n","answer":"<p style=\"text-align: center;\"><strong>Select top cell and drag down to the last cell and right click to get fill option.<\/strong><\/p>\n","image":{"path":"images\/image-60f046196ca52.png","mime":"image\/png","copyright":{"license":"U"},"width":479,"height":339}},{"tips":{},"text":"<p style=\"text-align: center;\"><strong>How do calculate sum using excel function?<\/strong><\/p>\n","answer":"<p style=\"text-align: center;\"><strong>In the result column type: =sum(b5:g5)<\/strong><\/p>\n","image":{"path":"images\/image-60feb7b252dcb.png","mime":"image\/png","copyright":{"license":"U"},"width":660,"height":383}},{"tips":{},"text":"<p style=\"text-align: center;\"><strong>How do you find minimum among values?<\/strong><\/p>\n","answer":"<p style=\"text-align: center;\"><strong>In the result column type: =min (c1:c2)<\/strong><\/p>\n","image":{"path":"images\/image-60feb613abd8e.png","mime":"image\/png","copyright":{"license":"U"},"width":663,"height":310}},{"tips":{},"text":"<p style=\"text-align: center;\"><strong>What are the different functions in excel?<\/strong><\/p>\n","answer":"<p style=\"text-align: center;\"><strong>Math function<br>\nLogical function<br>\nStatistical function<br>\nText function <\/strong><\/p>\n","image":{"path":"images\/image-60f0470ad42f5.jpg","mime":"image\/jpeg","copyright":{"license":"U"},"width":426,"height":248}},{"tips":{},"text":"<p style=\"text-align: center;\"><strong>How do you find average of different values?<\/strong><\/p>\n","answer":"<p style=\"text-align: center;\"><strong>In the result column type: =average(b5:b12)<\/strong><\/p>\n","image":{"path":"images\/image-60f04722d1bf7.jpg","mime":"image\/jpeg","copyright":{"license":"U"},"width":1024,"height":526}}],"behaviour":{"enableRetry":true,"disableBackwardsNavigation":false,"scaleTextNotCard":false,"randomCards":false,"maxProficiency":5,"quickProgression":false},"answer":"Turn","next":"Next","prev":"Previous","retry":"Retry","correctAnswer":"I got it right!","incorrectAnswer":"I got it wrong","round":"Round @round","cardsLeft":"Cards left: @number","nextRound":"Proceed to round @round","startOver":"Start over","showSummary":"Next","summary":"Summary","summaryCardsRight":"Cards you got right:","summaryCardsWrong":"Cards you got wrong:","summaryCardsNotShown":"Cards in pool not shown:","summaryOverallScore":"Overall Score","summaryCardsCompleted":"Cards you have completed learning:","summaryCompletedRounds":"Completed rounds:","summaryAllDone":"Well done! You got all @cards cards correct @max times in a row!","progressText":"Card @card of @total","cardFrontLabel":"Card front","cardBackLabel":"Card back","tipButtonLabel":"Show tip","audioNotSupported":"Your browser does not support this audio","confirmStartingOver":{"header":"Start over?","body":"All progress will be lost. Are you sure you want to start over?","cancelLabel":"Cancel","confirmLabel":"Start over"},"title":"<p>&nbsp;&nbsp;<\/p>\n"}