{"progressText":"Card @card of @total","next":"Next","previous":"Previous","checkAnswerText":"Check","showSolutionsRequiresInput":true,"defaultAnswerText":"Your answer","correctAnswerText":"Correct","incorrectAnswerText":"Incorrect","showSolutionText":"Correct answer","results":"Results","ofCorrect":"@score of @total correct","showResults":"Show results","answerShortText":"A:","retry":"Retry","caseSensitive":false,"cardAnnouncement":"Incorrect answer. Correct answer was @answer","pageAnnouncement":"Page @current of @total","description":"Read the questions properly and fill in the correct answers.","cards":[{"answer":"unicellular organism","text":"The organism which cannot be seen by the naked eye and is made of a single cell is called ____. (multicellular organism\/unicellular organism)","image":{"path":"images\/image-60e83739a44a6.jpg","mime":"image\/jpeg","copyright":{"license":"U"},"width":626,"height":469},"tip":""},{"answer":"Cell membrane","text":"______ is found in animal and plant cells. (Cell membrane\/Bone)","image":{"path":"images\/image-60e837d346063.jpg","mime":"image\/jpeg","copyright":{"license":"U"},"width":265,"height":158,"originalImage":{"path":"images\/image-60e837b3d8511.jpg#tmp","mime":"image\/jpeg","height":551,"width":626}},"tip":""},{"text":"Which cell is shown in the picture? (Onion cell\/Blood cell)","answer":"Onion cell","image":{"path":"images\/image-60e83319b4846.jpg","mime":"image\/jpeg","copyright":{"license":"U"},"width":360,"height":240},"tip":""},{"text":"_____ is rectangular or hexagonal. (Plant cell\/Animal cell)","answer":"Plant cell","image":{"path":"images\/image-60e838336833e.jpg","mime":"image\/jpeg","copyright":{"license":"U"},"width":626,"height":764},"tip":""},{"text":"______ is generally oval or spherical. (Plant cell\/Animal cell)","answer":"Animal cell","image":{"path":"images\/image-60e838175cfab.jpg","mime":"image\/jpeg","copyright":{"license":"U"},"width":626,"height":715},"tip":""},{"text":"Cells are fundamental units of ____. (life\/body)","answer":"life","tip":"","image":{"path":"images\/image-60e83c8985712.jpg","mime":"image\/jpeg","copyright":{"license":"U"},"width":626,"height":357}},{"text":"All cells can be seen by our naked eyes. (Yes\/No)","answer":"No","image":{"path":"images\/image-60e838a5a65ac.jpg","mime":"image\/jpeg","copyright":{"license":"U"},"width":626,"height":626},"tip":""},{"answer":"Nucleus","text":"Which part controls the metabolic activities within the cell? (Cell membrane\/Nucleus)","image":{"path":"images\/image-60e8397eb9f37.jpg","mime":"image\/jpeg","copyright":{"license":"U"},"width":626,"height":319},"tip":""},{"answer":"Mitochondria","image":{"path":"images\/image-60e83ac03a5c0.jpg","mime":"image\/jpeg","copyright":{"license":"U"},"width":340,"height":240},"text":"What is the powerhouse of cells? (Cell membrane\/Mitochondria\/Nucleus)","tip":""},{"text":"The organism that is made up of many cells and can be seen by our naked eyes is called ____. (multicellular organism\/unicellular organism)","answer":"multicellular organism","image":{"path":"images\/image-60e836c61d7e5.jpg","mime":"image\/jpeg","copyright":{"license":"U"},"width":626,"height":417},"tip":""}],"correctAnswerAnnouncement":"@answer is correct.","randomCards":true}