{"cards":[{"text":"Computers needs to be first programmed with specific instructions. True or False?","answer":"True","image":{"path":"images\/image-60e93daf26cdb.png","mime":"image\/png","copyright":{"license":"U"},"width":1000,"height":1080},"tip":""},{"text":"Computers can implement data on their own. True or False?","answer":"False","image":{"path":"images\/image-60e93ce2cf910.png","mime":"image\/png","copyright":{"license":"U"},"width":696,"height":448},"tip":""},{"text":"Computers have feelings like humans. True or False?","answer":"False","image":{"path":"images\/image-60e93c76d3b53.png","mime":"image\/png","copyright":{"license":"U"},"width":500,"height":500},"tip":""},{"text":"Computers do not need electricity to run. True or False?","answer":"False","image":{"path":"images\/image-60e93abb093ff.png","mime":"image\/png","copyright":{"license":"U"},"width":600,"height":360},"tip":""},{"text":"Computers can\u2019t express their ideas. True or False?","answer":"True","image":{"path":"images\/image-60e939f54ee9c.png","mime":"image\/png","copyright":{"license":"U"},"width":798,"height":900},"tip":""},{"text":"Algorithms are designed by computers to make a itself perform a special task. True or False?","answer":"False","image":{"path":"images\/image-60e93991015db.png","mime":"image\/png","copyright":{"license":"U"},"width":1000,"height":1080},"tip":""},{"text":"Computers can\u2019t make decision. True or False?","answer":"True","image":{"path":"images\/image-60e938f970a78.png","mime":"image\/png","copyright":{"license":"U"},"width":798,"height":900},"tip":""},{"text":"Computer doesn&#039;t depend on humans. True or False?","answer":"False","image":{"path":"images\/image-60e938c34a58e.png","mime":"image\/png","copyright":{"license":"U"},"width":1000,"height":1080},"tip":""},{"text":"Can computers express their Ideas?","answer":"No","image":{"path":"images\/image-60e937382b04b.png","mime":"image\/png","copyright":{"license":"U"},"width":696,"height":448},"tip":""},{"text":"Can computers think like humans?","answer":"No","image":{"path":"images\/image-60e936bd947fe.png","mime":"image\/png","copyright":{"license":"U"},"width":696,"height":448},"tip":""}],"progressText":"Card @card of @total","next":"Next","previous":"Previous","checkAnswerText":"Check","showSolutionsRequiresInput":true,"defaultAnswerText":"Your answer","correctAnswerText":"Correct","incorrectAnswerText":"Incorrect","showSolutionText":"Correct answer","results":"Results","ofCorrect":"@score of @total correct","showResults":"Show results","answerShortText":"A:","retry":"Retry","caseSensitive":false,"cardAnnouncement":"Incorrect answer. Correct answer was @answer","pageAnnouncement":"Page @current of @total"}