{"cards":[{"text":"When an ice cube melts, it changes from a solid to a _____ state. (Liquid\/Solid\/Gas)","answer":"liquid","image":{"path":"images\/image-60efebe99f4fd.png","mime":"image\/png","copyright":{"license":"U"},"width":1414,"height":2000},"tip":""},{"text":"Name the state in which a matter has a definite shape and definite volume. (Liquid\/Solid\/Gas)","answer":"Solid","image":{"path":"images\/image-60efecd9a3879.png","mime":"image\/png","copyright":{"license":"U"},"width":1414,"height":2000},"tip":""},{"text":"When a liquid substance turns into gas, what is it called? (Evaporation\/Freezing)","answer":"Evaporation","image":{"path":"images\/image-60efedfbf1097.png","mime":"image\/png","copyright":{"license":"U"},"width":860,"height":830},"tip":""},{"text":"Melting occurs when solids are heated. [True\/False]","answer":"True","image":{"path":"images\/image-60efeed84f122.png","mime":"image\/png","copyright":{"license":"U"},"width":1414,"height":2000},"tip":""},{"text":"____ has no definite shape and volume. (Liquid\/Gas\/Solid)","answer":"Gas","image":{"path":"images\/image-60efefce6cfe1.png","mime":"image\/png","copyright":{"license":"U"},"width":1414,"height":2000},"tip":""},{"text":"Water freezes at ___ degrees Fahrenheit. (0\/100\/32)","answer":"32","image":{"path":"images\/image-60eff0e108cc0.png","mime":"image\/png","copyright":{"license":"U"},"width":1414,"height":2000},"tip":""},{"text":"The process where water vapour becomes liquid is called matter. [True\/False]","answer":"False","image":{"path":"images\/image-60eff21511938.png","mime":"image\/png","copyright":{"license":"U"},"width":1414,"height":2000},"tip":""},{"text":"The three states of matter are solid, liquid, and gas. Yes or No?","answer":"Yes","image":{"path":"images\/image-65718ba4a20e7.png","mime":"image\/png","copyright":{"license":"U"},"width":900,"height":700},"tip":""},{"text":"Gases have mass. [True\/False]","answer":"True","image":{"path":"images\/image-60eff4f619b47.png","mime":"image\/png","copyright":{"license":"U"},"width":1414,"height":2000},"tip":""},{"text":"_______ is the process in which the liquid state changes into the vapour state. (Vaporization \/ Freezing)","answer":"Vaporization","image":{"path":"images\/image-60eff620f2705.png","mime":"image\/png","copyright":{"license":"U"},"width":1414,"height":2000},"tip":""}],"progressText":"Card @card of @total","next":"Next","previous":"Previous","checkAnswerText":"Check","showSolutionsRequiresInput":true,"defaultAnswerText":"Your answer","correctAnswerText":"Correct","incorrectAnswerText":"Incorrect","showSolutionText":"Correct answer","results":"Results","ofCorrect":"@score of @total correct","showResults":"Show results","answerShortText":"A:","retry":"Retry","caseSensitive":false,"cardAnnouncement":"Incorrect answer. Correct answer was @answer","pageAnnouncement":"Page @current of @total","description":"Read the questions carefully and answer these questions.","correctAnswerAnnouncement":"@answer is correct.","randomCards":true}