{"title":"Introduction and First Generation Computers","language":"und","mainLibrary":"H5P.Column","embedTypes":["div"],"source":"normal","license":"U","defaultLanguage":"en","preloadedDependencies":[{"machineName":"H5P.Image","majorVersion":"1","minorVersion":"1"},{"machineName":"H5P.TrueFalse","majorVersion":"1","minorVersion":"8"},{"machineName":"FontAwesome","majorVersion":"4","minorVersion":"5"},{"machineName":"H5P.Question","majorVersion":"1","minorVersion":"5"},{"machineName":"H5P.JoubelUI","majorVersion":"1","minorVersion":"3"},{"machineName":"H5P.Transition","majorVersion":"1","minorVersion":"0"},{"machineName":"H5P.FontIcons","majorVersion":"1","minorVersion":"0"},{"machineName":"H5P.Blanks","majorVersion":"1","minorVersion":"14"},{"machineName":"H5P.TextUtilities","majorVersion":"1","minorVersion":"3"},{"machineName":"H5P.MultiChoice","majorVersion":"1","minorVersion":"16"},{"machineName":"H5P.Column","majorVersion":"1","minorVersion":"16"}]}