{
  "title": "H5PEditor.Wizard",
  "majorVersion": 1,
  "minorVersion": 2,
  "patchVersion": 15,
  "runnable": 0,
  "machineName": "H5PEditor.Wizard",
  "author": "Frode Petterson",
  "coreApi": {
    "majorVersion": 1,
    "minorVersion": 23
  },
  "preloadedJs": [
    {
      "path": "Scripts/Wizard.js"
    }
  ],
  "preloadedCss": [
    {
      "path": "Styles/Wizard.css"
    }
  ],
  "preloadedDependencies": [
    {
      "machineName": "H5P.FontIcons",
      "majorVersion": 1,
      "minorVersion": 0
    }
  ]
}