{
  "machineName": "H5PEditor.VerticalTabs",
  "title": "H5P Editor Vertical Tabs",
  "license": "MIT",
  "author": "Joubel",
  "majorVersion": 1,
  "minorVersion": 3,
  "patchVersion": 8,
  "runnable": 0,
  "coreApi": {
    "majorVersion": 1,
    "minorVersion": 24
  },
  "preloadedJs": [
    {
      "path": "vertical-tabs.js"
    }
  ],
  "preloadedCss": [
    {
      "path": "styles/css/vertical-tabs.css"
    }
  ],
  "preloadedDependencies": [
    {
      "machineName": "FontAwesome",
      "majorVersion": 4,
      "minorVersion": 5
    }
  ]
}
