{"cards":[{"text":"What type of animals are dogs and cats? [Domestic\/Wild]","answer":"Domestic","tip":"","image":{"path":"images\/image-60e15d7ed69dd.jpg","mime":"image\/jpeg","copyright":{"license":"U"},"width":241,"height":209},"imageAltText":"cats and dogs"},{"text":"What do we get from cows and buffaloes? [Honey\/Milk]","answer":"Milk","tip":"","imageAltText":"cow","image":{"path":"images\/image-60e15d98b5b11.jpg","mime":"image\/jpeg","copyright":{"license":"U"},"width":274,"height":184}},{"text":"We should tease honey bees. Yes or No?","answer":"No","tip":"","imageAltText":"teasing bees","image":{"path":"images\/image-6104f809b43c6.png","mime":"image\/png","copyright":{"license":"U"},"width":612,"height":431}},{"text":"Feeding a cow with grass is the way of ____. [caring for animals\/harming animals]","answer":"caring for animals","tip":"","imageAltText":"cow feeding","image":{"path":"images\/image-60e15dc189a24.jpg","mime":"image\/jpeg","copyright":{"license":"U"},"width":225,"height":225}},{"text":"Do animals love and feel our treatment? Yes or No?","answer":"Yes","tip":"","image":{"path":"images\/image-60e15dd50d8bd.jpg","mime":"image\/jpeg","copyright":{"license":"U"},"width":227,"height":222},"imageAltText":"good girl loving cat"},{"text":"What do dogs do when we tease them? [Bite\/Run away]","answer":"Bite","tip":"","image":{"path":"images\/image-60e15e0e26cc5.jpg","mime":"image\/jpeg","copyright":{"license":"U"},"width":260,"height":194},"imageAltText":"angry dog"},{"text":"We should beat animals. Yes or No?","answer":"No","tip":"","image":{"path":"images\/image-60e15e2abbf0e.jpg","mime":"image\/jpeg","copyright":{"license":"U"},"width":212,"height":238},"imageAltText":"beating cat"},{"text":"Caring for animal is the behaviour of ____. (good people\/bad people)","answer":"good people","tip":"","image":{"path":"images\/image-60e15e43572b0.jpg","mime":"image\/jpeg","copyright":{"license":"U"},"width":217,"height":232},"imageAltText":"caring animal"},{"text":"We should give food to malnourished animals. Yes or No?","answer":"Yes","tip":"","image":{"path":"images\/image-60e15e62af4e1.jpg","mime":"image\/jpeg","copyright":{"license":"U"},"width":225,"height":225},"imageAltText":"feeding dog"},{"text":"We should care for our pet animals only. Yes or No?","answer":"No","image":{"path":"images\/image-6462446ed11d3.png","mime":"image\/png","copyright":{"license":"U"},"width":580,"height":473},"tip":""}],"progressText":"Card @card of @total","next":"Next","previous":"Previous","checkAnswerText":"Check","showSolutionsRequiresInput":true,"defaultAnswerText":"Your answer","correctAnswerText":"Correct","incorrectAnswerText":"Incorrect","showSolutionText":"Correct answer","results":"Results","ofCorrect":"@score of @total correct","showResults":"Show results","answerShortText":"A:","retry":"Retry","caseSensitive":false,"cardAnnouncement":"Incorrect answer. Correct answer was @answer","pageAnnouncement":"Page @current of @total","description":"Read the questions carefully and fill in the correct answers.","correctAnswerAnnouncement":"@answer is correct.","randomCards":true}