{"mode":"repetition","description":"<p style=\"text-align: center;\"><strong>Read the questions carefully and guess the answer.<\/strong><\/p>\n","dialogs":[{"tips":{},"text":"<p style=\"text-align: center;\"><strong>What is Software?<\/strong><\/p>\n","answer":"<p style=\"text-align: center;\"><strong>Software is a set of programs, which is designed to perform a well-defined function.<\/strong><\/p>\n","image":{"path":"images\/image-60eeac383dd91.png","mime":"image\/png","copyright":{"license":"U"},"width":512,"height":512}},{"tips":{},"text":"<p style=\"text-align: center;\"><strong>Without software, a computer cannot do anything.<\/strong><\/p>\n\n<p style=\"text-align: center;\"><strong>Is it True or False?<\/strong><\/p>\n","answer":"<p style=\"text-align: center;\"><strong>True<\/strong><\/p>\n","image":{"path":"images\/image-60eeac419bfdb.png","mime":"image\/png","copyright":{"license":"U"},"width":512,"height":512}},{"tips":{},"text":"<p style=\"text-align: center;\"><strong>How many types of computer software are there?<\/strong><\/p>\n","answer":"<p style=\"text-align: center;\"><strong>There are two types of computer software. System and Application Software<\/strong><\/p>\n","image":{"path":"images\/image-60eeac4aa6e46.png","mime":"image\/png","copyright":{"license":"U"},"width":512,"height":512}},{"tips":{},"text":"<p style=\"text-align: center;\"><strong>What are the types of computer software?<\/strong><\/p>\n","answer":"<p style=\"text-align: center;\"><strong>1) System Software<\/strong><\/p>\n\n<p style=\"text-align: center;\"><strong>2) Application Software<\/strong><\/p>\n","image":{"path":"images\/image-60eeac5c739fd.png","mime":"image\/png","copyright":{"license":"U"},"width":512,"height":512}},{"tips":{},"text":"<p style=\"text-align: center;\"><strong>Software is an intangible product and moreover it is a process.<\/strong><\/p>\n\n<p style=\"text-align: center;\"><strong>Is it True or False?<\/strong><\/p>\n","answer":"<p style=\"text-align: center;\"><strong>True<\/strong><\/p>\n","image":{"path":"images\/image-60eeac663863a.jpg","mime":"image\/jpeg","copyright":{"license":"U"},"width":512,"height":372}},{"tips":{},"text":"<p style=\"text-align: center;\"><strong>Hardware parts instructs software to perform a certain task.<\/strong><\/p>\n\n<p style=\"text-align: center;\"><strong>Is it True or False?<\/strong><\/p>\n","answer":"<p style=\"text-align: center;\"><strong>False<\/strong><\/p>\n","image":{"path":"images\/image-60eeac6f33f45.png","mime":"image\/png","copyright":{"license":"U"},"width":512,"height":512}},{"tips":{},"answer":"<p style=\"text-align: center;\"><strong>A program is a sequence of instructions written to solve a particular problem.<\/strong><\/p>\n","text":"<p style=\"text-align: center;\"><strong>What is a program?<\/strong><\/p>\n","image":{"path":"images\/image-60eeac7c9d220.png","mime":"image\/png","copyright":{"license":"U"},"width":512,"height":512}},{"tips":{},"text":"<p style=\"text-align: center;\"><strong>A computer can operate without its software.<\/strong><\/p>\n\n<p style=\"text-align: center;\"><strong>Is it True or False?<\/strong><\/p>\n","answer":"<p style=\"text-align: center;\"><strong>False<\/strong><\/p>\n","image":{"path":"images\/image-60eeac84b7100.png","mime":"image\/png","copyright":{"license":"U"},"width":512,"height":512}},{"tips":{},"text":"<p style=\"text-align: center;\"><strong>______ and hardware are inter-connected with each other.<\/strong><\/p>\n","answer":"<p style=\"text-align: center;\"><strong>Software<\/strong><\/p>\n","image":{"path":"images\/image-60eeac8bdb718.png","mime":"image\/png","copyright":{"license":"U"},"width":512,"height":512}},{"tips":{},"text":"<p style=\"text-align: center;\"><strong>Software is the soul of a computer.<\/strong><\/p>\n\n<p style=\"text-align: center;\"><strong>Is it True or False?<\/strong><\/p>\n","answer":"<p style=\"text-align: center;\"><strong>True<\/strong><\/p>\n","image":{"path":"images\/image-60eeac92d5504.png","mime":"image\/png","copyright":{"license":"U"},"width":512,"height":512}}],"behaviour":{"enableRetry":true,"disableBackwardsNavigation":false,"scaleTextNotCard":false,"randomCards":false,"maxProficiency":5,"quickProgression":false},"answer":"Turn","next":"Next","prev":"Previous","retry":"Retry","correctAnswer":"I got it right!","incorrectAnswer":"I got it wrong","round":"Round @round","cardsLeft":"Cards left: @number","nextRound":"Proceed to round @round","startOver":"Start over","showSummary":"Next","summary":"Summary","summaryCardsRight":"Cards you got right:","summaryCardsWrong":"Cards you got wrong:","summaryCardsNotShown":"Cards in pool not shown:","summaryOverallScore":"Overall Score","summaryCardsCompleted":"Cards you have completed learning:","summaryCompletedRounds":"Completed rounds:","summaryAllDone":"Well done! You got all @cards cards correct @max times in a row!","progressText":"Card @card of @total","cardFrontLabel":"Card front","cardBackLabel":"Card back","tipButtonLabel":"Show tip","audioNotSupported":"Your browser does not support this audio","confirmStartingOver":{"header":"Start over?","body":"All progress will be lost. Are you sure you want to start over?","cancelLabel":"Cancel","confirmLabel":"Start over"},"title":"<p>&nbsp;&nbsp;<\/p>\n"}