{"cards":[{"text":"Horses pulling a cart is an example of (Force \/ Motion). Choose the correct option.","answer":"Force","image":{"path":"images\/image-60e82a414b48f.png","mime":"image\/png","copyright":{"license":"U"},"width":450,"height":296},"tip":""},{"text":"What type of force is shown in the figure? (Electrostatic force \/ Magnetic force)","image":{"path":"images\/image-6112aa19a735f.png","mime":"image\/png","copyright":{"license":"U"},"width":512,"height":512},"answer":"Magnetic force","tip":""},{"answer":"Linear motion","text":"Which type of motion is shown in the figure, Circular or Linear motion?","image":{"path":"images\/image-60e82be7dafd9.png","mime":"image\/png","copyright":{"license":"U"},"width":297,"height":262},"tip":""},{"text":"Force can change the size and ___ of a body.","image":{"path":"images\/image-60e82adaeb58e.png","mime":"image\/png","copyright":{"license":"U"},"width":359,"height":277},"answer":"shape","tip":""},{"text":"_____ motion is shown in the figure. (Circular \/ Linear)","answer":"Circular","image":{"path":"images\/image-6112ac0e471f8.jpg","mime":"image\/jpeg","copyright":{"license":"U"},"width":500,"height":375},"tip":""},{"text":"_____ force is shown in the figure. (Electrostatic \/ Magnetic)","answer":"Electrostatic","image":{"path":"images\/image-60e82ba5b4924.png","mime":"image\/png","copyright":{"license":"U"},"width":364,"height":266},"tip":""},{"image":{"path":"images\/image-6112aaf879e8a.png","mime":"image\/png","copyright":{"license":"U"},"width":512,"height":512},"answer":"Rotatory","text":"An electric fan has a ____ motion. (rotatory\/linear)","tip":""},{"text":"Periodic motion is shown in the figure. Is it true or false?","answer":"True","image":{"path":"images\/image-60e82c6b5d976.png","mime":"image\/png","copyright":{"license":"U"},"width":454,"height":288},"tip":""},{"text":"Force can change the position of an object. Is it true or false?","answer":"True","image":{"path":"images\/image-65b73616da642.jpg","mime":"image\/jpeg","copyright":{"license":"U"},"width":500,"height":437},"tip":""},{"text":"_____ motion is shown in the figure. (Circular \/ Oscillatory)","answer":"Oscillatory","image":{"path":"images\/image-60e82c84195f1.png","mime":"image\/png","copyright":{"license":"U"},"width":450,"height":301},"tip":""}],"progressText":"Card @card of @total","next":"Next","previous":"Previous","checkAnswerText":"Check","showSolutionsRequiresInput":true,"defaultAnswerText":"Your answer","correctAnswerText":"Correct","incorrectAnswerText":"Incorrect","showSolutionText":"Correct answer","results":"Results","ofCorrect":"@score of @total correct","showResults":"Show results","answerShortText":"A:","retry":"Retry","caseSensitive":false,"cardAnnouncement":"Incorrect answer. Correct answer was @answer","pageAnnouncement":"Page @current of @total","description":"Analyze the images and questions to answer correctly.","correctAnswerAnnouncement":"@answer is correct.","randomCards":true}