{"cards":[{"text":"The Notes view lets you create speaker&#039;s notes. True or False?","answer":"True","image":{"path":"images\/image-60f10090de166.png","mime":"image\/png","copyright":{"license":"U"},"width":763,"height":788},"tip":""},{"answer":"Title and body\/Body and title","text":"What does outline view show in PowerPoint? (There are 2 answers)","image":{"path":"images\/image-60f1001d4518f.jpg","mime":"image\/jpeg","copyright":{"license":"U"},"width":650,"height":376},"tip":"<p style=\"text-align: center;\"><strong>Separate your answers with 'and'.<\/strong><\/p>\n"},{"answer":"Normal view","text":"What is default view in PowerPoint?","image":{"path":"images\/image-60f0ffd501a25.jpg","mime":"image\/jpeg","copyright":{"license":"U"},"width":600,"height":487},"tip":""},{"text":"______ changes the effects of the current theme.","answer":"Effects","image":{"path":"images\/image-60f0ff4d23134.jpg","mime":"image\/jpeg","copyright":{"license":"U"},"width":1986,"height":1115},"tip":""},{"text":"_______ changes the font of the current theme.","answer":"Fonts","image":{"path":"images\/image-60f0ff0d959c8.jpg","mime":"image\/jpeg","copyright":{"license":"U"},"width":238,"height":250},"tip":""},{"text":"In Outline view, you can move slides around within your presentation and also edit your text.  True or False?","answer":"True","image":{"path":"images\/image-60f1004f6b94d.jpg","mime":"image\/jpeg","copyright":{"license":"U"},"width":650,"height":376},"tip":""},{"text":"______ changes the color scheme of the current theme.","answer":"Colors","image":{"path":"images\/image-60f0fec6cac68.png","mime":"image\/png","copyright":{"license":"U"},"width":700,"height":438},"tip":""},{"text":"Following are the steps to change the Background  1. Click on the Format Background button at the bottom. 2. The Format Background dialog box will appear. 3. You can set the color, solid or gradient, transparency or choose picture\/ texture. True of False?","answer":"True","image":{"path":"images\/image-60f0fe6326177.jpg","mime":"image\/jpeg","copyright":{"license":"U"},"width":850,"height":537},"tip":""},{"text":"Office theme consist of ______ background.","answer":"White","image":{"path":"images\/image-60f0fdeeaad9e.jpg","mime":"image\/jpeg","copyright":{"license":"U"},"width":1000,"height":963},"tip":""},{"text":"Every new presentation starts out with the default theme, called _____ theme.","answer":"Office","image":{"path":"images\/image-60f0fd4e89b84.png","mime":"image\/png","copyright":{"license":"U"},"width":640,"height":640},"tip":""}],"progressText":"Card @card of @total","next":"Next","previous":"Previous","checkAnswerText":"Check","showSolutionsRequiresInput":true,"defaultAnswerText":"Your answer","correctAnswerText":"Correct","incorrectAnswerText":"Incorrect","showSolutionText":"Correct answer","results":"Results","ofCorrect":"@score of @total correct","showResults":"Show results","answerShortText":"A:","retry":"Retry","caseSensitive":false,"cardAnnouncement":"Incorrect answer. Correct answer was @answer","pageAnnouncement":"Page @current of @total","description":"Guess the answer","correctAnswerAnnouncement":"@answer is correct.","randomCards":false}