{"mode":"repetition","description":"<p style=\"text-align: center;\"><strong>Read the questions carefully and try to guess the correct answer.<\/strong><\/p>\n","dialogs":[{"tips":{},"image":{"path":"images\/image-611353652f000.png","mime":"image\/png","copyright":{"license":"U"},"width":512,"height":512},"text":"<p style=\"text-align: center;\"><strong>Name the activity shown in the figure.<\/strong><\/p>\n","answer":"<p style=\"text-align: center;\"><strong>Running or Jogging<\/strong><\/p>\n"},{"tips":{},"text":"<p style=\"text-align: center;\"><strong>Name the activity shown in the figure.<\/strong><\/p>\n","answer":"<p style=\"text-align: center;\"><strong>Skipping<\/strong><\/p>\n","image":{"path":"images\/image-6105790aee341.png","mime":"image\/png","copyright":{"license":"U"},"width":1000,"height":1000}},{"tips":{},"text":"<p style=\"text-align: center;\"><strong>What is the girl in the picture doing?<\/strong><\/p>\n","image":{"path":"images\/image-60ec1552e4267.png","mime":"image\/png","copyright":{"license":"U"},"width":361,"height":303},"answer":"<p style=\"text-align: center;\"><strong>Resting or Sitting<\/strong><\/p>\n"},{"tips":{},"text":"<p style=\"text-align: center;\"><strong>Name the activity shown in the figure.<\/strong><\/p>\n","answer":"<p style=\"text-align: center;\"><strong>Sleeping<\/strong><\/p>\n","image":{"path":"images\/image-610578f72e828.png","mime":"image\/png","copyright":{"license":"U"},"width":1000,"height":689}},{"tips":{},"text":"<p style=\"text-align: center;\"><strong>How many hours should healthy young adults sleep in a day?<\/strong><\/p>\n","answer":"<p style=\"text-align: center;\"><strong>6 to 8 hours a day<\/strong><\/p>\n","image":{"path":"images\/image-610578f0e431e.png","mime":"image\/png","copyright":{"license":"U"},"width":1000,"height":1000}},{"tips":{},"image":{"path":"images\/image-60ec194c09083.png","mime":"image\/png","copyright":{"license":"U"},"width":276,"height":277},"text":"<p style=\"text-align: center;\"><strong>Name the cloth shown in the figure.<\/strong><\/p>\n","answer":"<p style=\"text-align: center;\"><strong>T-shirt<\/strong><\/p>\n"},{"tips":{},"text":"<p style=\"text-align: center;\"><strong>Name the cloth shown in the figure.<\/strong><\/p>\n","image":{"path":"images\/image-60ec199604fea.png","mime":"image\/png","copyright":{"license":"U"},"width":245,"height":256},"answer":"<p style=\"text-align: center;\"><strong>Jacket<\/strong><\/p>\n"},{"tips":{},"text":"<p style=\"text-align: center;\"><strong>In which season are the clothes shown in the figure worn?<\/strong><\/p>\n","answer":"<p style=\"text-align: center;\"><strong>Summer season<\/strong><\/p>\n","image":{"path":"images\/image-610578e2cda4e.png","mime":"image\/png","copyright":{"license":"U"},"width":1000,"height":1000}},{"tips":{},"text":"<p style=\"text-align: center;\"><strong>What does exercise help in?<\/strong><\/p>\n","answer":"<p style=\"text-align: center;\"><strong>Makes our body fit, active and healthy<\/strong><\/p>\n","image":{"path":"images\/image-610578d9c00b6.png","mime":"image\/png","copyright":{"license":"U"},"width":1000,"height":1000}},{"tips":{},"answer":"<p style=\"text-align: center;\"><strong>Trouser<\/strong><\/p>\n","text":"<p style=\"text-align: center;\"><strong>Name the cloth shown in the figure.<\/strong><\/p>\n","image":{"path":"images\/image-610579a16e432.png","mime":"image\/png","copyright":{"license":"U"},"width":1000,"height":1000}}],"behaviour":{"enableRetry":true,"disableBackwardsNavigation":false,"scaleTextNotCard":false,"randomCards":false,"maxProficiency":5,"quickProgression":false},"answer":"Turn","next":"Next","prev":"Previous","retry":"Retry","correctAnswer":"I got it right!","incorrectAnswer":"I got it wrong","round":"Round @round","cardsLeft":"Cards left: @number","nextRound":"Proceed to round @round","startOver":"Start over","showSummary":"Next","summary":"Summary","summaryCardsRight":"Cards you got right:","summaryCardsWrong":"Cards you got wrong:","summaryCardsNotShown":"Cards in pool not shown:","summaryOverallScore":"Overall Score","summaryCardsCompleted":"Cards you have completed learning:","summaryCompletedRounds":"Completed rounds:","summaryAllDone":"Well done! You got all @cards cards correct @max times in a row!","progressText":"Card @card of @total","cardFrontLabel":"Card front","cardBackLabel":"Card back","tipButtonLabel":"Show tip","audioNotSupported":"Your browser does not support this audio","confirmStartingOver":{"header":"Start over?","body":"All progress will be lost. Are you sure you want to start over?","cancelLabel":"Cancel","confirmLabel":"Start over"},"title":"<p style=\"text-align: center;\"><strong>Exercise, rest and clothing<\/strong><\/p>\n"}