{"cards":[{"text":"Use ____ tool to cut part of an image.","answer":"Crop\/Slice","tip":"","image":{"path":"images\/image-60ed99381326a.png","mime":"image\/png","copyright":{"license":"U"},"width":1920,"height":1080}},{"text":"Ruler tool is used to measure  ______ of an image.","answer":"Length","tip":"<p style=\"text-align: center;\">A dimension<\/p>\n","image":{"path":"images\/image-60ed9c69a613b.jpg","mime":"image\/jpeg","copyright":{"license":"U"},"width":633,"height":355}},{"text":"To select any part of an image we use ____ tools.","answer":"Selection","tip":"","image":{"path":"images\/image-60ed9ccb08078.png","mime":"image\/png","copyright":{"license":"U"},"width":472,"height":183}},{"text":"____ tool repairs a selected area with pixels that can be taken from another area or a pattern.","answer":"Retouching","tip":"","image":{"path":"images\/image-60ed99e04f3a6.png","mime":"image\/png","copyright":{"license":"U"},"width":1920,"height":1080}},{"text":"Brush, pencil, etc. are called ______ tools.","answer":"Painting","tip":"","image":{"path":"images\/image-60ed9a42d9c02.png","mime":"image\/png","copyright":{"license":"U"},"width":1920,"height":1080}},{"text":"Make image larger through _______ tool.","answer":"Magnify\/Magnifying\/Magnifying glass","tip":"","image":{"path":"images\/image-60ed9a779220e.jpg","mime":"image\/jpeg","copyright":{"license":"U"},"width":425,"height":437}},{"text":"The _______ tools are used for selecting objects such as rectangles, squares, and ellipses.","answer":"Marquee","tip":"","image":{"path":"images\/image-60ed9b05094fc.gif","mime":"image\/gif","copyright":{"license":"U"},"width":281,"height":132}},{"text":"Tool that removes the red-eye effects that appear in photographs is called ______tool.","answer":"Redeye","tip":"","image":{"path":"images\/image-60ed9b2abf55e.png","mime":"image\/png","copyright":{"license":"U"},"width":640,"height":336}},{"text":"What tool is used to fill an area of image or layers with solid or gradient?","answer":"Fill","tip":"","image":{"path":"images\/image-60ed9bcbf20f3.png","mime":"image\/png","copyright":{"license":"U"},"width":225,"height":225}},{"text":"Use ____ tool to make edges of an image sharp.","tip":"","answer":"Sharpen","image":{"path":"images\/image-60ed9c221267c.jpg","mime":"image\/jpeg","copyright":{"license":"U"},"width":640,"height":360}}],"progressText":"Card @card of @total","next":"Next","previous":"Previous","checkAnswerText":"Check","showSolutionsRequiresInput":true,"defaultAnswerText":"Your answer","correctAnswerText":"Correct","incorrectAnswerText":"Incorrect","showSolutionText":"Correct answer","results":"Results","ofCorrect":"@score of @total correct","showResults":"Show results","answerShortText":"A:","retry":"Retry","caseSensitive":false,"cardAnnouncement":"Incorrect answer. Correct answer was @answer","pageAnnouncement":"Page @current of @total","description":"Learn about some tools.","correctAnswerAnnouncement":"@answer is correct.","randomCards":false}