{"mode":"repetition","description":"<p style=\"text-align: center;\"><strong>Read the questions carefully and try to guess their answers.<\/strong><\/p>\n","dialogs":[{"tips":{},"text":"<p style=\"text-align: center;\"><strong>What physical exercises do static skills include?<\/strong><\/p>\n","answer":"<p style=\"text-align: center;\"><strong>Bending, hanging, swinging and climbing<\/strong><\/p>\n","audio":[{"path":"audios\/audio-60e2963b3070f.mp3","mime":"audio\/mpeg","copyright":{"license":"U"}}],"image":{"path":"images\/image-60e3b08ac8de6.jpg","mime":"image\/jpeg","copyright":{"license":"U"},"width":429,"height":612},"imageAltText":"hanging"},{"tips":{},"text":"<p style=\"text-align: center;\"><strong>Where do we perform static skills of physical exercise?<\/strong><\/p>\n","answer":"<p style=\"text-align: center;\"><strong>In a proper place<\/strong><\/p>\n","audio":[{"path":"audios\/audio-60e296e24427a.mp3","mime":"audio\/mpeg","copyright":{"license":"U"}}],"image":{"path":"images\/image-60e3b0a274b56.jpg","mime":"image\/jpeg","copyright":{"license":"U"},"width":626,"height":374},"imageAltText":"place for exercise"},{"tips":{},"text":"<p style=\"text-align: center;\"><strong>What is the boy doing in the picture?<\/strong><\/p>\n","answer":"<p style=\"text-align: center;\"><strong>Bending<\/strong><\/p>\n","audio":[{"path":"audios\/audio-60e29737f3cb8.mp3","mime":"audio\/mpeg","copyright":{"license":"U"}}],"imageAltText":"bending","image":{"path":"images\/image-60e6632926d1d.jpg","mime":"image\/jpeg","copyright":{"license":"U"},"width":264,"height":320}},{"tips":{},"text":"<p style=\"text-align: center;\"><strong>We enjoy hanging on poles or ropes. Yes or No?<\/strong><\/p>\n","answer":"<p style=\"text-align: center;\"><strong>Yes<\/strong><\/p>\n","audio":[{"path":"audios\/audio-60e2979ab78e8.mp3","mime":"audio\/mpeg","copyright":{"license":"U"}}],"imageAltText":"hanging","image":{"path":"images\/image-60e66424a9300.jpg","mime":"image\/jpeg","copyright":{"license":"U"},"width":734,"height":1024}},{"tips":{},"text":"<p style=\"text-align: center;\"><strong>What is used for swinging?<\/strong><\/p>\n","answer":"<p style=\"text-align: center;\"><strong>Rope<\/strong><\/p>\n","imageAltText":"swinging","audio":[{"path":"audios\/audio-60e5e3d87ffcc.mp3","mime":"audio\/mpeg","copyright":{"license":"U"}}],"image":{"path":"images\/image-60e66413a6922.jpg","mime":"image\/jpeg","copyright":{"license":"U"},"width":650,"height":651}},{"tips":{},"text":"<p style=\"text-align: center;\"><strong>Where can we climb?<\/strong><\/p>\n","answer":"<p style=\"text-align: center;\"><strong>Rope, pole or tree<\/strong><\/p>\n","audio":[{"path":"audios\/audio-60e2981bb7b69.mp3","mime":"audio\/mpeg","copyright":{"license":"U"}}],"image":{"path":"images\/image-60e3b0f21e23e.jpg","mime":"image\/jpeg","copyright":{"license":"U"},"width":2000,"height":2000},"imageAltText":"climbing"},{"tips":{},"text":"<p style=\"text-align: center;\"><strong>What is the boy doing in the picture?<\/strong><\/p>\n","answer":"<p style=\"text-align: center;\"><strong>Swinging<\/strong><\/p>\n","audio":[{"path":"audios\/audio-60e29883109c2.mp3","mime":"audio\/mpeg","copyright":{"license":"U"}}],"image":{"path":"images\/image-60e3b10045df8.jpg","mime":"image\/jpeg","copyright":{"license":"U"},"width":626,"height":626},"imageAltText":"swinging"},{"tips":{},"text":"<p style=\"text-align: center;\"><strong>We should climb carefully. Yes or No?<\/strong><\/p>\n","answer":"<p style=\"text-align: center;\"><strong>Yes<\/strong><\/p>\n","audio":[{"path":"audios\/audio-60e298c928491.mp3","mime":"audio\/mpeg","copyright":{"license":"U"}}],"image":{"path":"images\/image-60e3b11d92571.jpg","mime":"image\/jpeg","copyright":{"license":"U"},"width":999,"height":981},"imageAltText":"climbing"},{"tips":{},"text":"<p style=\"text-align: center;\"><strong>Identify the static skill shown in the figure.<\/strong><\/p>\n","answer":"<p style=\"text-align: center;\"><strong>Climbing<\/strong><\/p>\n","audio":[{"path":"audios\/audio-60e2993c5dfee.mp3","mime":"audio\/mpeg","copyright":{"license":"U"}}],"image":{"path":"images\/image-60e3b12e3484f.jpg","mime":"image\/jpeg","copyright":{"license":"U"},"width":244,"height":338},"imageAltText":"climbing"},{"tips":{},"text":"<p style=\"text-align: center;\"><strong>Are static skills of physical exercise important? Yes or No?<\/strong><\/p>\n","answer":"<p style=\"text-align: center;\"><strong>Yes<\/strong><\/p>\n","imageAltText":"physical exercise","image":{"path":"images\/image-60f578d3d736c.png","mime":"image\/png","copyright":{"license":"U"},"width":900,"height":1007},"audio":[{"path":"audios\/audio-6105014920600.mp3","mime":"audio\/mpeg","copyright":{"license":"U"}}]}],"behaviour":{"enableRetry":true,"disableBackwardsNavigation":false,"scaleTextNotCard":false,"randomCards":false,"maxProficiency":5,"quickProgression":false},"answer":"Turn","next":"Next","prev":"Previous","retry":"Retry","correctAnswer":"I got it right!","incorrectAnswer":"I got it wrong","round":"Round @round","cardsLeft":"Cards left: @number","nextRound":"Proceed to round @round","startOver":"Start over","showSummary":"Next","summary":"Summary","summaryCardsRight":"Cards you got right:","summaryCardsWrong":"Cards you got wrong:","summaryCardsNotShown":"Cards in pool not shown:","summaryOverallScore":"Overall Score","summaryCardsCompleted":"Cards you have completed learning:","summaryCompletedRounds":"Completed rounds:","summaryAllDone":"Well done! You got all @cards cards correct @max times in a row!","progressText":"Card @card of @total","cardFrontLabel":"Card front","cardBackLabel":"Card back","tipButtonLabel":"Show tip","audioNotSupported":"Your browser does not support this audio","confirmStartingOver":{"header":"Start over?","body":"All progress will be lost. Are you sure you want to start over?","cancelLabel":"Cancel","confirmLabel":"Start over"},"title":"<p style=\"text-align: center;\"><strong>Static skills of physical exercise<\/strong><\/p>\n"}