{"mode":"repetition","description":"<p style=\"text-align: center;\"><strong>Guess the answer of the following questions.<\/strong><\/p>\n","dialogs":[{"tips":{},"answer":"<p style=\"text-align: center;\"><strong>To change the paragraph formatting such as bullet type, text indentation, and line spacing use the commands in the Paragraph group.<\/strong><\/p>\n","text":"<p style=\"text-align: center;\"><strong>How to change paragraph formatting such as bullet type, text indentation, and line spacing?<\/strong><\/p>\n","image":{"path":"images\/image-60f050a16b567.png","mime":"image\/png","copyright":{"license":"U"},"width":512,"height":512}},{"tips":{},"text":"<p style=\"text-align: center;\"><strong>We can use MS PowerPoint for online presentations. True  or False?<\/strong><\/p>\n","answer":"<p style=\"text-align: center;\"><strong>False<\/strong><\/p>\n","image":{"path":"images\/image-60f04f51c4d1f.jpg","mime":"image\/jpeg","copyright":{"license":"U"},"width":626,"height":417}},{"tips":{},"text":"<p style=\"text-align: center;\"><strong>Power does not support audios. True or false?<\/strong><\/p>\n","answer":"<p style=\"text-align: center;\"><strong>False<\/strong><\/p>\n","image":{"path":"images\/image-60f04e27b9973.jpg","mime":"image\/jpeg","copyright":{"license":"U"},"width":642,"height":245,"originalImage":{"path":"images\/image-60f04e1b7441a.jpg#tmp","mime":"image\/jpeg","height":250,"width":1200}}},{"tips":{},"text":"<p style=\"text-align: center;\"><strong>We can use various animations in MS PowerPoint. True or False?<\/strong><\/p>\n","answer":"<p style=\"text-align: center;\"><strong>True<\/strong><\/p>\n","image":{"path":"images\/image-60f04daf339c6.gif","mime":"image\/gif","copyright":{"license":"U"},"width":800,"height":600}},{"tips":{},"answer":"<p style=\"text-align: center;\"><strong>You can specify the vertical alignment of text in a shape or text box. <\/strong><\/p>\n\n<p style=\"text-align: center;\"><strong>1. Right-click the border of the shape or text box.<\/strong><\/p>\n\n<p style=\"text-align: center;\"><strong>2. On the shortcut menu, click Format Shape, and then click Text Box in the left pane.<\/strong><\/p>\n\n<p style=\"text-align: center;\"><strong>3. Under Text layout, select the option that you want in the Vertical alignment list.<\/strong><\/p>\n","text":"<p style=\"text-align: center;\"><strong>How to position text at the top, bottom, or middle of a shape or text box?<\/strong><\/p>\n","image":{"path":"images\/image-60f04cada7fa2.jpg","mime":"image\/jpeg","copyright":{"license":"U"},"width":850,"height":503}},{"tips":{},"text":"<p style=\"text-align: center;\"><strong>How to change the horizontal alignment of all text in a shape or text box?<\/strong><\/p>\n","answer":"<p style=\"text-align: center;\"><strong>To change the horizontal alignment of all text in a shape or text box:<\/strong><\/p>\n\n<p style=\"text-align: center;\"><strong>1. Click the border of the shape or text box to select it. <\/strong><\/p>\n\n<p style=\"text-align: center;\"><strong>2. On the Home tab, in the Paragraph group, click the horizontal alignment option that you want.<\/strong><\/p>\n","image":{"path":"images\/image-60f04b8f0ec3f.png","mime":"image\/png","copyright":{"license":"U"},"width":725,"height":720}},{"tips":{},"text":"<p style=\"text-align: center;\"><strong>How do you position text horizontally in a shape or text box?<\/strong><\/p>\n","answer":"<p style=\"text-align: center;\"><strong>To change the horizontal alignment of all text in a shape or text box: <\/strong><\/p>\n\n<p style=\"text-align: center;\"><strong>1. Click the border of the shape or text box to select it.<\/strong><\/p>\n\n<p style=\"text-align: center;\"><strong>2. On the Home tab, in the Paragraph group, click the horizontal alignment option that you want.<\/strong><\/p>\n\n<p style=\"text-align: center;\"><strong>3. Click in the paragraph or line of text that you want to modify. <\/strong><\/p>\n\n<p style=\"text-align: center;\"><strong>4. On the Home tab, in the Paragraph group, click the horizontal alignment<\/strong><\/p>\n","image":{"path":"images\/image-60f049b9e3af4.jpg","mime":"image\/jpeg","copyright":{"license":"U"},"width":1280,"height":720}},{"tips":{},"answer":"<p style=\"text-align: center;\"><strong>To change the text font, color and size, use commands in the Font group.<\/strong><\/p>\n","text":"<p style=\"text-align: center;\"><strong>How do you change text font, color and size in MS PowerPoint?<\/strong><\/p>\n","image":{"path":"images\/image-60f0491ddf404.jpg","mime":"image\/jpeg","copyright":{"license":"U"},"width":238,"height":250}},{"tips":{},"text":"<p style=\"text-align: center;\"><strong>When typing text PowerPoint will automatically place the text into________.<\/strong><\/p>\n","answer":"<p style=\"text-align: center;\"><strong>Bulleted lists<\/strong><\/p>\n","image":{"path":"images\/image-60f05130d5b4a.png","mime":"image\/png","copyright":{"license":"U"},"width":200,"height":200}},{"tips":{},"answer":"<p style=\"text-align: center;\"><strong>Microsoft PowerPoint is a presentation application that produces dynamic and powerful slide shows containing text, graphics, tables and charts.<\/strong><\/p>\n","text":"<p style=\"text-align: center;\"><strong>&nbsp;What is Microsoft PowerPoint?<\/strong><\/p>\n","image":{"path":"images\/image-60f04811cfc91.png","mime":"image\/png","copyright":{"license":"U"},"width":452,"height":452}}],"behaviour":{"enableRetry":true,"disableBackwardsNavigation":false,"scaleTextNotCard":false,"randomCards":false,"maxProficiency":5,"quickProgression":false},"answer":"Turn","next":"Next","prev":"Previous","retry":"Retry","correctAnswer":"I got it right!","incorrectAnswer":"I got it wrong","round":"Round @round","cardsLeft":"Cards left: @number","nextRound":"Proceed to round @round","startOver":"Start over","showSummary":"Next","summary":"Summary","summaryCardsRight":"Cards you got right:","summaryCardsWrong":"Cards you got wrong:","summaryCardsNotShown":"Cards in pool not shown:","summaryOverallScore":"Overall Score","summaryCardsCompleted":"Cards you have completed learning:","summaryCompletedRounds":"Completed rounds:","summaryAllDone":"Well done! You got all @cards cards correct @max times in a row!","progressText":"Card @card of @total","cardFrontLabel":"Card front","cardBackLabel":"Card back","tipButtonLabel":"Show tip","audioNotSupported":"Your browser does not support this audio","confirmStartingOver":{"header":"Start over?","body":"All progress will be lost. Are you sure you want to start over?","cancelLabel":"Cancel","confirmLabel":"Start over"},"title":"<p>&nbsp;&nbsp;<\/p>\n"}