{"mode":"repetition","description":"<p style=\"text-align: center;\"><strong>Read the questions and try to guess the correct answers.<\/strong><\/p>\n","dialogs":[{"tips":{},"text":"<p style=\"text-align: center;\"><strong>Are plants useful to us?<\/strong><\/p>\n","answer":"<p style=\"text-align: center;\"><strong>Yes<\/strong><\/p>\n","audio":[{"path":"audios\/audio-60e052f1a550b.mp3","mime":"audio\/mpeg","copyright":{"license":"U"}}],"imageAltText":"plants","image":{"path":"images\/image-6462f608e13e1.png","mime":"image\/png","copyright":{"license":"U"},"width":545,"height":354}},{"tips":{},"text":"<p style=\"text-align: center;\"><strong>What do we get from plants?<\/strong><\/p>\n\n<p style=\"text-align: center;\"><strong>Fruits &amp; Vegetables \/ Disease &amp; Malnutrition<\/strong><\/p>\n","answer":"<p style=\"text-align: center;\"><strong>We get<em> fruits and vegetables<\/em> from plants.<\/strong><\/p>\n","audio":[{"path":"audios\/audio-60e0538c5ae1e.mp3","mime":"audio\/mpeg","copyright":{"license":"U"}}],"image":{"path":"images\/image-60e1655fe2730.jpg","mime":"image\/jpeg","copyright":{"license":"U"},"width":400,"height":126},"imageAltText":"food from plants"},{"tips":{},"text":"<p style=\"text-align: center;\"><strong>Should we take care of plants?<\/strong><\/p>\n","answer":"<p style=\"text-align: center;\"><strong>Yes<\/strong><\/p>\n","audio":[{"path":"audios\/audio-60e053da63377.mp3","mime":"audio\/mpeg","copyright":{"license":"U"}}],"imageAltText":"care of plant","image":{"path":"images\/image-60e5495dc677c.jpg","mime":"image\/jpeg","copyright":{"license":"U"},"width":626,"height":463}},{"tips":{},"text":"<p style=\"text-align: center;\"><strong>Should we take care of big trees?<\/strong><\/p>\n","answer":"<p style=\"text-align: center;\"><strong>Yes<\/strong><\/p>\n","audio":[{"path":"audios\/audio-60e0543ed6d2c.mp3","mime":"audio\/mpeg","copyright":{"license":"U"}}],"imageAltText":"weak plant","image":{"path":"images\/image-6462f9c7773d1.png","mime":"image\/png","copyright":{"license":"U"},"width":592,"height":465}},{"tips":{},"text":"<p style=\"text-align: center;\"><strong>Should we uproot plants?<\/strong><\/p>\n","answer":"<p style=\"text-align: center;\"><strong>No<\/strong><\/p>\n","image":{"path":"images\/image-60e165985b66e.jpg","mime":"image\/jpeg","copyright":{"license":"U"},"width":1080,"height":1614},"imageAltText":"uprooting","audio":[{"path":"audios\/audio-6104f91d78f59.mp3","mime":"audio\/mpeg","copyright":{"license":"U"}}]},{"tips":{},"text":"<p style=\"text-align: center;\"><strong>Should we break branches of plants?<\/strong><\/p>\n","answer":"<p style=\"text-align: center;\"><strong>No<\/strong><\/p>\n","image":{"path":"images\/image-60e165a2d387e.jpg","mime":"image\/jpeg","copyright":{"license":"U"},"width":211,"height":216},"imageAltText":"breaking branches","audio":[{"path":"audios\/audio-6104f8ee3bb8f.mp3","mime":"audio\/mpeg","copyright":{"license":"U"}}]},{"tips":{},"text":"<p style=\"text-align: center;\"><strong>Should we pluck flowers and leaves?<\/strong><\/p>\n","answer":"<p style=\"text-align: center;\"><strong>No<\/strong><\/p>\n","audio":[{"path":"audios\/audio-60e0555e5b07e.mp3","mime":"audio\/mpeg","copyright":{"license":"U"}}],"image":{"path":"images\/image-60e165ae323aa.jpg","mime":"image\/jpeg","copyright":{"license":"U"},"width":203,"height":203},"imageAltText":"plucking flowers"},{"tips":{},"text":"<p style=\"text-align: center;\"><strong>Is water necessary for plants?<\/strong><\/p>\n","answer":"<p style=\"text-align: center;\"><strong>Yes<\/strong><\/p>\n","audio":[{"path":"audios\/audio-60e055bfb47e2.mp3","mime":"audio\/mpeg","copyright":{"license":"U"}}],"image":{"path":"images\/image-60e165b8a0cc1.jpg","mime":"image\/jpeg","copyright":{"license":"U"},"width":219,"height":230},"imageAltText":"watering plant"},{"tips":{},"text":"<p style=\"text-align: center;\"><strong>How would you take care of plants?<\/strong><\/p>\n\n<p style=\"text-align: center;\"><strong>By giving water \/ By stepping on plants<\/strong><\/p>\n","answer":"<p style=\"text-align: center;\"><strong>We take care of plants <em>by giving water.<\/em><\/strong><\/p>\n","audio":[{"path":"audios\/audio-60e05613be3ca.mp3","mime":"audio\/mpeg","copyright":{"license":"U"}}],"image":{"path":"images\/image-60e165bfb6dd8.jpg","mime":"image\/jpeg","copyright":{"license":"U"},"width":219,"height":230},"imageAltText":"watering plant"},{"tips":{},"text":"<p style=\"text-align: center;\"><strong>Do humans need to take care of plants?<\/strong><\/p>\n","answer":"<p style=\"text-align: center;\"><strong>Yes<\/strong><\/p>\n","audio":[{"path":"audios\/audio-60e0566d18e03.mp3","mime":"audio\/mpeg","copyright":{"license":"U"}}],"image":{"path":"images\/image-60e491a45bfe6.jpg","mime":"image\/jpeg","copyright":{"license":"U"},"width":400,"height":323},"imageAltText":"plant"}],"behaviour":{"enableRetry":true,"disableBackwardsNavigation":false,"scaleTextNotCard":false,"randomCards":false,"maxProficiency":5,"quickProgression":false},"answer":"Turn","next":"Next","prev":"Previous","retry":"Retry","correctAnswer":"I got it right!","incorrectAnswer":"I got it wrong","round":"Round @round","cardsLeft":"Cards left: @number","nextRound":"Proceed to round @round","startOver":"Start over","showSummary":"Next","summary":"Summary","summaryCardsRight":"Cards you got right:","summaryCardsWrong":"Cards you got wrong:","summaryCardsNotShown":"Cards in pool not shown:","summaryOverallScore":"Overall Score","summaryCardsCompleted":"Cards you have completed learning:","summaryCompletedRounds":"Completed rounds:","summaryAllDone":"Well done! You got all @cards cards correct @max times in a row!","progressText":"Card @card of @total","cardFrontLabel":"Card front","cardBackLabel":"Card back","tipButtonLabel":"Show tip","audioNotSupported":"Your browser does not support this audio","confirmStartingOver":{"header":"Start over?","body":"All progress will be lost. Are you sure you want to start over?","cancelLabel":"Cancel","confirmLabel":"Start over"},"title":"<p style=\"text-align: center;\"><strong>Care for plants<\/strong><\/p>\n"}