{"mode":"repetition","description":"<p style=\"text-align: center;\"><strong>Read the questions and guess the answer.<\/strong><\/p>\n","dialogs":[{"tips":{},"text":"<p style=\"text-align: center;\"><strong>What is the state of alert in a drill called?<\/strong><\/p>\n","answer":"<p style=\"text-align: center;\"><strong>Attention<\/strong><\/p>\n","image":{"path":"images\/image-60e82e3283495.jpg","mime":"image\/jpeg","copyright":{"license":"U"},"width":716,"height":1496}},{"tips":{},"text":"<p style=\"text-align: center;\"><strong>In which position of drill do we stand in a straight line by keeping equal distance among friends?<\/strong><\/p>\n","answer":"<p style=\"text-align: center;\"><strong>While standing in a queue<\/strong><\/p>\n","image":{"path":"images\/image-60e82f9982813.jpeg","mime":"image\/jpeg","copyright":{"license":"U"},"width":568,"height":457,"originalImage":{"path":"images\/image-60e82bc8121bd.jpeg","mime":"image\/jpeg","height":888,"width":1280}}},{"tips":{},"text":"<p style=\"text-align: center;\"><strong>In stand-at-ease, we take a rest for a while. Yes or No?<\/strong><\/p>\n","answer":"<p style=\"text-align: center;\"><strong>No<\/strong><\/p>\n","image":{"path":"images\/image-60e82f344726d.jpeg","mime":"image\/jpeg","copyright":{"license":"U"},"width":220,"height":467,"originalImage":{"path":"images\/image-60e82b6491b31.jpeg","mime":"image\/jpeg","height":888,"width":1280}}},{"tips":{},"text":"<p style=\"text-align: center;\"><strong>Drill helps to maintain discipline. True or False?<\/strong><\/p>\n","answer":"<p style=\"text-align: center;\"><strong>True<\/strong><\/p>\n","image":{"path":"images\/image-65712876cb29c.png","mime":"image\/png","copyright":{"license":"U"},"width":900,"height":700}},{"tips":{},"text":"<p style=\"text-align: center;\"><strong>Which position of the drill has been shown in the picture?<\/strong><\/p>\n","answer":"<p style=\"text-align: center;\"><strong>Stand-at-rest<\/strong><\/p>\n","image":{"path":"images\/image-60e82b806f88b.jpeg","mime":"image\/jpeg","copyright":{"license":"U"},"width":1280,"height":888}},{"tips":{},"text":"<p style=\"text-align: center;\"><strong>A drill is a hard and complex physical exercise. True or False?<\/strong><\/p>\n","answer":"<p style=\"text-align: center;\"><strong>False<\/strong><\/p>\n","image":{"path":"images\/image-60e83093545a1.jpg","mime":"image\/jpeg","copyright":{"license":"U"},"width":557,"height":360}},{"tips":{},"text":"<p style=\"text-align: center;\"><strong>Where do we keep our hands in a stand-at-rest position of the drill?<\/strong><\/p>\n","answer":"<p style=\"text-align: center;\"><strong>At the side<\/strong><\/p>\n","image":{"path":"images\/image-60e82b3c11fb5.jpeg","mime":"image\/jpeg","copyright":{"license":"U"},"width":259,"height":689}},{"tips":{},"text":"<p style=\"text-align: center;\"><strong>Identify the position of the drill shown in the picture.<\/strong><\/p>\n","answer":"<p style=\"text-align: center;\"><strong>Attention<\/strong><\/p>\n","image":{"path":"images\/image-60e831a189ab6.jpeg","mime":"image\/jpeg","copyright":{"license":"U"},"width":233,"height":497,"originalImage":{"path":"images\/image-60e82b8e62178.jpeg","mime":"image\/jpeg","height":888,"width":1280}}},{"tips":{},"text":"<p style=\"text-align: center;\"><strong>In which position of the drill do we walk in a straight line without touching one another's body?<\/strong><\/p>\n","answer":"<p style=\"text-align: center;\"><strong>While walking in a queue<\/strong><\/p>\n","image":{"path":"images\/image-60e830df43281.jpg","mime":"image\/jpeg","copyright":{"license":"U"},"width":900,"height":459}},{"tips":{},"text":"<p style=\"text-align: center;\"><strong>Does drill help in the physical development of the body? <\/strong><\/p>\n\n<p style=\"text-align: center;\"><strong>Yes or No?<\/strong><\/p>\n","image":{"path":"images\/image-60e8311fa8163.jpg","mime":"image\/jpeg","copyright":{"license":"U"},"width":647,"height":404},"answer":"<p style=\"text-align: center;\"><strong>Yes<\/strong><\/p>\n"}],"behaviour":{"enableRetry":true,"disableBackwardsNavigation":false,"scaleTextNotCard":false,"randomCards":false,"maxProficiency":5,"quickProgression":false},"answer":"Turn","next":"Next","prev":"Previous","retry":"Retry","correctAnswer":"I got it right!","incorrectAnswer":"I got it wrong","round":"Round @round","cardsLeft":"Cards left: @number","nextRound":"Proceed to round @round","startOver":"Start over","showSummary":"Next","summary":"Summary","summaryCardsRight":"Cards you got right:","summaryCardsWrong":"Cards you got wrong:","summaryCardsNotShown":"Cards in pool not shown:","summaryOverallScore":"Overall Score","summaryCardsCompleted":"Cards you have completed learning:","summaryCompletedRounds":"Completed rounds:","summaryAllDone":"Well done! You got all @cards cards correct @max times in a row!","progressText":"Card @card of @total","cardFrontLabel":"Card front","cardBackLabel":"Card back","tipButtonLabel":"Show tip","audioNotSupported":"Your browser does not support this audio","confirmStartingOver":{"header":"Start over?","body":"All progress will be lost. Are you sure you want to start over?","cancelLabel":"Cancel","confirmLabel":"Start over"},"title":"<p style=\"text-align: center;\"><strong>Drill<\/strong><\/p>\n"}