{"cards":[{"tip":"","text":"What is the spin of the earth in its own axis is called?","answer":"Rotation\/Rotation of the earth","image":{"path":"images\/image-646c8cdd02c21.png","mime":"image\/png","copyright":{"license":"U"},"width":512,"height":512}},{"tip":"","text":"Rotation causes day and night on the earth. Is it true or false?","answer":"True","image":{"path":"images\/image-60e20f92c1c8d.jpg","mime":"image\/jpeg","copyright":{"license":"U"},"width":825,"height":473,"originalImage":{"path":"images\/image-60e20f7fb61e3.jpg#tmp","mime":"image\/jpeg","height":780,"width":1000}}},{"tip":"","text":"What causes the change in season on the earth?","answer":"Revolution\/Revolution of the earth","image":{"path":"images\/image-60e20ae32bbb7.png","mime":"image\/png","copyright":{"license":"U"},"width":494,"height":512}},{"tip":"","text":"The earth moves around the sun on its own path. What is this process called?","answer":"Revolution\/Revolution of the earth","image":{"path":"images\/image-60e20b9d2e7a1.png","mime":"image\/png","copyright":{"license":"U"},"width":736,"height":509}},{"tip":"","image":{"path":"images\/image-60e212cfdba04.png","mime":"image\/png","copyright":{"license":"U"},"width":365,"height":132},"text":"Which portion of the earth in the given picture is experiencing night time? [A or B]","answer":"B"},{"text":"The earth takes 24 hours to complete one rotation. Is it true or false?","answer":"True","tip":"","image":{"path":"images\/image-646c8cf37e9c9.png","mime":"image\/png","copyright":{"license":"U"},"width":512,"height":512}},{"tip":"","text":"The portion of the earth that gets the sunlight has night time. Is it true or false?","answer":"False","image":{"path":"images\/image-60e215aa7b3a7.jpg","mime":"image\/jpeg","copyright":{"license":"U"},"width":541,"height":497,"originalImage":{"path":"images\/image-60e215987480c.jpg#tmp","mime":"image\/jpeg","height":1080,"width":1000}}},{"tip":"","text":"How long does the earth take to complete one revolution?","answer":"1 year\/365 days","image":{"path":"images\/image-60e214f179680.jpg","mime":"image\/jpeg","copyright":{"license":"U"},"width":620,"height":497,"originalImage":{"path":"images\/image-60e214bc8aff6.jpg#tmp","mime":"image\/jpeg","height":1073,"width":1000}}},{"tip":"","text":"Some animals become active at night. Is it true or false?","answer":"True","image":{"path":"images\/image-60e216b755f65.jpg","mime":"image\/jpeg","copyright":{"license":"U"},"width":184,"height":395,"originalImage":{"path":"images\/image-60e2160c580fb.jpg#tmp","mime":"image\/jpeg","height":830,"width":1000}}},{"tip":"","text":"The earth rotates on its own axis. Is it true or false?","answer":"True","image":{"path":"images\/image-60e216a06b54d.jpg","mime":"image\/jpeg","copyright":{"license":"U"},"width":427,"height":497,"originalImage":{"path":"images\/image-60e2144f0565f.jpg","mime":"image\/jpeg","height":1080,"width":865}}}],"progressText":"Card @card of @total","next":"Next","previous":"Previous","checkAnswerText":"Check","showSolutionsRequiresInput":true,"defaultAnswerText":"Your answer","correctAnswerText":"Correct","incorrectAnswerText":"Incorrect","showSolutionText":"Correct answer","results":"Results","ofCorrect":"@score of @total correct","showResults":"Show results","answerShortText":"A:","retry":"Retry","caseSensitive":false,"cardAnnouncement":"Incorrect answer. Correct answer was @answer","pageAnnouncement":"Page @current of @total","description":"Read the questions carefully and answer the questions.","correctAnswerAnnouncement":"@answer is correct.","randomCards":true}