{"cards":[{"text":"____ law is the part of the overall legal system that deals with the Internet, cyberspace, and their respective legal issues.","answer":"Cyber","tip":"<p>It is also referred as the Law of the Internet.<\/p>\n","image":{"path":"images\/image-60f270d07b1b6.png","mime":"image\/png","copyright":{"license":"U"},"width":512,"height":512}},{"text":"Cyber law does not deal with data protection and piracy act. Is it True or False?","answer":"False","tip":"<p>Type in True <strong>or<\/strong> False.<\/p>\n","image":{"path":"images\/image-60f270d8bb5e2.png","mime":"image\/png","copyright":{"license":"U"},"width":512,"height":512}},{"text":"In Nepal, cyber law was introduced on 30th Bhadra, ____ B.S .","answer":"2061","tip":"<p>Type answer in <strong>numbers<\/strong>.<\/p>\n","image":{"path":"images\/image-60f270dfa837c.png","mime":"image\/png","copyright":{"license":"U"},"width":512,"height":512}},{"text":"________ can be defined as a complex environment that involves interactions between people, software, and services.","answer":"Cyberspace","tip":"","image":{"path":"images\/image-60f270e59b8f6.png","mime":"image\/png","copyright":{"license":"U"},"width":512,"height":512}},{"text":"In European countries, cyber laws and computer ethics have been introduced since 1970. Is it True or False?","answer":"True","tip":"<p>Type in True <strong>or<\/strong> False.<\/p>\n","image":{"path":"images\/image-60f270ea12498.png","mime":"image\/png","copyright":{"license":"U"},"width":512,"height":512}},{"text":"Cyber law has been referred to as the Law of the _____ .","answer":"Internet","tip":"<p>Cyber law deals with all the Internet legal issues.<\/p>\n","image":{"path":"images\/image-60f270ef42fb0.png","mime":"image\/png","copyright":{"license":"U"},"width":512,"height":512}},{"text":"Lately, there have been a lot of online scam cases, these cases are not inlcuded in Cyber law. Is it True or False?","answer":"False","tip":"<p>Type in True <strong>or<\/strong> False.<\/p>\n","image":{"path":"images\/image-60f270f3e1189.png","mime":"image\/png","copyright":{"license":"U"},"width":512,"height":512}},{"text":"Online privacy is an important matter of cyber law. Yes or No?","answer":"Yes","tip":"<p>Type in Yes <strong>or<\/strong> No.<\/p>\n","image":{"path":"images\/image-60f270f8a6111.png","mime":"image\/png","copyright":{"license":"U"},"width":512,"height":512}},{"text":"____ is tricking people into believing something that is not true.","answer":"Scam","tip":"","image":{"path":"images\/image-60f270fd3bb7a.png","mime":"image\/png","copyright":{"license":"U"},"width":512,"height":512}},{"text":"Cyber law includes the electronic and digital signature act. Is it True or False?","answer":"True","tip":"<p>Type in True <strong>or<\/strong> False.<\/p>\n","image":{"path":"images\/image-60f27101285a2.png","mime":"image\/png","copyright":{"license":"U"},"width":512,"height":512}}],"progressText":"Card @card of @total","next":"Next","previous":"Previous","checkAnswerText":"Check","showSolutionsRequiresInput":true,"defaultAnswerText":"Your answer","correctAnswerText":"Correct","incorrectAnswerText":"Incorrect","showSolutionText":"Correct answer","results":"Results","ofCorrect":"@score of @total correct","showResults":"Show results","answerShortText":"A:","retry":"Retry","caseSensitive":false,"cardAnnouncement":"Incorrect answer. Correct answer was @answer","pageAnnouncement":"Page @current of @total","description":"Read the questions carefully and answer them."}