{"mode":"repetition","description":"<p style=\"text-align: center;\"><strong>Read the questions carefully and try to guess the correct answer.<\/strong><\/p>\n","dialogs":[{"tips":{},"text":"<p style=\"text-align: center;\">______<strong> are the basic skills in physical education that assists us to move our body parts skillfully and flexibly. [Locomotive skills\/Coummunicatons skills\/Meditation]<\/strong><\/p>\n","answer":"<p style=\"text-align: center;\"><strong>Locomotive skills<\/strong><\/p>\n","image":{"path":"images\/image-658c2307b3a99.JPG","mime":"image\/jpeg","copyright":{"license":"U"},"width":5500,"height":3959}},{"tips":{},"text":"<p style=\"text-align: center;\"><strong>What is the movement shown by jumping on one foot called?<\/strong><\/p>\n","answer":"<p style=\"text-align: center;\"><strong>Hopping<\/strong><\/p>\n","image":{"path":"images\/image-60e723d9e7aff.png","mime":"image\/png","copyright":{"license":"U"},"width":228,"height":361}},{"tips":{},"text":"<p style=\"text-align: center;\"><strong>What is the the act of jumping over a rope which is held at both ends called?<\/strong><\/p>\n","answer":"<p style=\"text-align: center;\"><strong>Skipping<\/strong><\/p>\n","image":{"path":"images\/image-60e721fd51a93.png","mime":"image\/png","copyright":{"license":"U"},"width":297,"height":422}},{"tips":{},"text":"<p style=\"text-align: center;\"><strong>What is the act of moving slowly with the help of legs called?<\/strong><\/p>\n","answer":"<p style=\"text-align: center;\"><strong>Walking<\/strong><\/p>\n","image":{"path":"images\/image-60e7211144053.png","mime":"image\/png","copyright":{"license":"U"},"width":761,"height":385}},{"tips":{},"text":"<p style=\"text-align: center;\"><strong>What is the act of moving hands and legs fast by bending the body forward called?<\/strong><\/p>\n","answer":"<p style=\"text-align: center;\"><strong>Sprinting<\/strong><\/p>\n","image":{"path":"images\/image-60e721951d82a.png","mime":"image\/png","copyright":{"license":"U"},"width":300,"height":257}},{"tips":{},"answer":"<p style=\"text-align: center;\"><strong>Hurdle race<\/strong><\/p>\n","text":"<p style=\"text-align: center;\"><strong>Name the activity shown in the figure.<\/strong><\/p>\n","image":{"path":"images\/image-60e72440e21ee.png","mime":"image\/png","copyright":{"license":"U"},"width":622,"height":506}},{"tips":{},"image":{"path":"images\/image-60e7223ca0b05.png","mime":"image\/png","copyright":{"license":"U"},"width":660,"height":404},"text":"<p style=\"text-align: center;\"><strong>Name the activity shown in the figure.<\/strong><\/p>\n","answer":"<p style=\"text-align: center;\"><strong>Walking fast in a zig-zag line<\/strong><\/p>\n"},{"tips":{},"answer":"<p style=\"text-align: center;\"><strong>Walking in pairs<\/strong><\/p>\n","image":{"path":"images\/image-60e72281e8afe.png","mime":"image\/png","copyright":{"license":"U"},"width":970,"height":321},"text":"<p style=\"text-align: center;\"><strong>Name the activity shown in the figure.<\/strong><\/p>\n"},{"tips":{},"answer":"<p style=\"text-align: center;\"><strong>Simple jogging<\/strong><\/p>\n","text":"<p style=\"text-align: center;\"><strong>Name the activity shown in the figure.<\/strong><\/p>\n","image":{"path":"images\/image-60e722c704104.png","mime":"image\/png","copyright":{"license":"U"},"width":480,"height":494}},{"tips":{},"image":{"path":"images\/image-60e722f605c32.png","mime":"image\/png","copyright":{"license":"U"},"width":551,"height":383},"answer":"<p style=\"text-align: center;\"><strong>Walking in a straight line with long steps<\/strong><\/p>\n","text":"<p style=\"text-align: center;\"><strong>Name the activity shown in the figure.<\/strong><\/p>\n"}],"behaviour":{"enableRetry":true,"disableBackwardsNavigation":false,"scaleTextNotCard":false,"randomCards":false,"maxProficiency":5,"quickProgression":false},"answer":"Turn","next":"Next","prev":"Previous","retry":"Retry","correctAnswer":"I got it right!","incorrectAnswer":"I got it wrong","round":"Round @round","cardsLeft":"Cards left: @number","nextRound":"Proceed to round @round","startOver":"Start over","showSummary":"Next","summary":"Summary","summaryCardsRight":"Cards you got right:","summaryCardsWrong":"Cards you got wrong:","summaryCardsNotShown":"Cards in pool not shown:","summaryOverallScore":"Overall Score","summaryCardsCompleted":"Cards you have completed learning:","summaryCompletedRounds":"Completed rounds:","summaryAllDone":"Well done! You got all @cards cards correct @max times in a row!","progressText":"Card @card of @total","cardFrontLabel":"Card front","cardBackLabel":"Card back","tipButtonLabel":"Show tip","audioNotSupported":"Your browser does not support this audio","confirmStartingOver":{"header":"Start over?","body":"All progress will be lost. Are you sure you want to start over?","cancelLabel":"Cancel","confirmLabel":"Start over"},"title":"<p style=\"text-align: center;\"><strong>Locomotive Skills <\/strong><\/p>\n"}