{"cards":[{"image":{"path":"images\/image-60e6bdcd22c44.jpg","mime":"image\/jpeg","copyright":{"license":"U"},"width":700,"height":986},"text":"A flowering plant can be divided into two parts: Root system and ?","answer":"Shoot system","tip":""},{"image":{"path":"images\/image-60e6be4660b4c.jpg","mime":"image\/jpeg","copyright":{"license":"U"},"width":1000,"height":981},"text":"What are the plants that bear flowers, fruits and seeds called?","answer":"Flowering plants","tip":""},{"image":{"path":"images\/image-60e6bf0eeebc4.jpg","mime":"image\/jpeg","copyright":{"license":"U"},"width":1000,"height":857},"text":"What part of a flowering plant is shown in the picture?","answer":"Root","tip":""},{"text":"What part of a flowering plant is shown in the picture?","image":{"path":"images\/image-60e6c041c63d8.jpg","mime":"image\/jpeg","copyright":{"license":"U"},"width":700,"height":995},"answer":"Leaf","tip":""},{"text":"What part of a flowering plant is shown in the picture?","image":{"path":"images\/image-60e6c107465c8.PNG","mime":"image\/png","copyright":{"license":"U"},"width":638,"height":561},"answer":"Stem","tip":""},{"image":{"path":"images\/image-60e6c28e4ba92.PNG","mime":"image\/png","copyright":{"license":"U"},"width":476,"height":483},"text":"What part of a flowering plant is shown in the picture?","answer":"Flower","tip":""},{"image":{"path":"images\/image-60e6c292d66e5.PNG","mime":"image\/png","copyright":{"license":"U"},"width":587,"height":517},"text":"What part of a flowering plant is shown in the picture?","answer":"Fruit","tip":""},{"image":{"path":"images\/image-60e6c3648db0c.jpeg","mime":"image\/jpeg","copyright":{"license":"U"},"width":443,"height":395},"text":"What root system is this?","answer":"Tap root system","tip":""},{"image":{"path":"images\/image-60e6c4f422fcb.jpg","mime":"image\/jpeg","copyright":{"license":"U"},"width":996,"height":990},"text":"What is the mature ovule produced inside the fruit called?","answer":"Seed","tip":""},{"image":{"path":"images\/image-60e6c5a6a7f09.jpg","mime":"image\/jpeg","copyright":{"license":"U"},"width":999,"height":864},"text":"What kind of venation is found in the leaves of a coconut tree?","answer":"Parallel venation","tip":""}],"progressText":"Card @card of @total","next":"Next","previous":"Previous","checkAnswerText":"Check","showSolutionsRequiresInput":true,"defaultAnswerText":"Your answer","correctAnswerText":"Correct","incorrectAnswerText":"Incorrect","showSolutionText":"Correct answer","results":"Results","ofCorrect":"@score of @total correct","showResults":"Show results","answerShortText":"A:","retry":"Retry","caseSensitive":false,"cardAnnouncement":"Incorrect answer. Correct answer was @answer","pageAnnouncement":"Page @current of @total","description":"Let&#039;s learn about Flowering Plants!","correctAnswerAnnouncement":"@answer is correct.","randomCards":true}