{"cards":[{"tip":"","text":"What is the environment where negligible amounts of dust, pollution, etc. are present called? (Clean environment\/Dirty environment)","answer":"Clean environment","image":{"path":"images\/image-6105fd8f9d4e1.png","mime":"image\/png","copyright":{"license":"U"},"width":1920,"height":1501}},{"tip":"","image":{"path":"images\/image-60ec2dfb438f7.png","mime":"image\/png","copyright":{"license":"U"},"width":459,"height":302},"text":"Identify the type of waste shown in the figure. (Non-degradable waste\/Degradable waste)","answer":"Degradable waste"},{"tip":"","text":"It is not the responsibility of the society to clean the surroundings of the different places of society. True or False?","answer":"False","image":{"path":"images\/image-60ec2f3342435.png","mime":"image\/png","copyright":{"license":"U"},"width":494,"height":344}},{"tip":"","image":{"path":"images\/image-60ec2e382131b.png","mime":"image\/png","copyright":{"license":"U"},"width":458,"height":308},"answer":"Non-degradable waste||Non-biodegradable waste","text":"Identify the type of waste shown in the figure. (Non-degradable waste\/Degradable waste)"},{"tip":"","text":"What is the environment where a high amount of dust, pollution, germs, insects, bad smells, etc. are present? (Polluted environment\/Healthy environment)","answer":"Polluted environment","image":{"path":"images\/image-60ec2c61191b3.png","mime":"image\/png","copyright":{"license":"U"},"width":619,"height":302}},{"tip":"","text":"The wastes produced from a kitchen and cow sheds can be used to produce compost manure. True or False?","image":{"path":"images\/image-60ec2dba169c5.png","mime":"image\/png","copyright":{"license":"U"},"width":379,"height":247},"answer":"True"},{"tip":"","text":"Throwing garbage and waste on the road is a ____ habit. (good\/bad)","answer":"bad","image":{"path":"images\/image-6105fda198557.png","mime":"image\/png","copyright":{"license":"U"},"width":1000,"height":692}},{"tip":"","text":"Keeping the sources of water clean ____ various diseases. (transmits\/does not transmit)","answer":"does not transmit\/doesn&#039;t transmit","image":{"path":"images\/image-6105fdad70d44.png","mime":"image\/png","copyright":{"license":"U"},"width":1000,"height":1000}},{"tip":"","text":"We ____ throw waste on roads and streets. (should\/should not)","answer":"should not\/shouldn&#039;t","image":{"path":"images\/image-6105fdb5d7552.png","mime":"image\/png","copyright":{"license":"U"},"width":1000,"height":696}},{"tip":"","text":"Waste materials cannot be recycled. True or False?","answer":"False","image":{"path":"images\/image-60ec30cbe4187.png","mime":"image\/png","copyright":{"license":"U"},"width":624,"height":347}}],"progressText":"Card @card of @total","next":"Next","previous":"Previous","checkAnswerText":"Check","showSolutionsRequiresInput":true,"defaultAnswerText":"Your answer","correctAnswerText":"Correct","incorrectAnswerText":"Incorrect","showSolutionText":"Correct answer","results":"Results","ofCorrect":"@score of @total correct","showResults":"Show results","answerShortText":"A:","retry":"Retry","caseSensitive":false,"cardAnnouncement":"Incorrect answer. Correct answer was @answer","pageAnnouncement":"Page @current of @total","description":"Read the questions properly and write the correct answer.","correctAnswerAnnouncement":"@answer is correct.","randomCards":true}