{"mode":"repetition","description":"<p style=\"text-align: center;\"><strong>Useful things to know about font tags<\/strong><\/p>\n","dialogs":[{"tips":{},"text":"<p style=\"text-align: center;\"><strong>Why do we need font tag?<\/strong><\/p>\n","answer":"<p style=\"text-align: center;\"><strong>Fonts makes a website more user-friendly and increases content readability.<\/strong><\/p>\n","image":{"path":"images\/image-60f5217b9aed8.jpg","mime":"image\/jpeg","copyright":{"license":"U"},"width":1570,"height":820}},{"tips":{},"text":"<p style=\"text-align: center;\"><strong>Do we need to close font tag?<\/strong><\/p>\n","answer":"<p style=\"text-align: center;\"><strong>Yes, close font tags with &lt;\/font&gt;<\/strong><\/p>\n","image":{"path":"images\/image-60f521e9738cd.png","mime":"image\/png","copyright":{"license":"U"},"width":300,"height":100}},{"tips":{},"text":"<p style=\"text-align: center;\"><strong>What does font face attribute do?<\/strong><\/p>\n","answer":"<p style=\"text-align: center;\"><strong>It sets the font style of text.<\/strong><\/p>\n","image":{"path":"images\/image-60f5222c21dce.jpg","mime":"image\/jpeg","copyright":{"license":"U"},"width":449,"height":500}},{"tips":{},"text":"<p style=\"text-align: center;\"><strong>How do you set the size of text?<\/strong><\/p>\n","answer":"<p style=\"text-align: center;\"><strong>Use size attribute.<br>\n&lt;font size=\"1\"&gt;&nbsp; Text  &lt;\/font&gt;<\/strong><\/p>\n","image":{"path":"images\/image-60f5224f56a67.jpg","mime":"image\/jpeg","copyright":{"license":"U"},"width":1600,"height":640}},{"tips":{},"text":"<p style=\"text-align: center;\"><strong>Can you change your text colour?<\/strong><\/p>\n","answer":"<p style=\"text-align: center;\"><strong>Yes, use color attribute.<\/strong><\/p>\n","image":{"path":"images\/image-60f52285eaa94.jpg","mime":"image\/jpeg","copyright":{"license":"U"},"width":639,"height":411}},{"tips":{},"text":"<p style=\"text-align: center;\"><strong>When do you use relative font size?<\/strong><\/p>\n","answer":"<p style=\"text-align: center;\"><strong>When you want to &nbsp;specify how many sizes larger or smaller than the preset font size should be.<\/strong><\/p>\n","image":{"path":"images\/image-60f522b7b13a6.jpg","mime":"image\/jpeg","copyright":{"license":"U"},"width":1000,"height":667}},{"tips":{},"text":"<p style=\"text-align: center;\"><strong>How do you use relative font size?<\/strong><\/p>\n","answer":"<p style=\"text-align: center;\"><strong>&lt;font size=\"+n\"&gt;<\/strong><\/p>\n\n<p style=\"text-align: center;\"><strong>Example:&nbsp;&lt;font size=\"+2\"&gt;<\/strong><\/p>\n","image":{"path":"images\/image-60f52357a01b0.jpg","mime":"image\/jpeg","copyright":{"license":"U"},"width":640,"height":320}},{"tips":{},"text":"<p style=\"text-align: center;\"><strong>How do you set default font size to any part of the document?<\/strong><\/p>\n","answer":"<p style=\"text-align: center;\"><strong>Use &lt;basefont&gt;.<\/strong><\/p>\n","image":{"path":"images\/image-60f5238011ad6.png","mime":"image\/png","copyright":{"license":"U"},"width":300,"height":100}},{"tips":{},"text":"<p style=\"text-align: center;\"><strong>How do you overwrite the &lt;basefont&gt; setting?<\/strong><\/p>\n","answer":"<p style=\"text-align: center;\"><strong>Use &lt;font&gt; to any part where you want to overwrite.<\/strong><\/p>\n","image":{"path":"images\/image-60f523bc20883.png","mime":"image\/png","copyright":{"license":"U"},"width":300,"height":100}},{"tips":{},"text":"<p style=\"text-align: center;\"><strong>In what ways can you assign a red color to a font?<\/strong><\/p>\n","answer":"<p style=\"text-align: center;\"><strong>&lt;font color=\"#FF0000\"&gt;text&lt;\/font&gt;&nbsp;<br>\nor<br>\n&lt;font color=\"red\"&gt;text&lt;\/font&gt;&nbsp;<\/strong><\/p>\n","image":{"path":"images\/image-60f5240553216.png","mime":"image\/png","copyright":{"license":"U"},"width":560,"height":315}}],"behaviour":{"enableRetry":true,"disableBackwardsNavigation":false,"scaleTextNotCard":false,"randomCards":false,"maxProficiency":5,"quickProgression":false},"answer":"Turn","next":"Next","prev":"Previous","retry":"Retry","correctAnswer":"I got it right!","incorrectAnswer":"I got it wrong","round":"Round @round","cardsLeft":"Cards left: @number","nextRound":"Proceed to round @round","startOver":"Start over","showSummary":"Next","summary":"Summary","summaryCardsRight":"Cards you got right:","summaryCardsWrong":"Cards you got wrong:","summaryCardsNotShown":"Cards in pool not shown:","summaryOverallScore":"Overall Score","summaryCardsCompleted":"Cards you have completed learning:","summaryCompletedRounds":"Completed rounds:","summaryAllDone":"Well done! You got all @cards cards correct @max times in a row!","progressText":"Card @card of @total","cardFrontLabel":"Card front","cardBackLabel":"Card back","tipButtonLabel":"Show tip","audioNotSupported":"Your browser does not support this audio","confirmStartingOver":{"header":"Start over?","body":"All progress will be lost. Are you sure you want to start over?","cancelLabel":"Cancel","confirmLabel":"Start over"},"title":"<p>&nbsp;&nbsp;<\/p>\n"}