{"cards":[{"text":"To which class, the given figure of lever belongs to?","answer":"First class","tip":"","image":{"path":"images\/image-60f5075bcc4b3.png","mime":"image\/png","copyright":{"license":"U"},"width":601,"height":601}},{"text":"To which class, the given figure of lever belongs to?","answer":"Third class","tip":"","image":{"path":"images\/image-60f50761b890a.png","mime":"image\/png","copyright":{"license":"U"},"width":601,"height":601}},{"text":"To which class, the given figure of lever belongs to?","answer":"Second class","tip":"","image":{"path":"images\/image-60f5076704b7f.png","mime":"image\/png","copyright":{"license":"U"},"width":601,"height":601}},{"text":"An effort of 40N is applied to lift a load of 160N by using a crowbar as the first class lever. If the effort is applied at 150m away from fulcrum, calculate the load distance.","answer":"37.5m","tip":"","image":{"path":"images\/image-60f54727205d5.jpg","mime":"image\/jpeg","copyright":{"license":"U"},"width":238,"height":250}},{"text":"Calculate the mechanical advantage[MA] of a machine if the load of 200N is moved by applying effort of 80N.","answer":"2.5","tip":"","image":{"path":"images\/image-610f67073318b.png","mime":"image\/png","copyright":{"license":"U"},"width":512,"height":512}},{"text":"A load of 500N can be lifted by applying an effort 150N. If the load arm is 15m away from fulcrum, calculate the effort arm.","answer":"50m","tip":"","image":{"path":"images\/image-60f5077b7d7b0.png","mime":"image\/png","copyright":{"license":"U"},"width":601,"height":601}},{"text":"Study the given figure and calculate MA.","answer":"3","tip":"","image":{"path":"images\/image-60f507803acca.png","mime":"image\/png","copyright":{"license":"U"},"width":601,"height":601}},{"text":"Calculate VR from the given figure.","answer":"2","tip":"","image":{"path":"images\/image-60f50785dd712.png","mime":"image\/png","copyright":{"license":"U"},"width":601,"height":601}},{"text":"Study the given figure and calculate the efficiency of the machine.","answer":"150%","tip":"","image":{"path":"images\/image-60f5078c01394.png","mime":"image\/png","copyright":{"license":"U"},"width":601,"height":601}},{"text":"From the given figure, calculate the effort applied.","answer":"150N","tip":"","image":{"path":"images\/image-60f50b848d77d.png","mime":"image\/png","copyright":{"license":"U"},"width":601,"height":601}}],"progressText":"Card @card of @total","next":"Next","previous":"Previous","checkAnswerText":"Check","showSolutionsRequiresInput":true,"defaultAnswerText":"Your answer","correctAnswerText":"Correct","incorrectAnswerText":"Incorrect","showSolutionText":"Correct answer","results":"Results","ofCorrect":"@score of @total correct","showResults":"Show results","answerShortText":"A:","retry":"Retry","caseSensitive":false,"cardAnnouncement":"Incorrect answer. Correct answer was @answer","pageAnnouncement":"Page @current of @total","description":"Analyze the images and questions to answer correctly.","correctAnswerAnnouncement":"@answer is correct."}