{"mode":"repetition","description":"<p style=\"text-align: center;\"><strong>Guess the answers.<\/strong><\/p>\n","dialogs":[{"tips":{},"text":"<p style=\"text-align: center;\"><strong>A_________ [flowchart \/ graph] is a pictorial representation of an algorithm with different symbols.<\/strong><\/p>\n","answer":"<p style=\"text-align: center;\"><strong>Flowchart<\/strong><\/p>\n","image":{"path":"images\/image-60f3c958e28f3.png","mime":"image\/png","copyright":{"license":"U"},"width":200,"height":200}},{"tips":{},"text":"<p style=\"text-align: center;\"><strong>There are how many types of flowchart? [Four\/Five]<\/strong><\/p>\n","answer":"<p style=\"text-align: center;\"><strong>Four<\/strong><\/p>\n","image":{"path":"images\/image-60f3c955de541.png","mime":"image\/png","copyright":{"license":"U"},"width":700,"height":900}},{"tips":{},"text":"<p style=\"text-align: center;\"><strong>The ________ [program flowchart \/ document flowchart] is a data flow that shows the data flow while writing a program or algorithm<\/strong><\/p>\n","answer":"<p style=\"text-align: center;\"><strong>Program flowchart <\/strong><\/p>\n","image":{"path":"images\/image-60f3c951cd100.jpg","mime":"image\/jpeg","copyright":{"license":"U"},"width":1460,"height":1314}},{"tips":{},"text":"<p style=\"text-align: center;\"><strong>Oval shapes are usually used for \"Start\" or \"End\" in flowchart. True or False?<\/strong><\/p>\n","answer":"<p style=\"text-align: center;\"><strong>True<\/strong><\/p>\n","image":{"path":"images\/image-60f3c94d45a81.png","mime":"image\/png","copyright":{"license":"U"},"width":820,"height":535}},{"tips":{},"text":"<p style=\"text-align: center;\"><strong>Which shape represents the instruction about the input or output in a flowchart?<\/strong><\/p>\n","answer":"<p style=\"text-align: center;\"><strong>Parallelogram<\/strong><\/p>\n","image":{"path":"images\/image-60f3c9488a9d9.jpg","mime":"image\/jpeg","copyright":{"license":"U"},"width":346,"height":196}},{"tips":{},"text":"<p style=\"text-align: center;\"><strong>Which symbol allows you to write the instructions for calculations and computations?<\/strong><\/p>\n","answer":"<p style=\"text-align: center;\"><strong>Rectangle<\/strong><\/p>\n","image":{"path":"images\/image-60f3c9446e68d.png","mime":"image\/png","copyright":{"license":"U"},"width":680,"height":250}},{"tips":{},"text":"<p style=\"text-align: center;\"><strong>Which symbol is used to write conditions to make decision?<\/strong><\/p>\n","answer":"<p style=\"text-align: center;\"><strong>Diamond<\/strong><\/p>\n","image":{"path":"images\/image-60f3c940b7266.png","mime":"image\/png","copyright":{"license":"U"},"width":280,"height":280}},{"tips":{},"text":"<p style=\"text-align: center;\"><strong>__________ is used as connector in flowchart.<\/strong><\/p>\n","answer":"<p style=\"text-align: center;\"><strong>Circle<\/strong><\/p>\n","image":{"path":"images\/image-60f3c93d401b3.jpg","mime":"image\/jpeg","copyright":{"license":"U"},"width":800,"height":800}},{"tips":{},"text":"<p style=\"text-align: center;\"><strong>___________  [Annotation \/ Arrows] allows you to write remarks or comments about symbols or logics used in flowchart.<\/strong><\/p>\n","answer":"<p style=\"text-align: center;\"><strong>Annotation<\/strong><\/p>\n","image":{"path":"images\/image-60f3c9399ad7b.png","mime":"image\/png","copyright":{"license":"U"},"width":222,"height":228}},{"tips":{},"text":"<p style=\"text-align: center;\"><strong>Which symbol allows you to connect different symbols to show the flow of program? [Arrow \/ Annotation]<\/strong><\/p>\n","answer":"<p style=\"text-align: center;\"><strong>Arrow<\/strong><\/p>\n","image":{"path":"images\/image-60f3ca74d2100.png","mime":"image\/png","copyright":{"license":"U"},"width":225,"height":225}}],"behaviour":{"enableRetry":true,"disableBackwardsNavigation":false,"scaleTextNotCard":false,"randomCards":false,"maxProficiency":5,"quickProgression":false},"answer":"Turn","next":"Next","prev":"Previous","retry":"Retry","correctAnswer":"I got it right!","incorrectAnswer":"I got it wrong","round":"Round @round","cardsLeft":"Cards left: @number","nextRound":"Proceed to round @round","startOver":"Start over","showSummary":"Next","summary":"Summary","summaryCardsRight":"Cards you got right:","summaryCardsWrong":"Cards you got wrong:","summaryCardsNotShown":"Cards in pool not shown:","summaryOverallScore":"Overall Score","summaryCardsCompleted":"Cards you have completed learning:","summaryCompletedRounds":"Completed rounds:","summaryAllDone":"Well done! You got all @cards cards correct @max times in a row!","progressText":"Card @card of @total","cardFrontLabel":"Card front","cardBackLabel":"Card back","tipButtonLabel":"Show tip","audioNotSupported":"Your browser does not support this audio","confirmStartingOver":{"header":"Start over?","body":"All progress will be lost. Are you sure you want to start over?","cancelLabel":"Cancel","confirmLabel":"Start over"},"title":"<p>&nbsp;&nbsp;<\/p>\n"}