{"mode":"repetition","description":"<p style=\"text-align: center;\"><strong>Guess the correct answer<\/strong><\/p>\n","dialogs":[{"tips":{},"text":"<p style=\"text-align: center;\"><strong>Was transistor used in the second generation computers as major components?<\/strong><\/p>\n","answer":"<p style=\"text-align: center;\"><strong>Yes, it was.<\/strong><\/p>\n","image":{"path":"images\/image-60ee5c94c7e3b.jpg","mime":"image\/jpeg","copyright":{"license":"U"},"width":600,"height":300}},{"tips":{},"text":"<p style=\"text-align: center;\"><strong>______ level progamming language were used in second generation computers.<\/strong><\/p>\n","answer":"<p style=\"text-align: center;\"><strong>Low<\/strong><\/p>\n","image":{"path":"images\/image-60ee5c0f582ba.png","mime":"image\/png","copyright":{"license":"U"},"width":1000,"height":987}},{"tips":{},"text":"<p style=\"text-align: center;\"><strong>Transistor was invented in  2020 by three Bell Lab scientists John Bardeen, Walter Brattain, and William Shockley. is this statement true or false?<\/strong><\/p>\n","answer":"<p style=\"text-align: center;\"><strong>False<\/strong><\/p>\n","image":{"path":"images\/image-60ee5b7da87ef.png","mime":"image\/png","copyright":{"license":"U"},"width":468,"height":246,"originalImage":{"path":"images\/image-60ee5b757909d.png#tmp","mime":"image\/png","height":250,"width":1200}}},{"tips":{},"text":"<p style=\"text-align: center;\"><strong>________ is a solid state semi-conductor device which can be used for amplification, switching, voltage stabilization, signal modulation, etc.<\/strong><\/p>\n","answer":"<p style=\"text-align: center;\"><strong>Transistor<\/strong><\/p>\n","image":{"path":"images\/image-60ee5b161c454.png","mime":"image\/png","copyright":{"license":"U"},"width":268,"height":241,"originalImage":{"path":"images\/image-60ee5b0f5fffd.png#tmp","mime":"image\/png","height":250,"width":1200}}},{"tips":{},"text":"<p style=\"text-align: center;\"><strong>LEO Mark III and ATLAC are examples of?<\/strong><\/p>\n","answer":"<p style=\"text-align: center;\"><strong>Second generation computers<\/strong><\/p>\n","image":{"path":"images\/image-60ee5ada39faf.jpg","mime":"image\/jpeg","copyright":{"license":"U"},"width":600,"height":428}},{"tips":{},"text":"<p style=\"text-align: center;\"><strong>Magnetic tapes were used as ________ storage media.<\/strong><\/p>\n","answer":"<p style=\"text-align: center;\"><strong>Secondary<\/strong><\/p>\n","image":{"path":"images\/image-60ee5a9708ef4.png","mime":"image\/png","copyright":{"license":"U"},"width":414,"height":246,"originalImage":{"path":"images\/image-60ee5a8e94c51.png#tmp","mime":"image\/png","height":250,"width":1200}}},{"tips":{},"text":"<p style=\"text-align: center;\"><strong>The operating speed was measured in terms of______ in second generation computers.<\/strong><\/p>\n","answer":"<p style=\"text-align: center;\"><strong>Microseconds<\/strong><\/p>\n","image":{"path":"images\/image-60ee5a62428c0.png","mime":"image\/png","copyright":{"license":"U"},"width":347,"height":246,"originalImage":{"path":"images\/image-60ee5a58c3d71.png#tmp","mime":"image\/png","height":250,"width":1200}}},{"tips":{},"text":"<p style=\"text-align: center;\"><strong>Is second generation computers faster and more reliable than the first generation computers? yes or no?<\/strong><\/p>\n","answer":"<p style=\"text-align: center;\"><strong>Yes<\/strong><\/p>\n","image":{"path":"images\/image-60ee5a156ed60.jpg","mime":"image\/jpeg","copyright":{"license":"U"},"width":612,"height":612}},{"tips":{"front":"How many ?"},"text":"<p style=\"text-align: center;\"><strong>One transistor consist of ________vaccum tubes.<\/strong><\/p>\n","answer":"<p style=\"text-align: center;\"><strong>Thousands<\/strong><\/p>\n","image":{"path":"images\/image-60ee59bf7e6e2.png","mime":"image\/png","copyright":{"license":"U"},"width":350,"height":246,"originalImage":{"path":"images\/image-60ee59b7c6a29.png#tmp","mime":"image\/png","height":250,"width":1200}}},{"tips":{},"text":"<p style=\"text-align: center;\"><strong>Transistors replaced vacuum tubes in_______<\/strong><\/p>\n","answer":"<p style=\"text-align: center;\"><strong>Second generation computers<\/strong><\/p>\n","image":{"path":"images\/image-60ee5977b9516.png","mime":"image\/png","copyright":{"license":"U"},"width":331,"height":240,"originalImage":{"path":"images\/image-60ee596e5dfd0.png#tmp","mime":"image\/png","height":250,"width":1200}}}],"behaviour":{"enableRetry":true,"disableBackwardsNavigation":false,"scaleTextNotCard":false,"randomCards":false,"maxProficiency":5,"quickProgression":false},"answer":"Turn","next":"Next","prev":"Previous","retry":"Retry","correctAnswer":"I got it right!","incorrectAnswer":"I got it wrong","round":"Round @round","cardsLeft":"Cards left: @number","nextRound":"Proceed to round @round","startOver":"Start over","showSummary":"Next","summary":"Summary","summaryCardsRight":"Cards you got right:","summaryCardsWrong":"Cards you got wrong:","summaryCardsNotShown":"Cards in pool not shown:","summaryOverallScore":"Overall Score","summaryCardsCompleted":"Cards you have completed learning:","summaryCompletedRounds":"Completed rounds:","summaryAllDone":"Well done! You got all @cards cards correct @max times in a row!","progressText":"Card @card of @total","cardFrontLabel":"Card front","cardBackLabel":"Card back","tipButtonLabel":"Show tip","audioNotSupported":"Your browser does not support this audio","confirmStartingOver":{"header":"Start over?","body":"All progress will be lost. Are you sure you want to start over?","cancelLabel":"Cancel","confirmLabel":"Start over"},"title":"<p>&nbsp;&nbsp;<\/p>\n"}