{"mode":"repetition","description":"<p style=\"text-align: center;\"><strong>Guess the answer<\/strong><\/p>\n","dialogs":[{"tips":{},"text":"<p style=\"text-align: center;\">_______<strong> is a technique which enables many people, located at various terminals, to use a particular computer system at the same time.<\/strong><\/p>\n","answer":"<p style=\"text-align: center;\"><strong>Time-sharing<\/strong><\/p>\n","image":{"path":"images\/image-60eeaa6a6b023.jpg","mime":"image\/jpeg","copyright":{"license":"U"},"width":1000,"height":799}},{"tips":{},"text":"<p style=\"text-align: center;\"><strong>Processor's time which is shared among multiple users simultaneously is termed as ________.<\/strong><\/p>\n","answer":"<p style=\"text-align: center;\"><strong>Timesharing<\/strong><\/p>\n","image":{"path":"images\/image-60eeaab7e8221.jpg","mime":"image\/jpeg","copyright":{"license":"U"},"width":1000,"height":799}},{"tips":{},"answer":"<p style=\"text-align: center;\"><strong>The main difference between Multi-programmed Batch Systems and TimeSharing Systems is that Multi-programmed Batch Systems maximize the use of processor but Time-Sharing Systems minimize the response time.<\/strong><\/p>\n","text":"<p style=\"text-align: center;\"><strong>What is the main difference between Multi-programmed Batch Systems and Time-Sharing Systems?<\/strong><\/p>\n","image":{"path":"images\/image-60eeab3b5f452.png","mime":"image\/png","copyright":{"license":"U"},"width":400,"height":300}},{"tips":{},"text":"<p style=\"text-align: center;\"><strong>Time-sharing operating systems<\/strong>&nbsp;<strong>avoid duplication of software. True or false?<\/strong><\/p>\n","answer":"<p style=\"text-align: center;\"><strong>True<\/strong><\/p>\n","image":{"path":"images\/image-60eeabf1cebfa.png","mime":"image\/png","copyright":{"license":"U"},"width":225,"height":225}},{"tips":{},"text":"<p style=\"text-align: center;\"><strong>Is Time-sharing operating systems reliable?<\/strong><\/p>\n","answer":"<p style=\"text-align: center;\"><strong>Yes<\/strong><\/p>\n","image":{"path":"images\/image-60eeac3cdfd1d.png","mime":"image\/png","copyright":{"license":"U"},"width":1000,"height":933}},{"tips":{},"text":"<p style=\"text-align: center;\"><strong>Time-sharing operating systems reduce CPU idle time. True or false?<\/strong><\/p>\n","answer":"<p style=\"text-align: center;\"><strong>True<\/strong><\/p>\n","image":{"path":"images\/image-60eeac7777dd7.png","mime":"image\/png","copyright":{"license":"U"},"width":216,"height":203}},{"tips":{"front":"Yes or No"},"text":"<p style=\"text-align: center;\"><strong>Is it costly and difficult to debug the Time-sharing operating systems?<\/strong><\/p>\n","answer":"<p style=\"text-align: center;\"><strong>Yes<\/strong><\/p>\n","image":{"path":"images\/image-60eeacd685d88.png","mime":"image\/png","copyright":{"license":"U"},"width":331,"height":246,"originalImage":{"path":"images\/image-60eeacc965b17.png#tmp","mime":"image\/png","height":250,"width":1200}}},{"tips":{},"text":"<p style=\"text-align: center;\"><strong>There are problem of data communication in time-sharing operating systems. True or False?<\/strong><\/p>\n","answer":"<p style=\"text-align: center;\"><strong>True<\/strong><\/p>\n","image":{"path":"images\/image-60eead5c1ae9b.png","mime":"image\/png","copyright":{"license":"U"},"width":308,"height":245,"originalImage":{"path":"images\/image-60eead53664e4.png#tmp","mime":"image\/png","height":250,"width":1200}}},{"tips":{},"text":"<p style=\"text-align: center;\"><strong>Time-sharing operating systems provide the advantage of quick response. True or False?<\/strong><\/p>\n","answer":"<p style=\"text-align: center;\"><strong>True<\/strong><\/p>\n","image":{"path":"images\/image-60eeae943059c.png","mime":"image\/png","copyright":{"license":"U"},"width":521,"height":245,"originalImage":{"path":"images\/image-60eeae86695c3.png#tmp","mime":"image\/png","height":250,"width":1200}}},{"tips":{},"text":"<p style=\"text-align: center;\"><strong>Providing desired priority is difficult in time-sharing operating systems. True or False?<\/strong><\/p>\n","answer":"<p style=\"text-align: center;\"><strong>False<\/strong><\/p>\n","image":{"path":"images\/image-60eeae3e25743.png","mime":"image\/png","copyright":{"license":"U"},"width":512,"height":512}}],"behaviour":{"enableRetry":true,"disableBackwardsNavigation":false,"scaleTextNotCard":false,"randomCards":false,"maxProficiency":5,"quickProgression":false},"answer":"Turn","next":"Next","prev":"Previous","retry":"Retry","correctAnswer":"I got it right!","incorrectAnswer":"I got it wrong","round":"Round @round","cardsLeft":"Cards left: @number","nextRound":"Proceed to round @round","startOver":"Start over","showSummary":"Next","summary":"Summary","summaryCardsRight":"Cards you got right:","summaryCardsWrong":"Cards you got wrong:","summaryCardsNotShown":"Cards in pool not shown:","summaryOverallScore":"Overall Score","summaryCardsCompleted":"Cards you have completed learning:","summaryCompletedRounds":"Completed rounds:","summaryAllDone":"Well done! You got all @cards cards correct @max times in a row!","progressText":"Card @card of @total","cardFrontLabel":"Card front","cardBackLabel":"Card back","tipButtonLabel":"Show tip","audioNotSupported":"Your browser does not support this audio","confirmStartingOver":{"header":"Start over?","body":"All progress will be lost. Are you sure you want to start over?","cancelLabel":"Cancel","confirmLabel":"Start over"},"title":"<p>&nbsp;&nbsp;<\/p>\n"}