{"content":[{"content":{"params":{"text":"<p><span style=\"font-size:1.25em;\"><strong>Qn.1. What do you call the part of a bird that helps to eat?<\/strong><\/span><\/p>\n"},"library":"H5P.AdvancedText 1.1","metadata":{"contentType":"Text","license":"U","title":"Untitled Text"},"subContentId":"96a8290a-8bb1-45e2-b9f6-50e85bccb3f5"},"useSeparator":"disabled"},{"content":{"params":{"playerMode":"minimalistic","fitToWrapper":false,"controls":true,"autoplay":false,"playAudio":"Play audio","pauseAudio":"Pause audio","contentName":"Audio","audioNotSupported":"Your browser does not support this audio","files":[{"path":"audios\/files-60ddb2268ce0f.mp3","mime":"audio\/mpeg","copyright":{"license":"U"}}]},"library":"H5P.Audio 1.5","metadata":{"contentType":"Audio","license":"U","title":"Untitled Audio"},"subContentId":"1c9fdcd5-6d80-4719-ac9e-6ba9468a83df"},"useSeparator":"auto"},{"content":{"params":{"contentName":"Image","decorative":false,"file":{"path":"images\/file-655b55721bd05.jpg","mime":"image\/jpeg","copyright":{"license":"U"},"width":1300,"height":194},"expandImage":"Expand Image","minimizeImage":"Minimize Image"},"library":"H5P.Image 1.1","metadata":{"contentType":"Image","license":"U","title":"Untitled Image"},"subContentId":"1124907a-2278-4d7c-b9e8-2ae4bbea6b1b"},"useSeparator":"disabled"},{"content":{"params":{"media":{"disableImageZooming":false},"answers":[{"correct":true,"tipsAndFeedback":{"tip":"","chosenFeedback":"","notChosenFeedback":""},"text":"<div><strong>Beak<\/strong><\/div>\n"},{"correct":false,"tipsAndFeedback":{"tip":"","chosenFeedback":"","notChosenFeedback":""},"text":"<div><strong>Leg<\/strong><\/div>\n"},{"correct":false,"tipsAndFeedback":{"tip":"","chosenFeedback":"","notChosenFeedback":""},"text":"<div><strong>Mouth<\/strong><\/div>\n"}],"overallFeedback":[{"from":0,"to":60,"feedback":"Sorry, it is incorrect."},{"from":61,"to":100,"feedback":"Good work ! It is the correct answer."}],"behaviour":{"enableRetry":false,"enableSolutionsButton":true,"enableCheckButton":true,"type":"auto","singlePoint":false,"randomAnswers":true,"showSolutionsRequiresInput":true,"confirmCheckDialog":false,"confirmRetryDialog":false,"autoCheck":false,"passPercentage":100,"showScorePoints":true},"UI":{"checkAnswerButton":"Check","showSolutionButton":"Show solution","tryAgainButton":"Retry","tipsLabel":"Show tip","scoreBarLabel":"You got :num out of :total points","tipAvailable":"Tip available","feedbackAvailable":"Feedback available","readFeedback":"Read feedback","wrongAnswer":"Wrong answer","correctAnswer":"Correct answer","shouldCheck":"Should have been checked","shouldNotCheck":"Should not have been checked","noInput":"Please answer before viewing the solution","a11yCheck":"Check the answers. The responses will be marked as correct, incorrect, or unanswered.","a11yShowSolution":"Show the solution. The task will be marked with its correct solution.","a11yRetry":"Retry the task. Reset all responses and start the task over again.","submitAnswerButton":"Submit"},"confirmCheck":{"header":"Finish ?","body":"Are you sure you wish to finish ?","cancelLabel":"Cancel","confirmLabel":"Finish"},"confirmRetry":{"header":"Retry ?","body":"Are you sure you wish to retry ?","cancelLabel":"Cancel","confirmLabel":"Confirm"},"question":"<p>-<\/p>\n"},"library":"H5P.MultiChoice 1.16","metadata":{"contentType":"Multiple Choice","license":"U","title":"Q1- Multiple Choice"},"subContentId":"43189353-bd3e-4780-87f6-0e5c0e6648b4"},"useSeparator":"disabled"},{"content":{"params":{"text":"<p><span style=\"font-size:1.25em;\"><strong>Qn.2. What is the part of fish called that helps to see?<\/strong><\/span><\/p>\n"},"library":"H5P.AdvancedText 1.1","metadata":{"contentType":"Text","license":"U","title":"Untitled Text"},"subContentId":"9075bf63-498c-4762-87a7-a90b5771f6cb"},"useSeparator":"enabled"},{"content":{"params":{"playerMode":"minimalistic","fitToWrapper":false,"controls":true,"autoplay":false,"playAudio":"Play audio","pauseAudio":"Pause audio","contentName":"Audio","audioNotSupported":"Your browser does not support this audio","files":[{"path":"audios\/files-60ddb3e1c15ff.mp3","mime":"audio\/mpeg","copyright":{"license":"U"}}]},"library":"H5P.Audio 1.5","metadata":{"contentType":"Audio","license":"U","title":"Untitled Audio"},"subContentId":"debfd98c-38ba-4b64-a686-0a2f80af1239"},"useSeparator":"disabled"},{"content":{"params":{"contentName":"Image","decorative":false,"file":{"path":"images\/file-655b557ee0f1c.jpg","mime":"image\/jpeg","copyright":{"license":"U"},"width":1300,"height":198},"expandImage":"Expand Image","minimizeImage":"Minimize Image"},"library":"H5P.Image 1.1","metadata":{"contentType":"Image","license":"U","title":"Untitled Image"},"subContentId":"5f7ec909-b56e-444b-ba2f-dcc0635c3e6d"},"useSeparator":"disabled"},{"content":{"params":{"media":{"disableImageZooming":false},"answers":[{"correct":false,"tipsAndFeedback":{"tip":"","chosenFeedback":"","notChosenFeedback":""},"text":"<div><strong>Nose<\/strong><\/div>\n"},{"correct":true,"tipsAndFeedback":{"tip":"","chosenFeedback":"","notChosenFeedback":""},"text":"<div><strong>Eye<\/strong><\/div>\n"},{"correct":false,"tipsAndFeedback":{"tip":"","chosenFeedback":"","notChosenFeedback":""},"text":"<div><strong>Ear<\/strong><\/div>\n"}],"overallFeedback":[{"from":0,"to":60,"feedback":"Sorry, it is incorrect."},{"from":61,"to":100,"feedback":"Bravo ! You got it right."}],"behaviour":{"enableRetry":false,"enableSolutionsButton":true,"enableCheckButton":true,"type":"auto","singlePoint":false,"randomAnswers":true,"showSolutionsRequiresInput":true,"confirmCheckDialog":false,"confirmRetryDialog":false,"autoCheck":false,"passPercentage":100,"showScorePoints":true},"UI":{"checkAnswerButton":"Check","showSolutionButton":"Show solution","tryAgainButton":"Retry","tipsLabel":"Show tip","scoreBarLabel":"You got :num out of :total points","tipAvailable":"Tip available","feedbackAvailable":"Feedback available","readFeedback":"Read feedback","wrongAnswer":"Wrong answer","correctAnswer":"Correct answer","shouldCheck":"Should have been checked","shouldNotCheck":"Should not have been checked","noInput":"Please answer before viewing the solution","a11yCheck":"Check the answers. The responses will be marked as correct, incorrect, or unanswered.","a11yShowSolution":"Show the solution. The task will be marked with its correct solution.","a11yRetry":"Retry the task. Reset all responses and start the task over again.","submitAnswerButton":"Submit"},"confirmCheck":{"header":"Finish ?","body":"Are you sure you wish to finish ?","cancelLabel":"Cancel","confirmLabel":"Finish"},"confirmRetry":{"header":"Retry ?","body":"Are you sure you wish to retry ?","cancelLabel":"Cancel","confirmLabel":"Confirm"},"question":"<p>-<\/p>\n"},"library":"H5P.MultiChoice 1.16","metadata":{"contentType":"Multiple Choice","license":"U","title":"Q2- Multiple Choice"},"subContentId":"f103b6e6-1331-483e-b4d3-1dd79988d87a"},"useSeparator":"disabled"},{"content":{"params":{"text":"<p><span style=\"font-size:1.25em;\"><strong>Qn.3. Which part of the cow's body gives us milk?<\/strong><\/span><\/p>\n"},"library":"H5P.AdvancedText 1.1","metadata":{"contentType":"Text","license":"U","title":"Untitled Text"},"subContentId":"39ba825d-2361-4504-8016-322766ba83b7"},"useSeparator":"enabled"},{"content":{"params":{"playerMode":"minimalistic","fitToWrapper":false,"controls":true,"autoplay":false,"playAudio":"Play audio","pauseAudio":"Pause audio","contentName":"Audio","audioNotSupported":"Your browser does not support this audio","files":[{"path":"audios\/files-60ddb56a7067b.mp3","mime":"audio\/mpeg","copyright":{"license":"U"}}]},"library":"H5P.Audio 1.5","metadata":{"contentType":"Audio","license":"U","title":"Untitled Audio"},"subContentId":"a132eef4-fecb-4c83-a87a-8736e2741ca3"},"useSeparator":"disabled"},{"content":{"params":{"contentName":"Image","alt":"Cow image","decorative":false,"file":{"path":"images\/file-655b56b264a97.jpg","mime":"image\/jpeg","copyright":{"license":"U"},"width":1014,"height":151},"expandImage":"Expand Image","minimizeImage":"Minimize Image"},"library":"H5P.Image 1.1","metadata":{"contentType":"Image","license":"U","title":"Untitled Image"},"subContentId":"095469c3-fc98-4f16-a1ba-fbefb12573cd"},"useSeparator":"disabled"},{"content":{"params":{"media":{"disableImageZooming":false},"answers":[{"correct":false,"tipsAndFeedback":{"tip":"","chosenFeedback":"","notChosenFeedback":""},"text":"<div><strong>Abdomen<\/strong><\/div>\n"},{"correct":false,"tipsAndFeedback":{"tip":"","chosenFeedback":"","notChosenFeedback":""},"text":"<div><strong>Tail<\/strong><\/div>\n"},{"correct":true,"tipsAndFeedback":{"tip":"","chosenFeedback":"","notChosenFeedback":""},"text":"<div><strong>Udder<\/strong><\/div>\n"}],"overallFeedback":[{"from":0,"to":60,"feedback":"Sorry, it is incorrect."},{"from":61,"to":100,"feedback":"Good work ! It is the correct answer."}],"behaviour":{"enableRetry":false,"enableSolutionsButton":true,"enableCheckButton":true,"type":"auto","singlePoint":false,"randomAnswers":true,"showSolutionsRequiresInput":true,"confirmCheckDialog":false,"confirmRetryDialog":false,"autoCheck":false,"passPercentage":100,"showScorePoints":true},"UI":{"checkAnswerButton":"Check","showSolutionButton":"Show solution","tryAgainButton":"Retry","tipsLabel":"Show tip","scoreBarLabel":"You got :num out of :total points","tipAvailable":"Tip available","feedbackAvailable":"Feedback available","readFeedback":"Read feedback","wrongAnswer":"Wrong answer","correctAnswer":"Correct answer","shouldCheck":"Should have been checked","shouldNotCheck":"Should not have been checked","noInput":"Please answer before viewing the solution","a11yCheck":"Check the answers. The responses will be marked as correct, incorrect, or unanswered.","a11yShowSolution":"Show the solution. The task will be marked with its correct solution.","a11yRetry":"Retry the task. Reset all responses and start the task over again.","submitAnswerButton":"Submit"},"confirmCheck":{"header":"Finish ?","body":"Are you sure you wish to finish ?","cancelLabel":"Cancel","confirmLabel":"Finish"},"confirmRetry":{"header":"Retry ?","body":"Are you sure you wish to retry ?","cancelLabel":"Cancel","confirmLabel":"Confirm"},"question":"<p>-<\/p>\n"},"library":"H5P.MultiChoice 1.16","metadata":{"contentType":"Multiple Choice","license":"U","title":"Q3- Multiple Choice"},"subContentId":"187faa66-ca95-4e28-9046-0003af1527c3"},"useSeparator":"disabled"},{"content":{"params":{"text":"<p><span style=\"font-size:1.25em;\"><strong>Qn.4. In which part of your body do you tie up watch?<\/strong><\/span><\/p>\n"},"library":"H5P.AdvancedText 1.1","metadata":{"contentType":"Text","license":"U","title":"Untitled Text"},"subContentId":"db5ea186-a660-45bd-ac2c-ea855b88d850"},"useSeparator":"enabled"},{"content":{"params":{"playerMode":"minimalistic","fitToWrapper":false,"controls":true,"autoplay":false,"playAudio":"Play audio","pauseAudio":"Pause audio","contentName":"Audio","audioNotSupported":"Your browser does not support this audio","files":[{"path":"audios\/files-60ddb73d0f5ec.mp3","mime":"audio\/mpeg","copyright":{"license":"U"}}]},"library":"H5P.Audio 1.5","metadata":{"contentType":"Audio","license":"U","title":"Untitled Audio"},"subContentId":"42fb36c1-fc77-47cb-b127-a52c4591aa27"},"useSeparator":"disabled"},{"content":{"params":{"contentName":"Image","decorative":false,"file":{"path":"images\/file-655b56c04a05d.jpg","mime":"image\/jpeg","copyright":{"license":"U"},"width":1300,"height":249},"expandImage":"Expand Image","minimizeImage":"Minimize Image"},"library":"H5P.Image 1.1","metadata":{"contentType":"Image","license":"U","title":"Untitled Image"},"subContentId":"50dd39ab-92e9-4bfa-b171-bad41d856a63"},"useSeparator":"disabled"},{"content":{"params":{"media":{"disableImageZooming":false},"answers":[{"correct":false,"tipsAndFeedback":{"tip":"","chosenFeedback":"","notChosenFeedback":""},"text":"<div><strong>Hand<\/strong><\/div>\n"},{"correct":true,"tipsAndFeedback":{"tip":"","chosenFeedback":"","notChosenFeedback":""},"text":"<div><strong>Wrist<\/strong><\/div>\n"},{"correct":false,"tipsAndFeedback":{"tip":"","chosenFeedback":"","notChosenFeedback":""},"text":"<div><strong>Arm<\/strong><\/div>\n"}],"overallFeedback":[{"from":0,"to":60,"feedback":"Sorry, it is incorrect."},{"from":61,"to":100,"feedback":"Awesome ! It is the correct answer."}],"behaviour":{"enableRetry":false,"enableSolutionsButton":true,"enableCheckButton":true,"type":"auto","singlePoint":false,"randomAnswers":true,"showSolutionsRequiresInput":true,"confirmCheckDialog":false,"confirmRetryDialog":false,"autoCheck":false,"passPercentage":100,"showScorePoints":true},"UI":{"checkAnswerButton":"Check","showSolutionButton":"Show solution","tryAgainButton":"Retry","tipsLabel":"Show tip","scoreBarLabel":"You got :num out of :total points","tipAvailable":"Tip available","feedbackAvailable":"Feedback available","readFeedback":"Read feedback","wrongAnswer":"Wrong answer","correctAnswer":"Correct answer","shouldCheck":"Should have been checked","shouldNotCheck":"Should not have been checked","noInput":"Please answer before viewing the solution","a11yCheck":"Check the answers. The responses will be marked as correct, incorrect, or unanswered.","a11yShowSolution":"Show the solution. The task will be marked with its correct solution.","a11yRetry":"Retry the task. Reset all responses and start the task over again.","submitAnswerButton":"Submit"},"confirmCheck":{"header":"Finish ?","body":"Are you sure you wish to finish ?","cancelLabel":"Cancel","confirmLabel":"Finish"},"confirmRetry":{"header":"Retry ?","body":"Are you sure you wish to retry ?","cancelLabel":"Cancel","confirmLabel":"Confirm"},"question":"<p>-<\/p>\n"},"library":"H5P.MultiChoice 1.16","metadata":{"contentType":"Multiple Choice","license":"U","title":"Q-4 Multiple Choice"},"subContentId":"c6425155-0fc1-4549-abbe-9b4d146d5cf8"},"useSeparator":"disabled"},{"content":{"params":{"contentName":"Image","decorative":false,"file":{"path":"images\/file-655b56cf02881.jpg","mime":"image\/jpeg","copyright":{"license":"U"},"width":1300,"height":195},"expandImage":"Expand Image","minimizeImage":"Minimize Image"},"library":"H5P.Image 1.1","metadata":{"contentType":"Image","license":"U","title":"Untitled Image"},"subContentId":"1fac4b7c-3b88-4dea-ac86-8113b2c9a80f"},"useSeparator":"enabled"},{"content":{"params":{"playerMode":"minimalistic","fitToWrapper":false,"controls":true,"autoplay":false,"playAudio":"Play audio","pauseAudio":"Pause audio","contentName":"Audio","audioNotSupported":"Your browser does not support this audio","files":[{"path":"audios\/files-60f7e3a1bf48f.mp3","mime":"audio\/mpeg","copyright":{"license":"U"}}]},"library":"H5P.Audio 1.5","metadata":{"contentType":"Audio","license":"U","title":"Untitled Audio"},"subContentId":"70b4a602-ff5a-4d45-9b07-1e9764801892"},"useSeparator":"disabled"},{"content":{"params":{"media":{"disableImageZooming":false},"text":"<h3>Qn.5. Fill in the correct answer.<\/h3>\n","overallFeedback":[{"from":0,"to":60,"feedback":"Sorry, it is incorrect."},{"from":61,"to":100,"feedback":"Fantastic ! It is the correct answer."}],"showSolutions":"Show solution","tryAgain":"Retry","checkAnswer":"Check","notFilledOut":"Please fill in all blanks to view solution","answerIsCorrect":"&#039;:ans&#039; is correct","answerIsWrong":"&#039;:ans&#039; is wrong","answeredCorrectly":"Answered correctly","answeredIncorrectly":"Answered incorrectly","solutionLabel":"Correct answer:","inputLabel":"Blank input @num of @total","inputHasTipLabel":"Tip available","tipLabel":"Tip","behaviour":{"enableRetry":false,"enableSolutionsButton":true,"enableCheckButton":true,"autoCheck":false,"caseSensitive":false,"showSolutionsRequiresInput":true,"separateLines":false,"confirmCheckDialog":false,"confirmRetryDialog":false,"acceptSpellingErrors":false},"scoreBarLabel":"You got :num out of :total points","a11yCheck":"Check the answers. The responses will be marked as correct, incorrect, or unanswered.","a11yShowSolution":"Show the solution. The task will be marked with its correct solution.","a11yRetry":"Retry the task. Reset all responses and start the task over again.","a11yCheckingModeHeader":"Checking mode","confirmCheck":{"header":"Finish ?","body":"Are you sure you wish to finish ?","cancelLabel":"Cancel","confirmLabel":"Finish"},"confirmRetry":{"header":"Retry ?","body":"Are you sure you wish to retry ?","cancelLabel":"Cancel","confirmLabel":"Confirm"},"questions":["<p><strong>*Wings* help birds to fly. [Wings\/Legs]<\/strong><\/p>\n"],"submitAnswer":"Submit"},"library":"H5P.Blanks 1.14","metadata":{"contentType":"Fill in the Blanks","license":"U","title":"Q5- Fill in the Blanks"},"subContentId":"281444a0-281e-42d8-9d3c-96a879724a52"},"useSeparator":"disabled"},{"content":{"params":{"contentName":"Image","decorative":false,"file":{"path":"images\/file-655b56db81556.jpg","mime":"image\/jpeg","copyright":{"license":"U"},"width":1300,"height":241},"expandImage":"Expand Image","minimizeImage":"Minimize Image"},"library":"H5P.Image 1.1","metadata":{"contentType":"Image","license":"U","title":"Untitled Image"},"subContentId":"aefa1c96-fedd-4491-96a0-a6f66d015099"},"useSeparator":"enabled"},{"content":{"params":{"playerMode":"minimalistic","fitToWrapper":false,"controls":true,"autoplay":false,"playAudio":"Play audio","pauseAudio":"Pause audio","contentName":"Audio","audioNotSupported":"Your browser does not support this audio","files":[{"path":"audios\/files-60f7e3beadd4d.mp3","mime":"audio\/mpeg","copyright":{"license":"U"}}]},"library":"H5P.Audio 1.5","metadata":{"contentType":"Audio","license":"U","title":"Untitled Audio"},"subContentId":"b71510e4-b7d9-4128-b026-cd052a2a2750"},"useSeparator":"disabled"},{"content":{"params":{"media":{"disableImageZooming":false},"text":"<h3>Qn.6. Fill in the correct answer.<\/h3>\n","overallFeedback":[{"from":0,"to":60,"feedback":"Sorry, it is incorrect."},{"from":61,"to":100,"feedback":"Incredible ! It is the correct answer."}],"showSolutions":"Show solution","tryAgain":"Retry","checkAnswer":"Check","notFilledOut":"Please fill in all blanks to view solution","answerIsCorrect":"&#039;:ans&#039; is correct","answerIsWrong":"&#039;:ans&#039; is wrong","answeredCorrectly":"Answered correctly","answeredIncorrectly":"Answered incorrectly","solutionLabel":"Correct answer:","inputLabel":"Blank input @num of @total","inputHasTipLabel":"Tip available","tipLabel":"Tip","behaviour":{"enableRetry":false,"enableSolutionsButton":true,"enableCheckButton":true,"autoCheck":false,"caseSensitive":false,"showSolutionsRequiresInput":true,"separateLines":false,"confirmCheckDialog":false,"confirmRetryDialog":false,"acceptSpellingErrors":false},"scoreBarLabel":"You got :num out of :total points","a11yCheck":"Check the answers. The responses will be marked as correct, incorrect, or unanswered.","a11yShowSolution":"Show the solution. The task will be marked with its correct solution.","a11yRetry":"Retry the task. Reset all responses and start the task over again.","a11yCheckingModeHeader":"Checking mode","confirmCheck":{"header":"Finish ?","body":"Are you sure you wish to finish ?","cancelLabel":"Cancel","confirmLabel":"Finish"},"confirmRetry":{"header":"Retry ?","body":"Are you sure you wish to retry ?","cancelLabel":"Cancel","confirmLabel":"Confirm"},"questions":["<p><strong>The part that helps to bend your leg is called *knee*. [knee\/stomach]<\/strong><\/p>\n"],"submitAnswer":"Submit"},"library":"H5P.Blanks 1.14","metadata":{"contentType":"Fill in the Blanks","license":"U","title":"Q6- Fill in the Blanks"},"subContentId":"f6a35f8b-db0a-48b4-bac1-b62e63045b2c"},"useSeparator":"disabled"},{"content":{"params":{"contentName":"Image","decorative":false,"file":{"path":"images\/file-655b56e79ee9c.jpeg","mime":"image\/jpeg","copyright":{"license":"U"},"width":1300,"height":176},"expandImage":"Expand Image","minimizeImage":"Minimize Image"},"library":"H5P.Image 1.1","metadata":{"contentType":"Image","license":"U","title":"Untitled Image"},"subContentId":"fef0b33a-ce3a-4c61-8faf-481852f7c918"},"useSeparator":"enabled"},{"content":{"params":{"playerMode":"minimalistic","fitToWrapper":false,"controls":true,"autoplay":false,"playAudio":"Play audio","pauseAudio":"Pause audio","contentName":"Audio","audioNotSupported":"Your browser does not support this audio","files":[{"path":"audios\/files-60f7e3ef8e67e.mp3","mime":"audio\/mpeg","copyright":{"license":"U"}}]},"library":"H5P.Audio 1.5","metadata":{"contentType":"Audio","license":"U","title":"Untitled Audio"},"subContentId":"7310e621-fb99-4ca2-b890-a06b5993645a"},"useSeparator":"disabled"},{"content":{"params":{"media":{"disableImageZooming":false},"text":"<h3>Qn.7. Fill in the correct answer.<\/h3>\n","overallFeedback":[{"from":0,"to":60,"feedback":"Sorry, it is incorrect."},{"from":61,"to":100,"feedback":"Amazing ! You got it right."}],"showSolutions":"Show solution","tryAgain":"Retry","checkAnswer":"Check","notFilledOut":"Please fill in all blanks to view solution","answerIsCorrect":"&#039;:ans&#039; is correct","answerIsWrong":"&#039;:ans&#039; is wrong","answeredCorrectly":"Answered correctly","answeredIncorrectly":"Answered incorrectly","solutionLabel":"Correct answer:","inputLabel":"Blank input @num of @total","inputHasTipLabel":"Tip available","tipLabel":"Tip","behaviour":{"enableRetry":false,"enableSolutionsButton":true,"enableCheckButton":true,"autoCheck":false,"caseSensitive":false,"showSolutionsRequiresInput":true,"separateLines":false,"confirmCheckDialog":false,"confirmRetryDialog":false,"acceptSpellingErrors":false},"scoreBarLabel":"You got :num out of :total points","a11yCheck":"Check the answers. The responses will be marked as correct, incorrect, or unanswered.","a11yShowSolution":"Show the solution. The task will be marked with its correct solution.","a11yRetry":"Retry the task. Reset all responses and start the task over again.","a11yCheckingModeHeader":"Checking mode","confirmCheck":{"header":"Finish ?","body":"Are you sure you wish to finish ?","cancelLabel":"Cancel","confirmLabel":"Finish"},"confirmRetry":{"header":"Retry ?","body":"Are you sure you wish to retry ?","cancelLabel":"Cancel","confirmLabel":"Confirm"},"questions":["<p><strong>*Ears* help an animal to hear. [Ears\/Eyes]<\/strong><\/p>\n"],"submitAnswer":"Submit"},"library":"H5P.Blanks 1.14","metadata":{"contentType":"Fill in the Blanks","license":"U","title":"Q7- Fill in the Blanks"},"subContentId":"a58d80b1-4755-4bff-8ac4-e875bf040c7a"},"useSeparator":"disabled"},{"content":{"params":{"text":"<p><span style=\"font-size:1.25em;\"><strong>Qn.8. The chest is being pointed at in the given picture.<\/strong><\/span><\/p>\n"},"library":"H5P.AdvancedText 1.1","metadata":{"contentType":"Text","license":"U","title":"Untitled Text"},"subContentId":"2ea109f8-bc52-4442-b7c7-2001c48c88cb"},"useSeparator":"enabled"},{"content":{"params":{"playerMode":"minimalistic","fitToWrapper":false,"controls":true,"autoplay":false,"playAudio":"Play audio","pauseAudio":"Pause audio","contentName":"Audio","audioNotSupported":"Your browser does not support this audio","files":[{"path":"audios\/files-60f7e40804140.mp3","mime":"audio\/mpeg","copyright":{"license":"U"}}]},"library":"H5P.Audio 1.5","metadata":{"contentType":"Audio","license":"U","title":"Untitled Audio"},"subContentId":"504b00e9-f42e-4b25-95fd-7b982934e85a"},"useSeparator":"disabled"},{"content":{"params":{"contentName":"Image","decorative":false,"file":{"path":"images\/file-655b56f81a49d.jpg","mime":"image\/jpeg","copyright":{"license":"U"},"width":1300,"height":238},"expandImage":"Expand Image","minimizeImage":"Minimize Image"},"library":"H5P.Image 1.1","metadata":{"contentType":"Image","license":"U","title":"Untitled Image"},"subContentId":"0e95313b-9904-471c-8fb1-89c7bac15700"},"useSeparator":"disabled"},{"content":{"params":{"media":{"disableImageZooming":false},"correct":"false","behaviour":{"enableRetry":false,"enableSolutionsButton":true,"enableCheckButton":true,"confirmCheckDialog":false,"confirmRetryDialog":false,"autoCheck":false},"l10n":{"trueText":"True","falseText":"False","score":"You got @score of @total points","checkAnswer":"Check","showSolutionButton":"Show solution","tryAgain":"Retry","wrongAnswerMessage":"Wrong answer","correctAnswerMessage":"Correct answer","scoreBarLabel":"You got :num out of :total points","a11yCheck":"Check the answers. The responses will be marked as correct, incorrect, or unanswered.","a11yShowSolution":"Show the solution. The task will be marked with its correct solution.","a11yRetry":"Retry the task. Reset all responses and start the task over again.","submitAnswer":"Submit"},"confirmCheck":{"header":"Finish ?","body":"Are you sure you wish to finish ?","cancelLabel":"Cancel","confirmLabel":"Finish"},"confirmRetry":{"header":"Retry ?","body":"Are you sure you wish to retry ?","cancelLabel":"Cancel","confirmLabel":"Confirm"},"question":"<h3>Is this True or False?<\/h3>\n"},"library":"H5P.TrueFalse 1.8","metadata":{"contentType":"True\/False Question","license":"U","title":"Q8- True\/False Question"},"subContentId":"2c1ee0f1-e076-4f60-b7ac-cb27b166ea20"},"useSeparator":"disabled"},{"content":{"params":{"text":"<p><span style=\"font-size:1.25em;\"><strong>Qn.9. The arrow is pointing the ear. <\/strong><\/span><\/p>\n"},"library":"H5P.AdvancedText 1.1","metadata":{"contentType":"Text","license":"U","title":"Untitled Text"},"subContentId":"a6b64dc7-920f-4b65-a1e9-4819d9eaf01a"},"useSeparator":"enabled"},{"content":{"params":{"playerMode":"minimalistic","fitToWrapper":false,"controls":true,"autoplay":false,"playAudio":"Play audio","pauseAudio":"Pause audio","contentName":"Audio","audioNotSupported":"Your browser does not support this audio","files":[{"path":"audios\/files-60f7e41b99f67.mp3","mime":"audio\/mpeg","copyright":{"license":"U"}}]},"library":"H5P.Audio 1.5","metadata":{"contentType":"Audio","license":"U","title":"Untitled Audio"},"subContentId":"1b1a0bba-b34b-4eea-9b60-bd9099136ba7"},"useSeparator":"disabled"},{"content":{"params":{"contentName":"Image","decorative":false,"file":{"path":"images\/file-655b570394d3e.jpeg","mime":"image\/jpeg","copyright":{"license":"U"},"width":1300,"height":175},"expandImage":"Expand Image","minimizeImage":"Minimize Image"},"library":"H5P.Image 1.1","metadata":{"contentType":"Image","license":"U","title":"Untitled Image"},"subContentId":"dcbf70c8-f301-4a37-b3a3-66141f8ffea5"},"useSeparator":"disabled"},{"content":{"params":{"media":{"disableImageZooming":false},"correct":"true","behaviour":{"enableRetry":false,"enableSolutionsButton":true,"enableCheckButton":true,"confirmCheckDialog":false,"confirmRetryDialog":false,"autoCheck":false},"l10n":{"trueText":"True","falseText":"False","score":"You got @score of @total points","checkAnswer":"Check","showSolutionButton":"Show solution","tryAgain":"Retry","wrongAnswerMessage":"Wrong answer","correctAnswerMessage":"Correct answer","scoreBarLabel":"You got :num out of :total points","a11yCheck":"Check the answers. The responses will be marked as correct, incorrect, or unanswered.","a11yShowSolution":"Show the solution. The task will be marked with its correct solution.","a11yRetry":"Retry the task. Reset all responses and start the task over again.","submitAnswer":"Submit"},"confirmCheck":{"header":"Finish ?","body":"Are you sure you wish to finish ?","cancelLabel":"Cancel","confirmLabel":"Finish"},"confirmRetry":{"header":"Retry ?","body":"Are you sure you wish to retry ?","cancelLabel":"Cancel","confirmLabel":"Confirm"},"question":"<h3>Is this True or False?<\/h3>\n"},"library":"H5P.TrueFalse 1.8","metadata":{"contentType":"True\/False Question","license":"U","title":"Q9- True\/False Question"},"subContentId":"a1922f6c-da2e-43d9-b9d2-51bd416561b6"},"useSeparator":"disabled"},{"content":{"params":{"text":"<p><span style=\"font-size:1.25em;\"><strong>Qn.10. This is an ear of a cow.<\/strong><\/span><\/p>\n"},"library":"H5P.AdvancedText 1.1","metadata":{"contentType":"Text","license":"U","title":"Untitled Text"},"subContentId":"305b9258-6f78-4cc3-905f-ebd1cf1041f4"},"useSeparator":"enabled"},{"content":{"params":{"playerMode":"minimalistic","fitToWrapper":false,"controls":true,"autoplay":false,"playAudio":"Play audio","pauseAudio":"Pause audio","contentName":"Audio","audioNotSupported":"Your browser does not support this audio","files":[{"path":"audios\/files-60f7e42ec8d8c.mp3","mime":"audio\/mpeg","copyright":{"license":"U"}}]},"library":"H5P.Audio 1.5","metadata":{"contentType":"Audio","license":"U","title":"Untitled Audio"},"subContentId":"5108cdae-a68c-43a2-bc1b-ce4099246b60"},"useSeparator":"disabled"},{"content":{"params":{"contentName":"Image","decorative":false,"file":{"path":"images\/file-655b570f72701.jpg","mime":"image\/jpeg","copyright":{"license":"U"},"width":1300,"height":206},"expandImage":"Expand Image","minimizeImage":"Minimize Image"},"library":"H5P.Image 1.1","metadata":{"contentType":"Image","license":"U","title":"Untitled Image"},"subContentId":"8243b5b1-d7a5-4906-ae78-cbf8f0aa5a92"},"useSeparator":"disabled"},{"content":{"params":{"media":{"disableImageZooming":false},"correct":"false","behaviour":{"enableRetry":false,"enableSolutionsButton":true,"enableCheckButton":true,"confirmCheckDialog":false,"confirmRetryDialog":false,"autoCheck":false,"feedbackOnCorrect":"Excellent ! Keep up the good performance."},"l10n":{"trueText":"True","falseText":"False","score":"You got @score of @total points","checkAnswer":"Check","showSolutionButton":"Show solution","tryAgain":"Retry","wrongAnswerMessage":"Wrong answer","correctAnswerMessage":"Correct answer","scoreBarLabel":"You got :num out of :total points","a11yCheck":"Check the answers. The responses will be marked as correct, incorrect, or unanswered.","a11yShowSolution":"Show the solution. The task will be marked with its correct solution.","a11yRetry":"Retry the task. Reset all responses and start the task over again.","submitAnswer":"Submit"},"confirmCheck":{"header":"Finish ?","body":"Are you sure you wish to finish ?","cancelLabel":"Cancel","confirmLabel":"Finish"},"confirmRetry":{"header":"Retry ?","body":"Are you sure you wish to retry ?","cancelLabel":"Cancel","confirmLabel":"Confirm"},"question":"<h3>Is this True or False?<\/h3>\n"},"library":"H5P.TrueFalse 1.8","metadata":{"contentType":"True\/False Question","license":"U","title":"Q10- True\/False Question"},"subContentId":"e0b6a45d-b5a2-4c05-b862-cecb53e331ad"},"useSeparator":"disabled"}]}