{"cards":[{"text":"QBASIC only runs on Windows. True or false?","answer":"False","image":{"path":"images\/image-60ebfed6d483f.jpg","mime":"image\/jpeg","copyright":{"license":"U"},"width":866,"height":650},"tip":""},{"text":"After loading QBASIC, you will see QBASIC ______ on your desktop.","answer":"Window","image":{"path":"images\/image-60ebfe0a6a153.png","mime":"image\/png","copyright":{"license":"U"},"width":400,"height":250},"tip":""},{"text":"Press the ________ key to clear the welcome dialog box.","answer":"Escape\/Esc","image":{"path":"images\/image-60ebfd172f89a.png","mime":"image\/png","copyright":{"license":"U"},"width":381,"height":244,"originalImage":{"path":"images\/image-60ebfd0d3421c.png#tmp","mime":"image\/png","height":250,"width":1200}},"tip":""},{"text":"You need advanced text editor to start QBASIC. True or False ?","answer":"False","image":{"path":"images\/image-60ebfc74d1f2e.png","mime":"image\/png","copyright":{"license":"U"},"width":414,"height":246,"originalImage":{"path":"images\/image-60ebfc6ca9b0f.png#tmp","mime":"image\/png","height":250,"width":1200}},"tip":""},{"text":"Press Alt + Enter keys to make the QBASIC window ______.","answer":"Fullscreen","image":{"path":"images\/image-60ebf97e35197.png","mime":"image\/png","copyright":{"license":"U"},"width":394,"height":246,"originalImage":{"path":"images\/image-60ebf9746a348.png#tmp","mime":"image\/png","height":250,"width":1200}},"tip":""},{"text":"______displays the information about the active keys of the QBASIC Editor as SHIFT +F1, F2, F5 and F8.","answer":"Reference Bar","image":{"path":"images\/image-60ebf93435f83.png","mime":"image\/png","copyright":{"license":"U"},"width":400,"height":250},"tip":""},{"text":"You can type and test a functioning of statement in _______ .","answer":"Immediate Window","image":{"path":"images\/image-60ebf8eca5331.png","mime":"image\/png","copyright":{"license":"U"},"width":396,"height":61,"originalImage":{"path":"images\/image-60ebf8e1729a8.png#tmp","mime":"image\/png","height":250,"width":400}},"tip":""},{"text":"We write and edit programs in _______.","answer":"View Window","image":{"path":"images\/image-60ebf868755c0.gif","mime":"image\/gif","copyright":{"license":"U"},"width":568,"height":308},"tip":""},{"text":"_____ provides pull down menus and their options to work with QBASIC easily.","answer":"Menu Bar","image":{"path":"images\/image-60ebf880a8937.png","mime":"image\/png","copyright":{"license":"U"},"width":394,"height":28,"originalImage":{"path":"images\/image-60ebf7ffe992f.png#tmp","mime":"image\/png","height":250,"width":400}},"tip":""},{"text":"what file must exists in your computer to start QBASIC?","answer":"QBASIC.EXE\/QB.EXE","image":{"path":"images\/image-60ebf74958bcb.png","mime":"image\/png","copyright":{"license":"U"},"width":386,"height":243,"originalImage":{"path":"images\/image-60ebf73da3186.png#tmp","mime":"image\/png","height":250,"width":1200}},"tip":"<p>___ .exe file<\/p>\n"}],"progressText":"Card @card of @total","next":"Next","previous":"Previous","checkAnswerText":"Check","showSolutionsRequiresInput":true,"defaultAnswerText":"Your answer","correctAnswerText":"Correct","incorrectAnswerText":"Incorrect","showSolutionText":"Correct answer","results":"Results","ofCorrect":"@score of @total correct","showResults":"Show results","answerShortText":"A:","retry":"Retry","caseSensitive":false,"cardAnnouncement":"Incorrect answer. Correct answer was @answer","pageAnnouncement":"Page @current of @total","description":"Guess the correct answer.","correctAnswerAnnouncement":"@answer is correct.","randomCards":false}