{"mode":"repetition","description":"<p style=\"text-align: center;\"><strong>Learn about magnetism by answering the given questions.<\/strong><\/p>\n","dialogs":[{"tips":{},"text":"<p style=\"text-align: center;\"><strong>What would we call a nail that can pick up a paperclip just because it is touching a magnet?<\/strong><\/p>\n","answer":"<p style=\"text-align: center;\"><strong>Temporary magnet<\/strong><\/p>\n","image":{"path":"images\/image-60ea6b0407214.jpg","mime":"image\/jpeg","copyright":{"license":"U"},"width":530,"height":459}},{"tips":{},"text":"<p style=\"text-align: center;\"><strong>What device were magnets first used in?&nbsp;<\/strong><\/p>\n","answer":"<p style=\"text-align: center;\"><strong>Compasses<\/strong><\/p>\n","image":{"path":"images\/image-60f1d6c000550.jpg","mime":"image\/jpeg","copyright":{"license":"U"},"width":2105,"height":2101}},{"tips":{},"text":"<p style=\"text-align: center;\"><strong>What is the name of the natural magnet in the given picture?<\/strong><\/p>\n","answer":"<p style=\"text-align: center;\"><strong>Lodestone<\/strong><\/p>\n","image":{"path":"images\/image-60ea6beb578d2.jpg","mime":"image\/jpeg","copyright":{"license":"U"},"width":900,"height":728}},{"tips":{},"text":"<p style=\"text-align: center;\"><strong>Take a look at the given picture. What will happen when the magnets are brought close together?<\/strong><\/p>\n","answer":"<p style=\"text-align: center;\"><strong>They will repel each other.<\/strong><\/p>\n","image":{"path":"images\/image-60ea6e0924289.jpg","mime":"image\/jpeg","copyright":{"license":"U"},"width":500,"height":244}},{"tips":{},"text":"<p style=\"text-align: center;\"><strong>Where is the maximum force of attraction in a magnet?<\/strong><\/p>\n","answer":"<p style=\"text-align: center;\"><strong>At its pole<\/strong><\/p>\n","image":{"path":"images\/image-60ea6eb100926.png","mime":"image\/png","copyright":{"license":"U"},"width":339,"height":384}},{"tips":{},"image":{"path":"images\/image-60ea6f1fe92d7.jpg","mime":"image\/jpeg","copyright":{"license":"U"},"width":400,"height":231},"answer":"<p style=\"text-align: center;\"><strong>False<\/strong><\/p>\n","text":"<p style=\"text-align: center;\"><strong>State true or false:&nbsp;<\/strong><\/p>\n\n<p style=\"text-align: center;\"><strong>A magnet can produce electricity, but a flow of electricity cannot produce a magnet.<\/strong><\/p>\n"},{"tips":{},"image":{"path":"images\/image-60ea6fc3f1bfc.jpg","mime":"image\/jpeg","copyright":{"license":"U"},"width":710,"height":568},"answer":"<p style=\"text-align: center;\"><strong>North-South<\/strong><\/p>\n","text":"<p style=\"text-align: center;\"><strong>Which direction does a magnet always point to when suspended freely?<\/strong><\/p>\n"},{"tips":{},"image":{"path":"images\/image-60ea70956354d.png","mime":"image\/png","copyright":{"license":"U"},"width":283,"height":178},"answer":"<p style=\"text-align: center;\"><strong>True<\/strong><\/p>\n","text":"<p style=\"text-align: center;\"><strong>State true or false:<\/strong><\/p>\n\n<p style=\"text-align: center;\"><strong>Magnetic poles cannot be separated by breaking.<\/strong><\/p>\n"},{"tips":{},"text":"<p style=\"text-align: center;\"><strong>What are the two poles of a magnet?<\/strong><\/p>\n","answer":"<p style=\"text-align: center;\"><strong>North pole and south pole<\/strong><\/p>\n","image":{"path":"images\/image-60ea7162ef97d.jpg","mime":"image\/jpeg","copyright":{"license":"U"},"width":750,"height":500}},{"tips":{},"image":{"path":"images\/image-60ea720d0b5bd.jpg","mime":"image\/jpeg","copyright":{"license":"U"},"width":626,"height":302},"answer":"<p style=\"text-align: center;\"><strong>True<\/strong><\/p>\n","text":"<p style=\"text-align: center;\"><strong>State true or false:<\/strong><\/p>\n\n<p style=\"text-align: center;\"><strong>Magnets that can be made from magnetic substances are called artificial magnets.<\/strong><\/p>\n"}],"behaviour":{"enableRetry":true,"disableBackwardsNavigation":false,"scaleTextNotCard":false,"randomCards":false,"maxProficiency":5,"quickProgression":false},"answer":"Turn","next":"Next","prev":"Previous","retry":"Retry","correctAnswer":"I got it right!","incorrectAnswer":"I got it wrong","round":"Round @round","cardsLeft":"Cards left: @number","nextRound":"Proceed to round @round","startOver":"Start over","showSummary":"Next","summary":"Summary","summaryCardsRight":"Cards you got right:","summaryCardsWrong":"Cards you got wrong:","summaryCardsNotShown":"Cards in pool not shown:","summaryOverallScore":"Overall Score","summaryCardsCompleted":"Cards you have completed learning:","summaryCompletedRounds":"Completed rounds:","summaryAllDone":"Well done! You got all @cards cards correct @max times in a row!","progressText":"Card @card of @total","cardFrontLabel":"Card front","cardBackLabel":"Card back","tipButtonLabel":"Show tip","audioNotSupported":"Your browser does not support this audio","confirmStartingOver":{"header":"Start over?","body":"All progress will be lost. Are you sure you want to start over?","cancelLabel":"Cancel","confirmLabel":"Start over"},"title":"<p style=\"text-align: center;\"><strong>Magnetism<\/strong><\/p>\n"}