{"mode":"repetition","description":"<p style=\"text-align: center;\"><strong>Guess the answers to the following questions.<\/strong><\/p>\n","dialogs":[{"tips":{},"text":"<p style=\"text-align: center;\"><strong>Who invented the first digital computer, the ABC (Atanasoff-Berry Computer)?<\/strong><\/p>\n","answer":"<p style=\"text-align: center;\"><strong>John Atanasoff and Clifford Berry<\/strong><\/p>\n","image":{"path":"images\/image-60f2398f846f1.png","mime":"image\/png","copyright":{"license":"U"},"width":274,"height":194}},{"tips":{},"text":"<p style=\"text-align: center;\"><strong>Who is known as the \u2018Father of Modern Computer\u2019 ?<\/strong><\/p>\n","answer":"<p style=\"text-align: center;\"><strong>Charles Babbage<\/strong><\/p>\n","image":{"path":"images\/image-60f239e32801f.png","mime":"image\/png","copyright":{"license":"U"},"width":183,"height":198}},{"tips":{},"text":"<p style=\"text-align: center;\"><strong>Who invented Napier's bone?<\/strong><\/p>\n","answer":"<p style=\"text-align: center;\"><strong>John Napier<\/strong><\/p>\n","image":{"path":"images\/image-60f239de7f9a6.png","mime":"image\/png","copyright":{"license":"U"},"width":166,"height":185}},{"tips":{},"text":"<p style=\"text-align: center;\"><strong>Who developed Pascaline?<\/strong><\/p>\n","answer":"<p style=\"text-align: center;\"><strong>Blaise Pascal<\/strong><\/p>\n","image":{"path":"images\/image-60f23a1e38dd3.png","mime":"image\/png","copyright":{"license":"U"},"width":168,"height":184}},{"tips":{},"text":"<p style=\"text-align: center;\"><strong>Who was the first computer programmer?<\/strong><\/p>\n","answer":"<p style=\"text-align: center;\"><strong>Lady Augusta Ada Lovelace<\/strong><\/p>\n","image":{"path":"images\/image-60f239e80f236.png","mime":"image\/png","copyright":{"license":"U"},"width":196,"height":214}},{"tips":{},"text":"<p style=\"text-align: center;\"><strong>Who introduced the concept of having a stored program in memory in 1945?<\/strong><\/p>\n","answer":"<p style=\"text-align: center;\"><strong>John Von Neumann<\/strong><\/p>\n","image":{"path":"images\/image-60f239ed0401c.png","mime":"image\/png","copyright":{"license":"U"},"width":195,"height":197}},{"tips":{},"text":"<p style=\"text-align: center;\"><strong>When was Charles Babbage born?<\/strong><\/p>\n","answer":"<p style=\"text-align: center;\"><strong>1791 AD<\/strong><\/p>\n","image":{"path":"images\/image-60f23a2981ba9.png","mime":"image\/png","copyright":{"license":"U"},"width":183,"height":198}},{"tips":{},"text":"<p style=\"text-align: center;\"><strong>When was John Von Neumann born?<\/strong><\/p>\n","answer":"<p style=\"text-align: center;\"><strong>1903 AD<\/strong><\/p>\n","image":{"path":"images\/image-60f23a24bade6.png","mime":"image\/png","copyright":{"license":"U"},"width":195,"height":197}},{"tips":{},"text":"<p style=\"text-align: center;\"><strong>When was Lady Augusta Ada born?<\/strong><\/p>\n","answer":"<p style=\"text-align: center;\"><strong>1815 AD<\/strong><\/p>\n","image":{"path":"images\/image-60f23a0278577.png","mime":"image\/png","copyright":{"license":"U"},"width":196,"height":214}},{"tips":{},"text":"<p style=\"text-align: center;\"><strong>Who invented Mark-I?<\/strong><\/p>\n","answer":"<p style=\"text-align: center;\"><strong>Howard Aiken<\/strong><\/p>\n","image":{"path":"images\/image-60f23a36efe12.png","mime":"image\/png","copyright":{"license":"U"},"width":219,"height":205}}],"behaviour":{"enableRetry":true,"disableBackwardsNavigation":false,"scaleTextNotCard":false,"randomCards":false,"maxProficiency":5,"quickProgression":false},"answer":"Turn","next":"Next","prev":"Previous","retry":"Retry","correctAnswer":"I got it right!","incorrectAnswer":"I got it wrong","round":"Round @round","cardsLeft":"Cards left: @number","nextRound":"Proceed to round @round","startOver":"Start over","showSummary":"Next","summary":"Summary","summaryCardsRight":"Cards you got right:","summaryCardsWrong":"Cards you got wrong:","summaryCardsNotShown":"Cards in pool not shown:","summaryOverallScore":"Overall Score","summaryCardsCompleted":"Cards you have completed learning:","summaryCompletedRounds":"Completed rounds:","summaryAllDone":"Well done! You got all @cards cards correct @max times in a row!","progressText":"Card @card of @total","cardFrontLabel":"Card front","cardBackLabel":"Card back","tipButtonLabel":"Show tip","audioNotSupported":"Your browser does not support this audio","confirmStartingOver":{"header":"Start over?","body":"All progress will be lost. Are you sure you want to start over?","cancelLabel":"Cancel","confirmLabel":"Start over"},"title":""}