{"mode":"repetition","description":"<p style=\"text-align: center;\"><strong>Guess the answers.<\/strong><\/p>\n","dialogs":[{"tips":{},"text":"<p style=\"text-align: center;\"><strong>How do you exit from QBASIC?<\/strong><\/p>\n","answer":"<p style=\"text-align: center;\"><strong>1. Click on File menu or Press ALT + F. <\/strong><\/p>\n\n<p style=\"text-align: center;\"><strong>2. Select Exit option.<\/strong><\/p>\n","image":{"path":"images\/image-60f4358fbed81.png","mime":"image\/png","copyright":{"license":"U"},"width":300,"height":168}},{"tips":{},"text":"<p style=\"text-align: center;\"><strong>How do you CUT &amp; PASTE in QBASIC?<\/strong><\/p>\n","answer":"<p style=\"text-align: center;\"><strong>1. Highlight the line of statement or block of statement to be moved.<\/strong><\/p>\n\n<p style=\"text-align: center;\"><strong>2. Click on Edit menu and select Cut. Or Press Shift + Del key to cut.<\/strong><\/p>\n\n<p style=\"text-align: center;\"><strong>3. Go to the desired location.<\/strong><\/p>\n\n<p style=\"text-align: center;\"><strong>4. Click on the Edit menu, Select Paste.<\/strong><\/p>\n","image":{"path":"images\/image-60f434de5038b.jpg","mime":"image\/jpeg","copyright":{"license":"U"},"width":238,"height":250}},{"tips":{},"text":"<p style=\"text-align: center;\"><strong>How do you open an existing file in QBASIC?<\/strong><\/p>\n","answer":"<p style=\"text-align: center;\"><strong>1. Click File menu or Press ALT + F. <\/strong><\/p>\n\n<p style=\"text-align: center;\"><strong>2. Select Open option. A dialog box appears <\/strong><\/p>\n\n<p style=\"text-align: center;\"><strong>3. Choose the filename from the location where the file is saved. <\/strong><\/p>\n\n<p style=\"text-align: center;\"><strong>4. Select the filename. <\/strong><\/p>\n\n<p style=\"text-align: center;\"><strong>5. Click on OK or Press Enter key.<\/strong><\/p>\n","image":{"path":"images\/image-60f4340c8145b.png","mime":"image\/png","copyright":{"license":"U"},"width":300,"height":168}},{"tips":{},"text":"<p style=\"text-align: center;\"><strong>List steps to run a progamme in QBASIC.<\/strong><\/p>\n","answer":"<p style=\"text-align: center;\"><strong>1. Click on Run menu or Press ALT +R.<\/strong><\/p>\n\n<p style=\"text-align: center;\"><strong>2. Select Start option.<\/strong><\/p>\n","image":{"path":"images\/image-60f433b302a34.jpg","mime":"image\/jpeg","copyright":{"license":"U"},"width":400,"height":222}},{"tips":{},"text":"<p style=\"text-align: center;\"><strong>List steps to save progamme in QBASIC.<\/strong><\/p>\n","answer":"<p style=\"text-align: center;\"><strong>1. Click on File menu or press ALT + F.<\/strong><\/p>\n\n<p style=\"text-align: center;\"><strong>2. Select Save or Save As option. A dialog box appears.<\/strong><\/p>\n\n<p style=\"text-align: center;\"><strong>3. Specify the desired drive location and folder where you want to save the file.&nbsp;<\/strong><\/p>\n\n<p style=\"text-align: center;\"><strong>4. Type the filename in File Name box<\/strong><\/p>\n\n<p style=\"text-align: center;\"><strong>&nbsp;5. Click on OK or Press Enter key.<\/strong><\/p>\n","image":{"path":"images\/image-60f4331f9f98d.png","mime":"image\/png","copyright":{"license":"U"},"width":278,"height":181}},{"tips":{},"text":"<p style=\"text-align: center;\"><strong>List steps to write progam in QBASIC:<\/strong><\/p>\n","answer":"<p style=\"text-align: center;\"><strong>1. Click on File menu or press ALT + F. <\/strong><\/p>\n\n<p style=\"text-align: center;\"><strong>2. Select New Program option.<\/strong><\/p>\n\n<p style=\"text-align: center;\"><strong>3. A blank screen with blinking cursor appears. Now, you can type your program<\/strong><\/p>\n","image":{"path":"images\/image-60f432b9cb0d1.png","mime":"image\/png","copyright":{"license":"U"},"width":652,"height":338}},{"tips":{},"text":"<p style=\"text-align: center;\"><strong>_______ displays the information about the active keys of the QBASIC Editor as SHIFT +F1, F2, F5 and F8.<\/strong><\/p>\n","answer":"<p style=\"text-align: center;\"><strong>Reference Bar<\/strong><\/p>\n","image":{"path":"images\/image-60f43253b4493.png","mime":"image\/png","copyright":{"license":"U"},"width":284,"height":177}},{"tips":{},"text":"<p style=\"text-align: center;\"><strong>You can type and test a functioning of statement in this window by pressing _____ key after a line of statement.<\/strong><\/p>\n","answer":"<p style=\"text-align: center;\"><strong>Enter<\/strong><\/p>\n","image":{"path":"images\/image-60f432126ab4a.jpg","mime":"image\/jpeg","copyright":{"license":"U"},"width":612,"height":612}},{"tips":{},"text":"<p style=\"text-align: center;\"><strong>We write and edit programs in ______.<\/strong><\/p>\n","answer":"<p style=\"text-align: center;\"><strong>View Window<\/strong><\/p>\n","image":{"path":"images\/image-6102649cc6ff4.png","mime":"image\/png","copyright":{"license":"U"},"width":305,"height":165}},{"tips":{},"text":"<p style=\"text-align: center;\"><strong>______ provides pull down menus and their options to work with QBASIC easily.<\/strong><\/p>\n","answer":"<p style=\"text-align: center;\"><strong>Menu Bar<\/strong><\/p>\n","image":{"path":"images\/image-60f4311b79625.png","mime":"image\/png","copyright":{"license":"U"},"width":300,"height":168}}],"behaviour":{"enableRetry":true,"disableBackwardsNavigation":false,"scaleTextNotCard":false,"randomCards":false,"maxProficiency":5,"quickProgression":false},"answer":"Turn","next":"Next","prev":"Previous","retry":"Retry","correctAnswer":"I got it right!","incorrectAnswer":"I got it wrong","round":"Round @round","cardsLeft":"Cards left: @number","nextRound":"Proceed to round @round","startOver":"Start over","showSummary":"Next","summary":"Summary","summaryCardsRight":"Cards you got right:","summaryCardsWrong":"Cards you got wrong:","summaryCardsNotShown":"Cards in pool not shown:","summaryOverallScore":"Overall Score","summaryCardsCompleted":"Cards you have completed learning:","summaryCompletedRounds":"Completed rounds:","summaryAllDone":"Well done! You got all @cards cards correct @max times in a row!","progressText":"Card @card of @total","cardFrontLabel":"Card front","cardBackLabel":"Card back","tipButtonLabel":"Show tip","audioNotSupported":"Your browser does not support this audio","confirmStartingOver":{"header":"Start over?","body":"All progress will be lost. Are you sure you want to start over?","cancelLabel":"Cancel","confirmLabel":"Start over"},"title":"<p>&nbsp;&nbsp;<\/p>\n"}