{"cards":[{"text":"________ is the data entity that holds alphanumeric values.","answer":"String","image":{"path":"images\/image-60f5835412e69.png","mime":"image\/png","copyright":{"license":"U"},"width":331,"height":243,"originalImage":{"path":"images\/image-60f5834ddffea.png#tmp","mime":"image\/png","height":250,"width":1200}},"tip":""},{"text":"_______ is the name or an entity of space in the memory location that can hold  alphanumeric and numeric values.","answer":"Variable","image":{"path":"images\/image-60f58325a43e0.png","mime":"image\/png","copyright":{"license":"U"},"width":251,"height":201},"tip":""},{"text":"Variable name can be up to _____ characters long.","answer":"40\/Forty","image":{"path":"images\/image-60f583cd3a31e.png","mime":"image\/png","copyright":{"license":"U"},"width":371,"height":245,"originalImage":{"path":"images\/image-60f583c4313b3.png#tmp","mime":"image\/png","height":250,"width":1200}},"tip":""},{"text":"Is \u201cKathmandu\u201d valid string constant? [Yes or No]","answer":"Yes","image":{"path":"images\/image-60f582f5285c7.png","mime":"image\/png","copyright":{"license":"U"},"width":313,"height":243,"originalImage":{"path":"images\/image-60f582eb0df3e.png#tmp","mime":"image\/png","height":250,"width":1200}},"imageAltText":"Yes or no","tip":""},{"text":"A set of alphanumeric values and special characters is known as ________.","answer":"String","image":{"path":"images\/image-60f582b61a594.png","mime":"image\/png","copyright":{"license":"U"},"width":299,"height":245,"originalImage":{"path":"images\/image-60f582ae105e8.png#tmp","mime":"image\/png","height":250,"width":1200}},"tip":""},{"text":"Is 1000 valid numeric constant? [Yes or No]","answer":"Yes","image":{"path":"images\/image-60f5828032764.png","mime":"image\/png","copyright":{"license":"U"},"width":332,"height":244,"originalImage":{"path":"images\/image-60f58278b8352.png#tmp","mime":"image\/png","height":250,"width":1200}},"tip":"<p>Yes or no<\/p>\n"},{"text":"Is comma acceptable in numeric constant? [Yes or No]","answer":"No","tip":"<p style=\"text-align: center;\"><strong>Yes or no<\/strong><\/p>\n","image":{"path":"images\/image-60f58247a06f9.png","mime":"image\/png","copyright":{"license":"U"},"width":1200,"height":1600}},{"text":"A number or a set of numbers used in mathematical calculations and comparisons which do not change in the overall program is known as _____.","answer":"Numeric Constant","image":{"path":"images\/image-60f581f197367.jpg","mime":"image\/jpeg","copyright":{"license":"U"},"width":600,"height":600},"tip":""},{"text":"_____ are the data or values that do not change when the program executes.","answer":"Constants","image":{"path":"images\/image-60f581bdb67c9.png","mime":"image\/png","copyright":{"license":"U"},"width":286,"height":176},"tip":""},{"text":"You can insert various characters in QBASIC. True or False?","answer":"True","image":{"path":"images\/image-60f58165c6c4e.jpg","mime":"image\/jpeg","copyright":{"license":"U"},"width":847,"height":549,"originalImage":{"path":"images\/image-60f58156f015a.jpg#tmp","mime":"image\/jpeg","height":720,"width":960}},"tip":""}],"progressText":"Card @card of @total","next":"Next","previous":"Previous","checkAnswerText":"Check","showSolutionsRequiresInput":true,"defaultAnswerText":"Your answer","correctAnswerText":"Correct","incorrectAnswerText":"Incorrect","showSolutionText":"Correct answer","results":"Results","ofCorrect":"@score of @total correct","showResults":"Show results","answerShortText":"A:","retry":"Retry","caseSensitive":false,"cardAnnouncement":"Incorrect answer. Correct answer was @answer","pageAnnouncement":"Page @current of @total","description":"Guess the correct answer.","correctAnswerAnnouncement":"@answer is correct.","randomCards":false}