{"mode":"repetition","description":"<p style=\"text-align: center;\"><strong>Guess the answers.<\/strong><\/p>\n","dialogs":[{"tips":{},"text":"<p style=\"text-align: center;\"><strong>ICT is an umbrella term and it stands for:<\/strong><\/p>\n","answer":"<p style=\"text-align: center;\"><strong>Information and Communication Technology<\/strong><\/p>\n","image":{"path":"images\/image-6102cbe6ccce7.jpg","mime":"image\/jpeg","copyright":{"license":"U"},"width":1000,"height":425}},{"tips":{},"text":"<p style=\"text-align: center;\"><strong>The word communication has been derived from the Latin word \u2018________\u2019.<\/strong><\/p>\n","answer":"<p style=\"text-align: center;\"><em><strong>'communis'<\/strong><\/em><\/p>\n","image":{"path":"images\/image-6102cbec8c6a5.jpg","mime":"image\/jpeg","copyright":{"license":"U"},"width":4000,"height":2666}},{"tips":{},"text":"<p style=\"text-align: center;\"><strong>What is communication?<\/strong><\/p>\n","answer":"<p style=\"text-align: center;\"><strong>Communication is an act of transmitting messages<\/strong><\/p>\n","image":{"path":"images\/image-6102cbf921f47.png","mime":"image\/png","copyright":{"license":"U"},"width":1214,"height":1073}},{"tips":{},"text":"<p style=\"text-align: center;\"><strong>What are the oldest methods of communicating?<\/strong><\/p>\n","answer":"<p style=\"text-align: center;\"><strong>Cave Paintings<\/strong><\/p>\n","image":{"path":"images\/image-6102cbfbd39cd.jpg","mime":"image\/jpeg","copyright":{"license":"U"},"width":1280,"height":1097}},{"tips":{},"text":"<p style=\"text-align: center;\"><strong>What are Rock Carvings called?<\/strong><\/p>\n","answer":"<p style=\"text-align: center;\"><strong>&nbsp;Petroglyphs<\/strong><\/p>\n","image":{"path":"images\/image-6102cbfe0128c.jpg","mime":"image\/jpeg","copyright":{"license":"U"},"width":2000,"height":1200}},{"tips":{},"text":"<p style=\"text-align: center;\"><strong>Which birds were used for carrying message?<\/strong><\/p>\n","answer":"<p style=\"text-align: center;\"><strong>Pigeons<\/strong><\/p>\n","image":{"path":"images\/image-6102cbff2beac.jpg","mime":"image\/jpeg","copyright":{"license":"U"},"width":1000,"height":667}},{"tips":{},"text":"<p style=\"text-align: center;\"><strong>The full form of PDA is:<\/strong><\/p>\n","answer":"<p style=\"text-align: center;\"><strong>Personal Digital Assistant <\/strong><\/p>\n","image":{"path":"images\/image-6102cc00dffe8.jpg","mime":"image\/jpeg","copyright":{"license":"U"},"width":800,"height":400}},{"tips":{},"text":"<p style=\"text-align: center;\"><strong>A satellite based navigation system that is used to locate any position on Earth. What is it?<\/strong><\/p>\n","answer":"<p style=\"text-align: center;\"><strong>Global Positioning System (GPS)<\/strong><\/p>\n","image":{"path":"images\/image-6102cc07aba44.jpg","mime":"image\/jpeg","copyright":{"license":"U"},"width":1000,"height":791}},{"tips":{},"text":"<p style=\"text-align: center;\"><strong>It is the most common hardware device for wireless communication over the internet.<\/strong><\/p>\n","answer":"<p style=\"text-align: center;\"><strong>Router<\/strong><\/p>\n","image":{"path":"images\/image-6102cc0af262b.jpg","mime":"image\/jpeg","copyright":{"license":"U"},"width":1000,"height":1000}},{"tips":{},"text":"<p style=\"text-align: center;\"><strong>It provides infrastructure and services for public telecommunication and is known as:<\/strong><\/p>\n","answer":"<p style=\"text-align: center;\"><strong>Public Switched Telephone Network (PSTN)<\/strong><\/p>\n","image":{"path":"images\/image-6102cc0d640f0.png","mime":"image\/png","copyright":{"license":"U"},"width":401,"height":201}}],"behaviour":{"enableRetry":true,"disableBackwardsNavigation":false,"scaleTextNotCard":false,"randomCards":false,"maxProficiency":5,"quickProgression":false},"answer":"Turn","next":"Next","prev":"Previous","retry":"Retry","correctAnswer":"I got it right!","incorrectAnswer":"I got it wrong","round":"Round @round","cardsLeft":"Cards left: @number","nextRound":"Proceed to round @round","startOver":"Start over","showSummary":"Next","summary":"Summary","summaryCardsRight":"Cards you got right:","summaryCardsWrong":"Cards you got wrong:","summaryCardsNotShown":"Cards in pool not shown:","summaryOverallScore":"Overall Score","summaryCardsCompleted":"Cards you have completed learning:","summaryCompletedRounds":"Completed rounds:","summaryAllDone":"Well done! You got all @cards cards correct @max times in a row!","progressText":"Card @card of @total","cardFrontLabel":"Card front","cardBackLabel":"Card back","tipButtonLabel":"Show tip","audioNotSupported":"Your browser does not support this audio","confirmStartingOver":{"header":"Start over?","body":"All progress will be lost. Are you sure you want to start over?","cancelLabel":"Cancel","confirmLabel":"Start over"},"title":"<p>&nbsp;&nbsp;<\/p>\n"}