{"mode":"repetition","description":"<p style=\"text-align: center;\"><strong>Guess the answer<\/strong><\/p>\n","dialogs":[{"tips":{},"text":"<p style=\"text-align: center;\"><strong>The process of starting or restarting the computer system is called?<\/strong><\/p>\n","answer":"<p style=\"text-align: center;\"><strong>Booting<\/strong><\/p>\n","image":{"path":"images\/image-60eb1d02a4873.png","mime":"image\/png","copyright":{"license":"U"},"width":986,"height":1080}},{"tips":{},"text":"<p style=\"text-align: center;\">________ <strong>operating system allows more than one user to access a computer system at one time.<\/strong><\/p>\n","answer":"<p style=\"text-align: center;\"><strong>Multi-user<\/strong><\/p>\n","image":{"path":"images\/image-60eb1c8be613b.png","mime":"image\/png","copyright":{"license":"U"},"width":216,"height":233}},{"tips":{},"text":"<p style=\"text-align: center;\"><strong>________operating system is a type of operating system in which only<br>\none user can access the computer at a time.<\/strong><\/p>\n","answer":"<p style=\"text-align: center;\"><strong>Single-user <\/strong><\/p>\n","image":{"path":"images\/image-60eb1c1752ecb.png","mime":"image\/png","copyright":{"license":"U"},"width":696,"height":448}},{"tips":{},"text":"<p style=\"text-align: center;\"><strong>Can computer be used in daily life without operating system?<\/strong><\/p>\n","answer":"<p style=\"text-align: center;\"><strong>No<\/strong><\/p>\n","image":{"path":"images\/image-60eb1bbb509bd.jpg","mime":"image\/jpeg","copyright":{"license":"U"},"width":661,"height":240,"originalImage":{"path":"images\/image-60eb1bacbf225.jpg#tmp","mime":"image\/jpeg","height":250,"width":1200}}},{"tips":{},"text":"<p style=\"text-align: center;\"><strong>__________ allocates and de-allocates the resources and decides who gets the resources.<\/strong><\/p>\n","answer":"<p style=\"text-align: center;\"><strong>File Management <\/strong><\/p>\n","image":{"path":"images\/image-60eb1b1337a55.png","mime":"image\/png","copyright":{"license":"U"},"width":850,"height":1080}},{"tips":{},"text":"<p style=\"text-align: center;\">&nbsp;_________ k<strong>eeps track of all devices.<\/strong><\/p>\n","answer":"<p style=\"text-align: center;\"><strong>Device Management <\/strong><\/p>\n","image":{"path":"images\/image-60eb1ad8bbbee.png","mime":"image\/png","copyright":{"license":"U"},"width":465,"height":243,"originalImage":{"path":"images\/image-60eb1acc16dc2.png#tmp","mime":"image\/png","height":250,"width":1200}}},{"tips":{},"text":"<p style=\"text-align: center;\"><strong>Allocation and de-allocation of CPU to a process is done by________.<\/strong><\/p>\n","answer":"<p style=\"text-align: center;\"><strong>Processs management<\/strong><\/p>\n","image":{"path":"images\/image-60eb1a81d9d6a.jpg","mime":"image\/jpeg","copyright":{"license":"U"},"width":238,"height":250}},{"tips":{},"text":"<p style=\"text-align: center;\"><strong>F<\/strong><strong>ile management, memory management, process management is carried out by _______?<\/strong><\/p>\n","answer":"<p style=\"text-align: center;\"><strong>Operating system<\/strong><\/p>\n","image":{"path":"images\/image-60eb1a06bd384.jpg","mime":"image\/jpeg","copyright":{"license":"U"},"width":866,"height":650}},{"tips":{},"text":"<p style=\"text-align: center;\"><strong>What acts as an interface between the software and the computer hardware?<\/strong><\/p>\n","answer":"<p style=\"text-align: center;\"><strong>Operating system <\/strong><\/p>\n","image":{"path":"images\/image-60eb19901a7d0.jpg","mime":"image\/jpeg","copyright":{"license":"U"},"width":479,"height":600}},{"tips":{},"text":"<p style=\"text-align: center;\"><strong>An operating system is ?<\/strong><\/p>\n","answer":"<p style=\"text-align: center;\"><strong>A system software<\/strong><\/p>\n","image":{"path":"images\/image-60eb19216a1ad.png","mime":"image\/png","copyright":{"license":"U"},"width":1000,"height":1080}}],"behaviour":{"enableRetry":true,"disableBackwardsNavigation":false,"scaleTextNotCard":false,"randomCards":false,"maxProficiency":5,"quickProgression":false},"answer":"Turn","next":"Next","prev":"Previous","retry":"Retry","correctAnswer":"I got it right!","incorrectAnswer":"I got it wrong","round":"Round @round","cardsLeft":"Cards left: @number","nextRound":"Proceed to round @round","startOver":"Start over","showSummary":"Next","summary":"Summary","summaryCardsRight":"Cards you got right:","summaryCardsWrong":"Cards you got wrong:","summaryCardsNotShown":"Cards in pool not shown:","summaryOverallScore":"Overall Score","summaryCardsCompleted":"Cards you have completed learning:","summaryCompletedRounds":"Completed rounds:","summaryAllDone":"Well done! You got all @cards cards correct @max times in a row!","progressText":"Card @card of @total","cardFrontLabel":"Card front","cardBackLabel":"Card back","tipButtonLabel":"Show tip","audioNotSupported":"Your browser does not support this audio","confirmStartingOver":{"header":"Start over?","body":"All progress will be lost. Are you sure you want to start over?","cancelLabel":"Cancel","confirmLabel":"Start over"},"title":"<p style=\"text-align: center;\"><strong>Introduction<\/strong><\/p>\n"}