{"mode":"repetition","description":"<p style=\"text-align: center;\"><strong>Read the questions and calculate the answer.<\/strong><\/p>\n","dialogs":[{"tips":{},"text":"<p><strong>Convert Binary to Decimal.<\/strong><\/p>\n\n<p><strong>\\( (1101)_{2} = (?)_{10} \\)<\/strong><\/p>\n","answer":"<p><strong>\\( (13)_{10} \\)<\/strong><\/p>\n","image":{"path":"images\/image-60ebfdd542271.png","mime":"image\/png","copyright":{"license":"U"},"width":512,"height":512}},{"tips":{},"text":"<p><strong>Convert Decimal to Binary.<\/strong><\/p>\n\n<p><strong>\\( (173)_{10} = (?)_{2} \\)<\/strong><\/p>\n","answer":"<p><strong>\\( (10101101)_{2} \\)<\/strong><\/p>\n","image":{"path":"images\/image-60ec0a1307f57.png","mime":"image\/png","copyright":{"license":"U"},"width":512,"height":512}},{"tips":{},"text":"<p><strong>Convert Binary to Octal.<\/strong><\/p>\n\n<p><strong>\\( (1101111)_{2} = (?)_{8} \\)<\/strong><\/p>\n","answer":"<p><strong>\\( (157)_{8} \\)<\/strong><\/p>\n","image":{"path":"images\/image-60ec0ccd265c7.png","mime":"image\/png","copyright":{"license":"U"},"width":512,"height":512}},{"tips":{},"text":"<p><strong>Convert Binary to Decimal.<\/strong><\/p>\n\n<p><strong>\\( (10001100)_{2} = (?)_{10} \\)<\/strong><\/p>\n","answer":"<p><strong>\\( (140)_{10} \\)<\/strong><\/p>\n","image":{"path":"images\/image-60ec0d80b20d0.png","mime":"image\/png","copyright":{"license":"U"},"width":512,"height":512}},{"tips":{},"text":"<p><strong>Convert Octal to Binary.<\/strong><\/p>\n\n<p><strong>\\( (7602)_{8} = (?)_{2} \\)<\/strong><\/p>\n","answer":"<p><strong>\\( (111110000010)_{2} \\)<\/strong><\/p>\n","image":{"path":"images\/image-60ec0e640fde8.png","mime":"image\/png","copyright":{"license":"U"},"width":512,"height":512}},{"tips":{},"text":"<p><strong>Convert Decimal to Octal.<\/strong><\/p>\n\n<p><strong>\\( (77)_{10} = (?)_{8} \\)<\/strong><\/p>\n","answer":"<p><strong>\\( (115)_{8} \\)<\/strong><\/p>\n","image":{"path":"images\/image-60ec0ff9e9508.png","mime":"image\/png","copyright":{"license":"U"},"width":512,"height":512}},{"tips":{},"text":"<p><strong>Convert Binary to Hexadecimal.<\/strong><\/p>\n\n<p><strong>\\( (111100101)_{2} = (?)_{16} \\)<\/strong><\/p>\n","answer":"<p><strong>\\( (1E5)_{16} \\)<\/strong><\/p>\n","image":{"path":"images\/image-60ec10fd60c4d.png","mime":"image\/png","copyright":{"license":"U"},"width":512,"height":512}},{"tips":{},"text":"<p><strong>Convert Hexadecimal to Binary.<\/strong><\/p>\n\n<p><strong>\\( (AC107)_{16} = ( ? )_{2} \\)<\/strong><\/p>\n","answer":"<p><strong>\\( (10101100000100000111)_{2} \\)<\/strong><\/p>\n","image":{"path":"images\/image-60ec11aa4aad9.png","mime":"image\/png","copyright":{"license":"U"},"width":512,"height":512}},{"tips":{},"text":"<p><strong>Convert Hexadecimal to Binary.<\/strong><\/p>\n\n<p><strong>\\( (B9)_{16} = (?)_{2} \\)<\/strong><\/p>\n","answer":"<p><strong>\\( (10111001)_{2} \\)<\/strong><\/p>\n","image":{"path":"images\/image-60ec12702ad92.png","mime":"image\/png","copyright":{"license":"U"},"width":512,"height":512}},{"tips":{},"text":"<p><strong>Convert Binary to Hexadecimal.<\/strong><\/p>\n\n<p><strong>\\( (10101010)_{2} = (?)_{16} \\)<\/strong><\/p>\n","answer":"<p><strong>\\( (AA)_{16} \\)<\/strong><\/p>\n","image":{"path":"images\/image-60ec12face5c5.png","mime":"image\/png","copyright":{"license":"U"},"width":512,"height":512}}],"behaviour":{"enableRetry":true,"disableBackwardsNavigation":false,"scaleTextNotCard":false,"randomCards":false,"maxProficiency":5,"quickProgression":false},"answer":"Turn","next":"Next","prev":"Previous","retry":"Retry","correctAnswer":"I got it right!","incorrectAnswer":"I got it wrong","round":"Round @round","cardsLeft":"Cards left: @number","nextRound":"Proceed to round @round","startOver":"Start over","showSummary":"Next","summary":"Summary","summaryCardsRight":"Cards you got right:","summaryCardsWrong":"Cards you got wrong:","summaryCardsNotShown":"Cards in pool not shown:","summaryOverallScore":"Overall Score","summaryCardsCompleted":"Cards you have completed learning:","summaryCompletedRounds":"Completed rounds:","summaryAllDone":"Well done! You got all @cards cards correct @max times in a row!","progressText":"Card @card of @total","cardFrontLabel":"Card front","cardBackLabel":"Card back","tipButtonLabel":"Show tip","audioNotSupported":"Your browser does not support this audio","confirmStartingOver":{"header":"Start over?","body":"All progress will be lost. Are you sure you want to start over?","cancelLabel":"Cancel","confirmLabel":"Start over"},"title":"<p style=\"text-align: center;\"><strong>Number Conversion<\/strong><\/p>\n"}