{"title":"Hardware and software components of multimedia","language":"und","mainLibrary":"H5P.Column","embedTypes":["div"],"license":"U","defaultLanguage":"en","preloadedDependencies":[{"machineName":"H5P.Image","majorVersion":"1","minorVersion":"1"},{"machineName":"H5P.TrueFalse","majorVersion":"1","minorVersion":"6"},{"machineName":"FontAwesome","majorVersion":"4","minorVersion":"5"},{"machineName":"H5P.Question","majorVersion":"1","minorVersion":"4"},{"machineName":"H5P.JoubelUI","majorVersion":"1","minorVersion":"3"},{"machineName":"H5P.Transition","majorVersion":"1","minorVersion":"0"},{"machineName":"Drop","majorVersion":"1","minorVersion":"0"},{"machineName":"Tether","majorVersion":"1","minorVersion":"0"},{"machineName":"H5P.FontIcons","majorVersion":"1","minorVersion":"0"},{"machineName":"H5P.Blanks","majorVersion":"1","minorVersion":"12"},{"machineName":"H5P.TextUtilities","majorVersion":"1","minorVersion":"3"},{"machineName":"H5P.MultiChoice","majorVersion":"1","minorVersion":"14"},{"machineName":"EmbeddedJS","majorVersion":"1","minorVersion":"0"},{"machineName":"H5P.GuessTheAnswer","majorVersion":"1","minorVersion":"4"},{"machineName":"H5P.Column","majorVersion":"1","minorVersion":"13"}]}