{"cards":[{"text":"Where does the animal shown in the picture live? [Mountain \/ Desert]","answer":"Mountain","tip":"","image":{"path":"images\/image-61015dfd335b0.png","mime":"image\/png","copyright":{"license":"U"},"width":967,"height":667}},{"text":"Where do sea turtles live? [Ocean \/ Grassland]","answer":"Ocean","tip":"","image":{"path":"images\/image-61015e4b024dd.png","mime":"image\/png","copyright":{"license":"U"},"width":1000,"height":795}},{"text":"Identify the habitat of the animal shown in the picture.","answer":"Desert","tip":"","image":{"path":"images\/image-61015f2e93529.png","mime":"image\/png","copyright":{"license":"U"},"width":1000,"height":750}},{"text":"Ancient human beings are our ancestors. Where did they used to live? [Caves \/ Houses]","answer":"Caves","image":{"path":"images\/image-60e29794541fb.jpg","mime":"image\/jpeg","copyright":{"license":"U"},"width":300,"height":168},"tip":""},{"text":"A lion lives in ___ . [stable \/ den]","answer":"den","image":{"path":"images\/image-60e291746805c.jpg","mime":"image\/jpeg","copyright":{"license":"U"},"width":238,"height":250},"tip":""},{"text":"Which habitat of tigers has been shown in the image? [Forest \/ Mountain]","answer":"Forest","tip":"","image":{"path":"images\/image-6464593c79bc1.png","mime":"image\/png","copyright":{"license":"U"},"width":819,"height":459}},{"text":"Deer lives in ______ habitats. [terrestrial \/ aquatic]","answer":"terrestrial","tip":"","image":{"path":"images\/image-61015c93491c3.png","mime":"image\/png","copyright":{"license":"U"},"width":219,"height":250}},{"text":"Fishes live almost in all _____ habitats. [terrestrial \/ aquatic]","answer":"aquatic","image":{"path":"images\/image-60e290bbb9ff4.jpg","mime":"image\/jpeg","copyright":{"license":"U"},"width":238,"height":250},"tip":""},{"text":"In the wild, rabbits live in burrows. Yes or No?","answer":"Yes","tip":"","image":{"path":"images\/image-64645b48b326d.png","mime":"image\/png","copyright":{"license":"U"},"width":429,"height":470}},{"text":"Dolphins live in forests and oceans. Yes or No?","answer":"No","image":{"path":"images\/image-60e296a23129f.jpg","mime":"image\/jpeg","copyright":{"license":"U"},"width":238,"height":250},"tip":""}],"progressText":"Card @card of @total","next":"Next","previous":"Previous","checkAnswerText":"Check","showSolutionsRequiresInput":true,"defaultAnswerText":"Your answer","correctAnswerText":"Correct","incorrectAnswerText":"Incorrect","showSolutionText":"Correct answer","results":"Results","ofCorrect":"@score of @total correct","showResults":"Show results","answerShortText":"A:","retry":"Retry","caseSensitive":false,"cardAnnouncement":"Incorrect answer. Correct answer was @answer","pageAnnouncement":"Page @current of @total","description":"Give the correct answers with the help of the given cards.","correctAnswerAnnouncement":"@answer is correct.","randomCards":true}