{"mode":"repetition","description":"<p style=\"text-align: center;\"><strong>Guess the answers.<\/strong><\/p>\n","dialogs":[{"tips":{},"text":"<p style=\"text-align: center;\"><strong>Viruses are not transmitted from one computer to another through different media.<\/strong><\/p>\n\n<p style=\"text-align: center;\"><strong>Is it True or False?<\/strong><\/p>\n","answer":"<p style=\"text-align: center;\"><strong>False<\/strong><\/p>\n","image":{"path":"images\/image-60f41b9416fcb.png","mime":"image\/png","copyright":{"license":"U"},"width":512,"height":512}},{"tips":{},"text":"<p style=\"text-align: center;\"><strong>Viruses cannot transmit via email.<\/strong><\/p>\n\n<p style=\"text-align: center;\"><strong>Yes or No?<\/strong><\/p>\n","answer":"<p style=\"text-align: center;\"><strong>No<\/strong><\/p>\n","image":{"path":"images\/image-60f41b8d9d88c.png","mime":"image\/png","copyright":{"license":"U"},"width":512,"height":512}},{"tips":{},"text":"<p style=\"text-align: center;\"><strong>Virus spreads through ______ media. [physical\/spiritual]<\/strong><\/p>\n","answer":"<p style=\"text-align: center;\"><strong>Physical<\/strong><\/p>\n","image":{"path":"images\/image-60f41b872d30a.png","mime":"image\/png","copyright":{"license":"U"},"width":512,"height":512}},{"tips":{},"text":"<p style=\"text-align: center;\"><strong>Which of these is a common effect of a computer virus, A or B?<\/strong><\/p>\n\n<p style=\"text-align: center;\"><strong>A. Computer gets extremely slow.<\/strong><\/p>\n\n<p style=\"text-align: center;\"><strong>B. Computer runs smoothly.<\/strong><\/p>\n","answer":"<p style=\"text-align: center;\"><strong>A<\/strong><\/p>\n","image":{"path":"images\/image-60f41b81df858.png","mime":"image\/png","copyright":{"license":"U"},"width":512,"height":512}},{"tips":{},"text":"<p style=\"text-align: center;\"><strong>Does computer virus transmit via downloaded files from Internet?<\/strong><\/p>\n","answer":"<p style=\"text-align: center;\"><strong>Yes<\/strong><\/p>\n","image":{"path":"images\/image-60f41b7ca759b.png","mime":"image\/png","copyright":{"license":"U"},"width":512,"height":512}},{"tips":{},"text":"<p style=\"text-align: center;\"><strong>Computer ____ leads to malfunctioning of the system. [software\/virus]<\/strong><\/p>\n","answer":"<p style=\"text-align: center;\"><strong>Virus<\/strong><\/p>\n","image":{"path":"images\/image-60f41b77a4df2.png","mime":"image\/png","copyright":{"license":"U"},"width":512,"height":512}},{"tips":{},"text":"<p style=\"text-align: center;\"><strong>Computer virus can affect a human being physically by making him sick.<\/strong><\/p>\n\n<p style=\"text-align: center;\"><strong>Is it True or False?<\/strong><\/p>\n","answer":"<p style=\"text-align: center;\"><strong>False<\/strong><\/p>\n","image":{"path":"images\/image-60f41b7161e4c.png","mime":"image\/png","copyright":{"license":"U"},"width":512,"height":512}},{"tips":{},"text":"<p style=\"text-align: center;\"><strong>State few modes of transmission of computer virus.<\/strong><\/p>\n","answer":"<p style=\"text-align: center;\"><strong>1) Via email.<\/strong><\/p>\n\n<p style=\"text-align: center;\"><strong>2) Via downloaded files from Internet.<\/strong><\/p>\n\n<p style=\"text-align: center;\"><strong>3) Via an exchange of data from other computers.<\/strong><\/p>\n","image":{"path":"images\/image-60f41b6b1fc26.png","mime":"image\/png","copyright":{"license":"U"},"width":512,"height":512}},{"tips":{},"text":"<p style=\"text-align: center;\"><strong>Computer virus does not affect the computer software.<\/strong><\/p>\n\n<p style=\"text-align: center;\"><strong>Is it True or False?<\/strong><\/p>\n","answer":"<p style=\"text-align: center;\"><strong>False<\/strong><\/p>\n","image":{"path":"images\/image-60f41b655e07b.png","mime":"image\/png","copyright":{"license":"U"},"width":512,"height":512}},{"tips":{},"text":"<p style=\"text-align: center;\"><strong>All computer viruses are the same and affects the same computer software.<\/strong><\/p>\n\n<p style=\"text-align: center;\"><strong>Is it True or False?<\/strong><\/p>\n","answer":"<p style=\"text-align: center;\"><strong>False<\/strong><\/p>\n","image":{"path":"images\/image-60f41b6188859.png","mime":"image\/png","copyright":{"license":"U"},"width":512,"height":512}}],"behaviour":{"enableRetry":true,"disableBackwardsNavigation":false,"scaleTextNotCard":false,"randomCards":false,"maxProficiency":5,"quickProgression":false},"answer":"Turn","next":"Next","prev":"Previous","retry":"Retry","correctAnswer":"I got it right!","incorrectAnswer":"I got it wrong","round":"Round @round","cardsLeft":"Cards left: @number","nextRound":"Proceed to round @round","startOver":"Start over","showSummary":"Next","summary":"Summary","summaryCardsRight":"Cards you got right:","summaryCardsWrong":"Cards you got wrong:","summaryCardsNotShown":"Cards in pool not shown:","summaryOverallScore":"Overall Score","summaryCardsCompleted":"Cards you have completed learning:","summaryCompletedRounds":"Completed rounds:","summaryAllDone":"Well done! You got all @cards cards correct @max times in a row!","progressText":"Card @card of @total","cardFrontLabel":"Card front","cardBackLabel":"Card back","tipButtonLabel":"Show tip","audioNotSupported":"Your browser does not support this audio","confirmStartingOver":{"header":"Start over?","body":"All progress will be lost. Are you sure you want to start over?","cancelLabel":"Cancel","confirmLabel":"Start over"},"title":"<p>&nbsp;&nbsp;<\/p>\n"}