{"cards":[{"text":"Is the underlined pronoun correct?","answer":"No","image":{"path":"images\/image-60e8716a08965.png","mime":"image\/png","copyright":{"license":"U"},"width":1200,"height":1200},"tip":"<p>Write <strong>Yes<\/strong> or <strong>No.<\/strong><\/p>\n"},{"text":"Is the used pronoun correct?","answer":"No","image":{"path":"images\/image-60e9bec214677.png","mime":"image\/png","copyright":{"license":"U"},"width":1200,"height":1200},"tip":"<p>Write <strong>Yes<\/strong> or <strong>No<\/strong>.<\/p>\n"},{"text":"Is the used pronoun correct?","answer":"No","image":{"path":"images\/image-60e9bf4b2c9eb.png","mime":"image\/png","copyright":{"license":"U"},"width":1200,"height":1200},"tip":"<p>Write <strong>Yes<\/strong> or <strong>No<\/strong>.<\/p>\n"},{"image":{"path":"images\/image-60e86e9bd91b2.png","mime":"image\/png","copyright":{"license":"U"},"width":1200,"height":1200},"text":"Fill the blank with the correct pronoun.","answer":"She","tip":""},{"image":{"path":"images\/image-60e870988807e.png","mime":"image\/png","copyright":{"license":"U"},"width":1200,"height":1200},"text":"Fill the blank with the correct pronoun.","answer":"It","tip":""},{"tip":"","text":"___ is a farmer. [He\/She]","answer":"He","image":{"path":"images\/image-655ad7db915b2.png","mime":"image\/png","copyright":{"license":"U"},"width":500,"height":500}},{"text":"Fill the blank with the correct pronoun.","answer":"She","image":{"path":"images\/image-60e8888564739.png","mime":"image\/png","copyright":{"license":"U"},"width":1200,"height":1200},"tip":""},{"text":"Fill the blank with the correct pronoun.","answer":"They","tip":"","image":{"path":"images\/image-60e9ba1885e7b.png","mime":"image\/png","copyright":{"license":"U"},"width":1200,"height":1200}},{"text":"Which pronoun is used for an apple?","answer":"It","image":{"path":"images\/image-60e9babd85479.png","mime":"image\/png","copyright":{"license":"U"},"width":1200,"height":1200},"tip":""},{"text":"Which pronoun is used for cats?","answer":"They","tip":"","image":{"path":"images\/image-655ad7ed4ad43.png","mime":"image\/png","copyright":{"license":"U"},"width":781,"height":454}}],"progressText":"Card @card of @total","next":"Next","previous":"Previous","checkAnswerText":"Check","showSolutionsRequiresInput":true,"defaultAnswerText":"Your answer","correctAnswerText":"Correct","incorrectAnswerText":"Incorrect","showSolutionText":"Correct answer","results":"Results","ofCorrect":"@score of @total correct","showResults":"Show results","answerShortText":"A:","retry":"Retry","caseSensitive":false,"cardAnnouncement":"Incorrect answer. Correct answer was @answer","pageAnnouncement":"Page @current of @total","description":"Read the questions carefully and answer with the help of given flashcards.","correctAnswerAnnouncement":"@answer is correct.","randomCards":true}