{"content":[{"content":{"params":{"contentName":"Image","alt":"peas","decorative":false,"file":{"path":"images\/file-646462478e2d9.png","mime":"image\/png","copyright":{"license":"U"},"width":1282,"height":260},"expandImage":"Expand Image","minimizeImage":"Minimize Image"},"library":"H5P.Image 1.1","metadata":{"contentType":"Image","license":"U","title":"Untitled Image"},"subContentId":"0fe2259f-74f8-4bfd-b061-b03ab3e8bc67"},"useSeparator":"auto"},{"content":{"params":{"playerMode":"minimalistic","fitToWrapper":false,"controls":true,"autoplay":false,"playAudio":"Play audio","pauseAudio":"Pause audio","contentName":"Audio","audioNotSupported":"Your browser does not support this audio","files":[{"path":"audios\/files-60e2dd2805f19.mp3","mime":"audio\/mpeg","copyright":{"license":"U"}}]},"library":"H5P.Audio 1.5","metadata":{"contentType":"Audio","license":"U","title":"Untitled Audio"},"subContentId":"31430217-1051-41e9-8b76-265d01716a36"},"useSeparator":"auto"},{"content":{"params":{"media":{"disableImageZooming":true,"type":{"params":{"contentName":"Image","alt":"peas","decorative":false,"expandImage":"Expand Image","minimizeImage":"Minimize Image"},"library":"H5P.Image 1.1","metadata":{"contentType":"Image","license":"U","title":"Untitled Image"},"subContentId":"fe75a27b-995e-482b-9e74-6567cb049604"}},"answers":[{"correct":false,"tipsAndFeedback":{"tip":"","chosenFeedback":"","notChosenFeedback":""},"text":"<div style=\"text-align: center;\"><strong>Cereals<\/strong><\/div>\n"},{"correct":true,"tipsAndFeedback":{"tip":"","chosenFeedback":"","notChosenFeedback":""},"text":"<div style=\"text-align: center;\"><strong>Pulses<\/strong><\/div>\n"},{"correct":false,"tipsAndFeedback":{"tip":"","chosenFeedback":"","notChosenFeedback":""},"text":"<div style=\"text-align: center;\"><strong>Vegetables<\/strong><\/div>\n"}],"overallFeedback":[{"from":0,"to":50,"feedback":"Sorry, it is incorrect."},{"from":51,"to":100,"feedback":"Well done ! It is the correct answer."}],"behaviour":{"enableRetry":false,"enableSolutionsButton":true,"enableCheckButton":true,"type":"auto","singlePoint":false,"randomAnswers":true,"showSolutionsRequiresInput":true,"confirmCheckDialog":false,"confirmRetryDialog":false,"autoCheck":false,"passPercentage":100,"showScorePoints":true},"UI":{"checkAnswerButton":"Check","showSolutionButton":"Show solution","tryAgainButton":"Retry","tipsLabel":"Show tip","scoreBarLabel":"You got :num out of :total points","tipAvailable":"Tip available","feedbackAvailable":"Feedback available","readFeedback":"Read feedback","wrongAnswer":"Wrong answer","correctAnswer":"Correct answer","shouldCheck":"Should have been checked","shouldNotCheck":"Should not have been checked","noInput":"Please answer before viewing the solution","a11yCheck":"Check the answers. The responses will be marked as correct, incorrect, or unanswered.","a11yShowSolution":"Show the solution. The task will be marked with its correct solution.","a11yRetry":"Retry the task. Reset all responses and start the task over again.","submitAnswerButton":"Submit"},"confirmCheck":{"header":"Finish ?","body":"Are you sure you wish to finish ?","cancelLabel":"Cancel","confirmLabel":"Finish"},"confirmRetry":{"header":"Retry ?","body":"Are you sure you wish to retry ?","cancelLabel":"Cancel","confirmLabel":"Confirm"},"question":"<p><strong>1. Beans, peas and lentils are examples of :<\/strong><\/p>\n"},"library":"H5P.MultiChoice 1.16","metadata":{"contentType":"Multiple Choice","license":"U","title":"Multiple Choice Question"},"subContentId":"3e925952-3b75-40fc-a17f-3420dff68609"},"useSeparator":"auto"},{"content":{"params":{"contentName":"Image","file":{"path":"images\/file-6117d19570e86.png","mime":"image\/png","copyright":{"license":"U"},"width":1280,"height":312},"decorative":false,"expandImage":"Expand Image","minimizeImage":"Minimize Image"},"library":"H5P.Image 1.1","metadata":{"contentType":"Image","license":"U","title":"Untitled Image"},"subContentId":"e0e38f25-5eec-4b82-9fdb-0613d12ffe6e"},"useSeparator":"enabled"},{"content":{"params":{"playerMode":"minimalistic","fitToWrapper":false,"controls":true,"autoplay":false,"playAudio":"Play audio","pauseAudio":"Pause audio","contentName":"Audio","audioNotSupported":"Your browser does not support this audio","files":[{"path":"audios\/files-60e2d8318894a.mp3","mime":"audio\/mpeg","copyright":{"license":"U"}}]},"library":"H5P.Audio 1.5","metadata":{"contentType":"Audio","license":"U","title":"Untitled Audio"},"subContentId":"33fc9e87-37fc-407c-8556-e098e4c26421"},"useSeparator":"disabled"},{"content":{"params":{"media":{"type":{"params":{"contentName":"Image","alt":"Vegetables","decorative":false,"expandImage":"Expand Image","minimizeImage":"Minimize Image"},"library":"H5P.Image 1.1","metadata":{"contentType":"Image","license":"U","title":"Untitled Image"},"subContentId":"4523c829-424e-4a2e-a69f-c63ae6880b59"},"disableImageZooming":true},"correct":"true","behaviour":{"enableRetry":false,"enableSolutionsButton":true,"enableCheckButton":true,"confirmCheckDialog":false,"confirmRetryDialog":false,"autoCheck":false},"l10n":{"trueText":"True","falseText":"False","score":"You got @score of @total points","checkAnswer":"Check","showSolutionButton":"Show solution","tryAgain":"Retry","wrongAnswerMessage":"Wrong answer","correctAnswerMessage":"Correct answer","scoreBarLabel":"You got :num out of :total points","a11yCheck":"Check the answers. The responses will be marked as correct, incorrect, or unanswered.","a11yShowSolution":"Show the solution. The task will be marked with its correct solution.","a11yRetry":"Retry the task. Reset all responses and start the task over again.","submitAnswer":"Submit"},"confirmCheck":{"header":"Finish ?","body":"Are you sure you wish to finish ?","cancelLabel":"Cancel","confirmLabel":"Finish"},"confirmRetry":{"header":"Retry ?","body":"Are you sure you wish to retry ?","cancelLabel":"Cancel","confirmLabel":"Confirm"},"question":"<p><strong>2. Vegetables protect us from various diseases.<\/strong><\/p>\n"},"library":"H5P.TrueFalse 1.8","metadata":{"contentType":"True\/False Question","license":"U","title":"True\/False Question"},"subContentId":"7f238d57-7a95-4b06-b73e-158c2e321711"},"useSeparator":"auto"},{"content":{"params":{"contentName":"Image","file":{"path":"images\/file-6117d0cd991d4.png","mime":"image\/png","copyright":{"license":"U"},"width":1280,"height":312},"decorative":false,"expandImage":"Expand Image","minimizeImage":"Minimize Image"},"library":"H5P.Image 1.1","metadata":{"contentType":"Image","license":"U","title":"Untitled Image"},"subContentId":"5d0bdb24-8195-4175-9594-85bb0466551a"},"useSeparator":"enabled"},{"content":{"params":{"playerMode":"minimalistic","fitToWrapper":false,"controls":true,"autoplay":false,"playAudio":"Play audio","pauseAudio":"Pause audio","contentName":"Audio","audioNotSupported":"Your browser does not support this audio","files":[{"path":"audios\/files-60e2d824e0035.mp3","mime":"audio\/mpeg","copyright":{"license":"U"}}]},"library":"H5P.Audio 1.5","metadata":{"contentType":"Audio","license":"U","title":"Untitled Audio"},"subContentId":"60fb678d-d888-4e80-9d95-9962e1bd9157"},"useSeparator":"disabled"},{"content":{"params":{"media":{"type":{"params":{"contentName":"Image","decorative":false,"expandImage":"Expand Image","minimizeImage":"Minimize Image"},"library":"H5P.Image 1.1","metadata":{"contentType":"Image","license":"U","title":"Untitled Image"},"subContentId":"5a0a2b96-9d15-447d-bd3e-ac65a54dbd74"},"disableImageZooming":true},"text":"<p><strong>3. Fill in the missing word.<\/strong><\/p>\n","overallFeedback":[{"from":0,"to":50,"feedback":"Sorry, it is incorrect."},{"from":51,"to":100,"feedback":"Bravo ! You got it right."}],"showSolutions":"Show solution","tryAgain":"Retry","checkAnswer":"Check","notFilledOut":"Please fill in all blanks to view solution","answerIsCorrect":"&#039;:ans&#039; is correct","answerIsWrong":"&#039;:ans&#039; is wrong","answeredCorrectly":"Answered correctly","answeredIncorrectly":"Answered incorrectly","solutionLabel":"Correct answer:","inputLabel":"Blank input @num of @total","inputHasTipLabel":"Tip available","tipLabel":"Tip","behaviour":{"enableRetry":false,"enableSolutionsButton":true,"enableCheckButton":true,"autoCheck":false,"caseSensitive":false,"showSolutionsRequiresInput":true,"separateLines":false,"confirmCheckDialog":false,"confirmRetryDialog":false,"acceptSpellingErrors":false},"scoreBarLabel":"You got :num out of :total points","a11yCheck":"Check the answers. The responses will be marked as correct, incorrect, or unanswered.","a11yShowSolution":"Show the solution. The task will be marked with its correct solution.","a11yRetry":"Retry the task. Reset all responses and start the task over again.","a11yCheckingModeHeader":"Checking mode","confirmCheck":{"header":"Finish ?","body":"Are you sure you wish to finish ?","cancelLabel":"Cancel","confirmLabel":"Finish"},"confirmRetry":{"header":"Retry ?","body":"Are you sure you wish to retry ?","cancelLabel":"Cancel","confirmLabel":"Confirm"},"questions":["<p><strong>The plants which produce grains are called *cereals*<\/strong><strong>. [cereals \/ pulses]<\/strong><\/p>\n"],"submitAnswer":"Submit"},"library":"H5P.Blanks 1.14","metadata":{"contentType":"Fill in the Blanks","license":"U","title":"Fill in the Blanks"},"subContentId":"5442f10c-dc50-4b01-b7a5-3fa60e4fd116"},"useSeparator":"auto"},{"content":{"params":{"contentName":"Image","alt":"vegetables","file":{"path":"images\/file-6103730c9b59f.png","mime":"image\/png","copyright":{"license":"U"},"width":1280,"height":312},"decorative":false,"expandImage":"Expand Image","minimizeImage":"Minimize Image"},"library":"H5P.Image 1.1","metadata":{"contentType":"Image","license":"U","title":"Untitled Image"},"subContentId":"f4f2a422-0a1f-4fab-a4b4-8688f04be8eb"},"useSeparator":"enabled"},{"content":{"params":{"playerMode":"minimalistic","fitToWrapper":false,"controls":true,"autoplay":false,"playAudio":"Play audio","pauseAudio":"Pause audio","contentName":"Audio","audioNotSupported":"Your browser does not support this audio","files":[{"path":"audios\/files-60e2d8802eae1.mp3","mime":"audio\/mpeg","copyright":{"license":"U"}}]},"library":"H5P.Audio 1.5","metadata":{"contentType":"Audio","license":"U","title":"Untitled Audio"},"subContentId":"765c6eac-003c-49df-b183-417edf8d8701"},"useSeparator":"disabled"},{"content":{"params":{"taskDescription":"<p><strong>4. Drag the words into the correct boxes.<\/strong><\/p>\n","overallFeedback":[{"from":0,"to":98,"feedback":"Sorry, it is incorrect."},{"from":99,"to":100,"feedback":"Fantastic ! You got it right."}],"checkAnswer":"Check","tryAgain":"Retry","showSolution":"Show solution","dropZoneIndex":"Drop Zone @index.","empty":"Drop Zone @index is empty.","contains":"Drop Zone @index contains draggable @draggable.","ariaDraggableIndex":"@index of @count draggables.","tipLabel":"Show tip","correctText":"Correct!","incorrectText":"Incorrect!","resetDropTitle":"Reset drop","resetDropDescription":"Are you sure you want to reset this drop zone?","grabbed":"Draggable is grabbed.","cancelledDragging":"Cancelled dragging.","correctAnswer":"Correct answer:","feedbackHeader":"Feedback","behaviour":{"enableRetry":false,"enableSolutionsButton":true,"enableCheckButton":true,"instantFeedback":false},"scoreBarLabel":"You got :num out of :total points","a11yCheck":"Check the answers. The responses will be marked as correct, incorrect, or unanswered.","a11yShowSolution":"Show the solution. The task will be marked with its correct solution.","a11yRetry":"Retry the task. Reset all responses and start the task over again.","textField":"a. We eat *roots\\+Correct! \\-Incorrect!* of radish and carrot as vegetables.\nb. We eat *leaves\\+Correct! \\-Incorrect!* of lettuce and cabbage as vegetables.","submitAnswer":"Submit","media":{"disableImageZooming":false}},"library":"H5P.DragText 1.10","metadata":{"contentType":"Drag the Words","license":"U","title":"Drag Text"},"subContentId":"e4bd4d39-22a6-401f-bdb3-4187350ce904"},"useSeparator":"auto"},{"content":{"params":{"contentName":"Image","alt":"Cauliflower","file":{"path":"images\/file-6117ceec29b5b.jpg","mime":"image\/jpeg","copyright":{"license":"U"},"width":1280,"height":312},"decorative":false,"expandImage":"Expand Image","minimizeImage":"Minimize Image"},"library":"H5P.Image 1.1","metadata":{"contentType":"Image","license":"U","title":"Untitled Image"},"subContentId":"d036550b-23a2-419b-917c-d6df9fc238ae"},"useSeparator":"enabled"},{"content":{"params":{"playerMode":"minimalistic","fitToWrapper":false,"controls":true,"autoplay":false,"playAudio":"Play audio","pauseAudio":"Pause audio","contentName":"Audio","audioNotSupported":"Your browser does not support this audio","files":[{"path":"audios\/files-60e2dc6e9661e.mp3","mime":"audio\/mpeg","copyright":{"license":"U"}}]},"library":"H5P.Audio 1.5","metadata":{"contentType":"Audio","license":"U","title":"Untitled Audio"},"subContentId":"e44b64a1-d7ef-461e-b896-7593f1dd4219"},"useSeparator":"disabled"},{"content":{"params":{"media":{"type":{"params":{"contentName":"Image","alt":"Cauliflower","decorative":false,"expandImage":"Expand Image","minimizeImage":"Minimize Image"},"library":"H5P.Image 1.1","metadata":{"contentType":"Image","license":"U","title":"Untitled Image"},"subContentId":"5d759f0d-2952-4832-b83f-dc18af739c23"},"disableImageZooming":true},"answers":[{"correct":false,"tipsAndFeedback":{"tip":"","chosenFeedback":"","notChosenFeedback":""},"text":"<div><strong>Potato<\/strong><\/div>\n"},{"correct":false,"tipsAndFeedback":{"tip":"","chosenFeedback":"","notChosenFeedback":""},"text":"<div><strong>Radish<\/strong><\/div>\n"},{"correct":true,"tipsAndFeedback":{"tip":"","chosenFeedback":"","notChosenFeedback":""},"text":"<div><strong>Cauliflower<\/strong><\/div>\n"}],"overallFeedback":[{"from":0,"to":50,"feedback":"Sorry, it is incorrect."},{"from":51,"to":100,"feedback":"Amazing ! Keep up the good performance."}],"behaviour":{"enableRetry":false,"enableSolutionsButton":true,"enableCheckButton":true,"type":"auto","singlePoint":false,"randomAnswers":true,"showSolutionsRequiresInput":true,"confirmCheckDialog":false,"confirmRetryDialog":false,"autoCheck":false,"passPercentage":100,"showScorePoints":true},"UI":{"checkAnswerButton":"Check","showSolutionButton":"Show solution","tryAgainButton":"Retry","tipsLabel":"Show tip","scoreBarLabel":"You got :num out of :total points","tipAvailable":"Tip available","feedbackAvailable":"Feedback available","readFeedback":"Read feedback","wrongAnswer":"Wrong answer","correctAnswer":"Correct answer","shouldCheck":"Should have been checked","shouldNotCheck":"Should not have been checked","noInput":"Please answer before viewing the solution","a11yCheck":"Check the answers. The responses will be marked as correct, incorrect, or unanswered.","a11yShowSolution":"Show the solution. The task will be marked with its correct solution.","a11yRetry":"Retry the task. Reset all responses and start the task over again.","submitAnswerButton":"Submit"},"confirmCheck":{"header":"Finish ?","body":"Are you sure you wish to finish ?","cancelLabel":"Cancel","confirmLabel":"Finish"},"confirmRetry":{"header":"Retry ?","body":"Are you sure you wish to retry ?","cancelLabel":"Cancel","confirmLabel":"Confirm"},"question":"<p><strong>5. We eat flower of :<\/strong><\/p>\n"},"library":"H5P.MultiChoice 1.16","metadata":{"contentType":"Multiple Choice","license":"U","title":"Multiple Choice"},"subContentId":"4cbbc257-680b-4327-afcd-108cd9089fd4"},"useSeparator":"auto"},{"content":{"params":{"contentName":"Image","file":{"path":"images\/file-6117cfcf0df06.png","mime":"image\/png","copyright":{"license":"U"},"width":1280,"height":312},"decorative":false,"expandImage":"Expand Image","minimizeImage":"Minimize Image"},"library":"H5P.Image 1.1","metadata":{"contentType":"Image","license":"U","title":"Untitled Image"},"subContentId":"fa031aab-7e5a-45d5-ade7-fe910b7f9564"},"useSeparator":"enabled"},{"content":{"params":{"playerMode":"minimalistic","fitToWrapper":false,"controls":true,"autoplay":false,"playAudio":"Play audio","pauseAudio":"Pause audio","contentName":"Audio","audioNotSupported":"Your browser does not support this audio","files":[{"path":"audios\/files-60e2dc612f920.mp3","mime":"audio\/mpeg","copyright":{"license":"U"}}]},"library":"H5P.Audio 1.5","metadata":{"contentType":"Audio","license":"U","title":"Audio"},"subContentId":"80bb6e6a-8ec4-45df-9a46-26e12b87d6cf"},"useSeparator":"disabled"},{"content":{"params":{"media":{"type":{"params":{"contentName":"Image","decorative":false,"expandImage":"Expand Image","minimizeImage":"Minimize Image"},"library":"H5P.Image 1.1","metadata":{"contentType":"Image","license":"U","title":"Untitled Image"},"subContentId":"152da029-0f67-4ba5-bee7-65837d088f86"},"disableImageZooming":true},"text":"<p><strong>6. Fill in the missing word.<\/strong><\/p>\n","overallFeedback":[{"from":0,"to":50,"feedback":"Sorry, it is incorrect."},{"from":51,"to":100,"feedback":"Outstanding ! It is the correct answer."}],"showSolutions":"Show solution","tryAgain":"Retry","checkAnswer":"Check","notFilledOut":"Please fill in all blanks to view solution","answerIsCorrect":"&#039;:ans&#039; is correct","answerIsWrong":"&#039;:ans&#039; is wrong","answeredCorrectly":"Answered correctly","answeredIncorrectly":"Answered incorrectly","solutionLabel":"Correct answer:","inputLabel":"Blank input @num of @total","inputHasTipLabel":"Tip available","tipLabel":"Tip","behaviour":{"enableRetry":false,"enableSolutionsButton":true,"enableCheckButton":true,"autoCheck":false,"caseSensitive":false,"showSolutionsRequiresInput":true,"separateLines":false,"confirmCheckDialog":false,"confirmRetryDialog":false,"acceptSpellingErrors":false},"scoreBarLabel":"You got :num out of :total points","a11yCheck":"Check the answers. The responses will be marked as correct, incorrect, or unanswered.","a11yShowSolution":"Show the solution. The task will be marked with its correct solution.","a11yRetry":"Retry the task. Reset all responses and start the task over again.","a11yCheckingModeHeader":"Checking mode","confirmCheck":{"header":"Finish ?","body":"Are you sure you wish to finish ?","cancelLabel":"Cancel","confirmLabel":"Finish"},"confirmRetry":{"header":"Retry ?","body":"Are you sure you wish to retry ?","cancelLabel":"Cancel","confirmLabel":"Confirm"},"questions":["<p><strong>We get milk, meat, and eggs from *animals*. [animals \/ plants]<\/strong><\/p>\n"],"submitAnswer":"Submit"},"library":"H5P.Blanks 1.14","metadata":{"contentType":"Fill in the Blanks","license":"U","title":"Fill in the Blanks"},"subContentId":"8afc7589-c5d6-40ae-82ac-925bbfec7a9d"},"useSeparator":"auto"},{"content":{"params":{"contentName":"Image","file":{"path":"images\/file-6117ce0f7587e.png","mime":"image\/png","copyright":{"license":"U"},"width":1280,"height":312},"alt":"eggs","decorative":false,"expandImage":"Expand Image","minimizeImage":"Minimize Image"},"library":"H5P.Image 1.1","metadata":{"contentType":"Image","license":"U","title":"Untitled Image"},"subContentId":"9b461b31-4dee-4381-8f02-7c5704b34e24"},"useSeparator":"enabled"},{"content":{"params":{"playerMode":"minimalistic","fitToWrapper":false,"controls":true,"autoplay":false,"playAudio":"Play audio","pauseAudio":"Pause audio","contentName":"Audio","audioNotSupported":"Your browser does not support this audio","files":[{"path":"audios\/files-60e2dc3e1ebeb.mp3","mime":"audio\/mpeg","copyright":{"license":"U"}}]},"library":"H5P.Audio 1.5","metadata":{"contentType":"Audio","license":"U","title":"Audio"},"subContentId":"9f12d4d5-91da-4816-960f-4c7b1b2111f2"},"useSeparator":"disabled"},{"content":{"params":{"overallFeedback":[{"from":0,"to":50,"feedback":"Sorry, it is incorrect."},{"from":51,"to":100,"feedback":"Awesome ! It is the correct answer."}],"checkAnswerButton":"Check","tryAgainButton":"Retry","showSolutionButton":"Show solution","behaviour":{"enableRetry":false,"enableSolutionsButton":true,"enableCheckButton":true,"showScorePoints":true},"correctAnswer":"Correct!","incorrectAnswer":"Incorrect!","missedAnswer":"Answer not found!","displaySolutionDescription":"Task is updated to contain the solution.","scoreBarLabel":"You got :num out of :total points","a11yFullTextLabel":"Full readable text","a11yClickableTextLabel":"Full text where words can be marked","a11ySolutionModeHeader":"Solution mode","a11yCheckingHeader":"Checking mode","a11yCheck":"Check the answers. The responses will be marked as correct, incorrect, or unanswered.","a11yShowSolution":"Show the solution. The task will be marked with its correct solution.","a11yRetry":"Retry the task. Reset all responses and start the task over again.","taskDescription":"<p><strong>7. Meat and eggs are rich in protein.<\/strong><\/p>\n","textField":"<p><strong>*Yes*| No<\/strong><\/p>\n","submitAnswerButton":"Submit","media":{"disableImageZooming":false}},"library":"H5P.MarkTheWords 1.11","metadata":{"contentType":"Mark the Words","license":"U","title":"Mark the Words"},"subContentId":"e7701dc6-4ef9-4335-95e8-786e11a45af9"},"useSeparator":"auto"},{"content":{"params":{"contentName":"Image","file":{"path":"images\/file-6117cd9d401ec.png","mime":"image\/png","copyright":{"license":"U"},"width":1280,"height":312},"decorative":false,"expandImage":"Expand Image","minimizeImage":"Minimize Image"},"library":"H5P.Image 1.1","metadata":{"contentType":"Image","license":"U","title":"Untitled Image"},"subContentId":"41ea33ad-887c-43da-a47f-91afddf8fe2d"},"useSeparator":"enabled"},{"content":{"params":{"playerMode":"minimalistic","fitToWrapper":false,"controls":true,"autoplay":false,"playAudio":"Play audio","pauseAudio":"Pause audio","contentName":"Audio","audioNotSupported":"Your browser does not support this audio","files":[{"path":"audios\/files-60e2dc32c4bfc.mp3","mime":"audio\/mpeg","copyright":{"license":"U"}}]},"library":"H5P.Audio 1.5","metadata":{"contentType":"Audio","license":"U","title":"Untitled Audio"},"subContentId":"2e951ba0-dafc-4ba1-90a6-ebcba6b9d2c3"},"useSeparator":"disabled"},{"content":{"params":{"media":{"disableImageZooming":true},"answers":[{"correct":false,"tipsAndFeedback":{"tip":"","chosenFeedback":"","notChosenFeedback":""},"text":"<div><strong>Vegetables<\/strong><\/div>\n"},{"correct":false,"tipsAndFeedback":{"tip":"","chosenFeedback":"","notChosenFeedback":""},"text":"<div><strong>Fruits<\/strong><\/div>\n"},{"correct":false,"tipsAndFeedback":{"tip":"","chosenFeedback":"","notChosenFeedback":""},"text":"<div><strong>Pulses<\/strong><\/div>\n"},{"correct":true,"tipsAndFeedback":{"tip":"","chosenFeedback":"","notChosenFeedback":""},"text":"<div><strong>Meat <\/strong><\/div>\n"}],"overallFeedback":[{"from":0,"to":50,"feedback":"Sorry, it is incorrect."},{"from":51,"to":100,"feedback":"Incredible ! It is the correct answer."}],"behaviour":{"enableRetry":false,"enableSolutionsButton":true,"enableCheckButton":true,"type":"auto","singlePoint":false,"randomAnswers":true,"showSolutionsRequiresInput":true,"confirmCheckDialog":false,"confirmRetryDialog":false,"autoCheck":false,"passPercentage":100,"showScorePoints":true},"UI":{"checkAnswerButton":"Check","showSolutionButton":"Show solution","tryAgainButton":"Retry","tipsLabel":"Show tip","scoreBarLabel":"You got :num out of :total points","tipAvailable":"Tip available","feedbackAvailable":"Feedback available","readFeedback":"Read feedback","wrongAnswer":"Wrong answer","correctAnswer":"Correct answer","shouldCheck":"Should have been checked","shouldNotCheck":"Should not have been checked","noInput":"Please answer before viewing the solution","a11yCheck":"Check the answers. The responses will be marked as correct, incorrect, or unanswered.","a11yShowSolution":"Show the solution. The task will be marked with its correct solution.","a11yRetry":"Retry the task. Reset all responses and start the task over again.","submitAnswerButton":"Submit"},"confirmCheck":{"header":"Finish ?","body":"Are you sure you wish to finish ?","cancelLabel":"Cancel","confirmLabel":"Finish"},"confirmRetry":{"header":"Retry ?","body":"Are you sure you wish to retry ?","cancelLabel":"Cancel","confirmLabel":"Confirm"},"question":"<p><strong>8. Plants do not give us :<\/strong><\/p>\n"},"library":"H5P.MultiChoice 1.16","metadata":{"contentType":"Multiple Choice","license":"U","title":"Untitled Multiple Choice"},"subContentId":"dcfc494a-be2a-433d-88b8-24f7d77b9e4f"},"useSeparator":"auto"},{"content":{"params":{"contentName":"Image","alt":"dairy products","file":{"path":"images\/file-6103732b7e6b9.png","mime":"image\/png","copyright":{"license":"U"},"width":1280,"height":312},"decorative":false,"expandImage":"Expand Image","minimizeImage":"Minimize Image"},"library":"H5P.Image 1.1","metadata":{"contentType":"Image","license":"U","title":"Untitled Image"},"subContentId":"176151ed-300d-467d-9d28-d8cc599eda6a"},"useSeparator":"enabled"},{"content":{"params":{"playerMode":"minimalistic","fitToWrapper":false,"controls":true,"autoplay":false,"playAudio":"Play audio","pauseAudio":"Pause audio","contentName":"Audio","audioNotSupported":"Your browser does not support this audio","files":[{"path":"audios\/files-60e2dc277639f.mp3","mime":"audio\/mpeg","copyright":{"license":"U"}}]},"library":"H5P.Audio 1.5","metadata":{"contentType":"Audio","license":"U","title":"Untitled Audio"},"subContentId":"c1e0a084-19dc-4c3e-8434-213b588c1ae1"},"useSeparator":"disabled"},{"content":{"params":{"taskDescription":"<p><strong>9. Drag the words into the correct boxes.<\/strong><\/p>\n","overallFeedback":[{"from":0,"to":98,"feedback":"Sorry, it is incorrect."},{"from":99,"to":100,"feedback":"Good work ! You got it right."}],"checkAnswer":"Check","tryAgain":"Retry","showSolution":"Show solution","dropZoneIndex":"Drop Zone @index.","empty":"Drop Zone @index is empty.","contains":"Drop Zone @index contains draggable @draggable.","ariaDraggableIndex":"@index of @count draggables.","tipLabel":"Show tip","correctText":"Correct!","incorrectText":"Incorrect!","resetDropTitle":"Reset drop","resetDropDescription":"Are you sure you want to reset this drop zone?","grabbed":"Draggable is grabbed.","cancelledDragging":"Cancelled dragging.","correctAnswer":"Correct answer:","feedbackHeader":"Feedback","behaviour":{"enableRetry":false,"enableSolutionsButton":true,"enableCheckButton":true,"instantFeedback":false},"scoreBarLabel":"You got :num out of :total points","a11yCheck":"Check the answers. The responses will be marked as correct, incorrect, or unanswered.","a11yShowSolution":"Show the solution. The task will be marked with its correct solution.","a11yRetry":"Retry the task. Reset all responses and start the task over again.","textField":"a. *Milk\\+Correct! \\-Incorrect!* is used to make cheese, butter and ice-cream.\nb. Hens, ducks and geese give us *eggs\\+Correct! \\-Incorrect!*.","submitAnswer":"Submit","media":{"disableImageZooming":false}},"library":"H5P.DragText 1.10","metadata":{"contentType":"Drag the Words","license":"U","title":"Untitled Drag Text"},"subContentId":"2879ae88-7cd3-43f8-96cd-d546c187bf0f"},"useSeparator":"disabled"},{"content":{"params":{"contentName":"Image","file":{"path":"images\/file-6117cca658d9f.png","mime":"image\/png","copyright":{"license":"U"},"width":1280,"height":312},"decorative":false,"expandImage":"Expand Image","minimizeImage":"Minimize Image"},"library":"H5P.Image 1.1","metadata":{"contentType":"Image","license":"U","title":"Untitled Image"},"subContentId":"8b11ebb8-c53d-42ee-b1c2-b926909418c5"},"useSeparator":"enabled"},{"content":{"params":{"playerMode":"minimalistic","fitToWrapper":false,"controls":true,"autoplay":false,"playAudio":"Play audio","pauseAudio":"Pause audio","contentName":"Audio","audioNotSupported":"Your browser does not support this audio","files":[{"path":"audios\/files-60e2dc1d879e4.mp3","mime":"audio\/mpeg","copyright":{"license":"U"}}]},"library":"H5P.Audio 1.5","metadata":{"contentType":"Audio","license":"U","title":"Untitled Audio"},"subContentId":"e422cf34-b49e-42d3-8966-28c398dbce1e"},"useSeparator":"disabled"},{"content":{"params":{"media":{"disableImageZooming":true},"correct":"true","behaviour":{"enableRetry":false,"enableSolutionsButton":true,"enableCheckButton":true,"confirmCheckDialog":false,"confirmRetryDialog":false,"autoCheck":false},"l10n":{"trueText":"True","falseText":"False","score":"You got @score of @total points","checkAnswer":"Check","showSolutionButton":"Show solution","tryAgain":"Retry","wrongAnswerMessage":"Wrong answer","correctAnswerMessage":"Correct answer","scoreBarLabel":"You got :num out of :total points","a11yCheck":"Check the answers. The responses will be marked as correct, incorrect, or unanswered.","a11yShowSolution":"Show the solution. The task will be marked with its correct solution.","a11yRetry":"Retry the task. Reset all responses and start the task over again.","submitAnswer":"Submit"},"confirmCheck":{"header":"Finish ?","body":"Are you sure you wish to finish ?","cancelLabel":"Cancel","confirmLabel":"Finish"},"confirmRetry":{"header":"Retry ?","body":"Are you sure you wish to retry ?","cancelLabel":"Cancel","confirmLabel":"Confirm"},"question":"<p><strong>10. We get different types of food from plants and animals.<\/strong><\/p>\n"},"library":"H5P.TrueFalse 1.8","metadata":{"contentType":"True\/False Question","license":"U","title":"True\/False Question"},"subContentId":"e3fcde02-7d5c-46d2-aca6-e2f4eea939f6"},"useSeparator":"auto"}]}