{"cards":[{"text":"Communicable diseases does not transmit from one person to another. Is is true or false?","answer":"False","image":{"path":"images\/image-60e6a105157be.png","mime":"image\/png","copyright":{"license":"U"},"width":420,"height":426},"tip":""},{"text":"Dysentery is not a water-borne or food borne disease. Is is true or false?","answer":"False","image":{"path":"images\/image-60e6983e189d3.png","mime":"image\/png","copyright":{"license":"U"},"width":296,"height":281},"tip":""},{"text":"What is the causative agent of Polio?","answer":"Polio virus","image":{"path":"images\/image-60e69c6057b68.png","mime":"image\/png","copyright":{"license":"U"},"width":343,"height":213},"tip":""},{"image":{"path":"images\/image-60e698b4c4ce4.png","mime":"image\/png","copyright":{"license":"U"},"width":280,"height":126},"text":"The two types of dysentery are bacterial dysentery and ____ dysentery.","answer":"amoebic","tip":""},{"text":"Which part of the respiratory system does pneumonia affect the most?","answer":"Lungs","image":{"path":"images\/image-60e6a06bf1582.png","mime":"image\/png","copyright":{"license":"U"},"width":286,"height":296},"tip":""},{"text":"Continuous cough (for more than three weeks) is a major symptom of tuberculosis. Is is true or false?","image":{"path":"images\/image-60e69dbdc2744.png","mime":"image\/png","copyright":{"license":"U"},"width":354,"height":288},"answer":"True","tip":""},{"text":"What is the causative organism of tuberculosis?","answer":"Mycobacterium tuberculosis","image":{"path":"images\/image-60e69d6a80c2c.png","mime":"image\/png","copyright":{"license":"U"},"width":257,"height":107},"tip":""},{"text":"Oral rehydration solution (Jeeven Jal) should be given to the patient of dysentery. Is is true or false?","answer":"True","image":{"path":"images\/image-60e69b41893b4.png","mime":"image\/png","copyright":{"license":"U"},"width":207,"height":251},"tip":""},{"text":"Appearance of red spot or rashes on the body is the major symptom of ____ .[Measles\/Common cold\/Pneumonia]","answer":"Measles","image":{"path":"images\/image-60e69ff55a90b.png","mime":"image\/png","copyright":{"license":"U"},"width":384,"height":322},"tip":""},{"answer":"False","text":"Measles is not a communicable disease. Is it true or false?","image":{"path":"images\/image-658bce2a22f0f.png","mime":"image\/png","copyright":{"license":"U"},"width":512,"height":512},"tip":""}],"progressText":"Card @card of @total","next":"Next","previous":"Previous","checkAnswerText":"Check","showSolutionsRequiresInput":true,"defaultAnswerText":"Your answer","correctAnswerText":"Correct","incorrectAnswerText":"Incorrect","showSolutionText":"Correct answer","results":"Results","ofCorrect":"@score of @total correct","showResults":"Show results","answerShortText":"A:","retry":"Retry","caseSensitive":false,"cardAnnouncement":"Incorrect answer. Correct answer was @answer","pageAnnouncement":"Page @current of @total","description":"Read the questions properly and fill in the correct answers.","correctAnswerAnnouncement":"@answer is correct.","randomCards":true}