{"mode":"repetition","description":"<p style=\"text-align: center;\"><strong>Guess the correct answer.<\/strong><\/p>\n","dialogs":[{"tips":{},"text":"<p style=\"text-align: center;\"><strong>Mozilla Firefox, Internet Explorer, Opera, Google Chrome, etc. are examples of _____?<\/strong><\/p>\n","answer":"<p style=\"text-align: center;\"><strong>Web browsers<\/strong><\/p>\n","image":{"path":"images\/image-60ebeca870014.jpg","mime":"image\/jpeg","copyright":{"license":"U"},"width":208,"height":242}},{"tips":{},"text":"<p style=\"text-align: center;\"><strong>HTTP stands for?<\/strong><\/p>\n","answer":"<p style=\"text-align: center;\"><strong>Hyper Text Transfer Protocol.<\/strong><\/p>\n","image":{"path":"images\/image-60ebec1485e00.png","mime":"image\/png","copyright":{"license":"U"},"width":458,"height":245,"originalImage":{"path":"images\/image-60ebec0d540c4.png#tmp","mime":"image\/png","height":250,"width":1200}}},{"tips":{},"answer":"<p style=\"text-align: center;\"><strong>The organization which provides Internet access services locally is called ISP.<\/strong><\/p>\n","text":"<p style=\"text-align: center;\"><strong>What is an ISP?<\/strong><\/p>\n","image":{"path":"images\/image-60ebebc4be165.png","mime":"image\/png","copyright":{"license":"U"},"width":333,"height":240,"originalImage":{"path":"images\/image-60ebebb83c3f2.png#tmp","mime":"image\/png","height":250,"width":1200}}},{"tips":{},"text":"<p style=\"text-align: center;\"><strong>What is a web browser?<\/strong><\/p>\n","answer":"<p style=\"text-align: center;\"><strong>A web browser is a software application that people use in order to view web pages on the Internet.<\/strong><\/p>\n","image":{"path":"images\/image-60ebea6f73d8b.jpg","mime":"image\/jpeg","copyright":{"license":"U"},"width":2292,"height":1532}},{"tips":{},"text":"<p style=\"text-align: center;\"><strong>The very first page which we get while visiting the website is known as _________.<\/strong><\/p>\n","answer":"<p style=\"text-align: center;\"><strong>Home page<\/strong><\/p>\n","image":{"path":"images\/image-60ebea2ec6298.jpg","mime":"image\/jpeg","copyright":{"license":"U"},"width":225,"height":225}},{"tips":{},"text":"<p style=\"text-align: center;\"><strong>What are web pages?<\/strong><\/p>\n","answer":"<p style=\"text-align: center;\"><strong>A web pages are a collection of text, images, graphics, videos and animations arranged in systematic way that provides the information about a subject.<\/strong><\/p>\n","image":{"path":"images\/image-60ebe9e8a32f8.jpg","mime":"image\/jpeg","copyright":{"license":"U"},"width":600,"height":600}},{"tips":{},"text":"<p style=\"text-align: center;\"><strong>What is a web server?<\/strong><\/p>\n","answer":"<p style=\"text-align: center;\"><strong>A web server is a computer that is connected to the Internet and stores all the web sites to be available to everyone.<\/strong><\/p>\n","image":{"path":"images\/image-60ebe99a0ea93.png","mime":"image\/png","copyright":{"license":"U"},"width":1000,"height":1080}},{"tips":{},"text":"<p style=\"text-align: center;\">______<strong> is a graphic or a piece of text in an Internet document that connects readers to another webpage, or another portion of a document.<\/strong><\/p>\n","answer":"<p style=\"text-align: center;\"><strong>Hyperlink<\/strong><\/p>\n","image":{"path":"images\/image-60ebe93da4ca2.png","mime":"image\/png","copyright":{"license":"U"},"width":225,"height":225}},{"tips":{},"text":"<p style=\"text-align: center;\"><strong>URL stands for..?<\/strong><\/p>\n","answer":"<p style=\"text-align: center;\"><strong>Uniform Resource Locator<\/strong><\/p>\n","image":{"path":"images\/image-60ebe8b85f493.png","mime":"image\/png","copyright":{"license":"U"},"width":503,"height":245,"originalImage":{"path":"images\/image-60ebe8b00a06b.png#tmp","mime":"image\/png","height":250,"width":1200}}},{"tips":{},"text":"<p style=\"text-align: center;\"><strong>WWW stands for...?<\/strong><\/p>\n","answer":"<p style=\"text-align: center;\"><strong>World Wide Web<\/strong><\/p>\n","image":{"path":"images\/image-60ebe8994fbcb.png","mime":"image\/png","copyright":{"license":"U"},"width":511,"height":233,"originalImage":{"path":"images\/image-60ebe88d2b957.png#tmp","mime":"image\/png","height":250,"width":1200}}}],"behaviour":{"enableRetry":true,"disableBackwardsNavigation":false,"scaleTextNotCard":false,"randomCards":false,"maxProficiency":5,"quickProgression":false},"answer":"Turn","next":"Next","prev":"Previous","retry":"Retry","correctAnswer":"I got it right!","incorrectAnswer":"I got it wrong","round":"Round @round","cardsLeft":"Cards left: @number","nextRound":"Proceed to round @round","startOver":"Start over","showSummary":"Next","summary":"Summary","summaryCardsRight":"Cards you got right:","summaryCardsWrong":"Cards you got wrong:","summaryCardsNotShown":"Cards in pool not shown:","summaryOverallScore":"Overall Score","summaryCardsCompleted":"Cards you have completed learning:","summaryCompletedRounds":"Completed rounds:","summaryAllDone":"Well done! You got all @cards cards correct @max times in a row!","progressText":"Card @card of @total","cardFrontLabel":"Card front","cardBackLabel":"Card back","tipButtonLabel":"Show tip","audioNotSupported":"Your browser does not support this audio","confirmStartingOver":{"header":"Start over?","body":"All progress will be lost. Are you sure you want to start over?","cancelLabel":"Cancel","confirmLabel":"Start over"},"title":"<p style=\"text-align: center;\"><strong>Popular terms used in website<\/strong><\/p>\n"}