{"cards":[{"image":{"path":"images\/image-60ed4338e529b.jpg","mime":"image\/jpeg","copyright":{"license":"U"},"width":206,"height":206},"tip":"","text":"Name the force applied on the door.","answer":"Pushing force"},{"image":{"path":"images\/image-60ed435c1de17.jpg","mime":"image\/jpeg","copyright":{"license":"U"},"width":206,"height":206},"tip":"","text":"Force can change the direction of a moving body.True or false?","answer":"True"},{"image":{"path":"images\/image-60ed436a3cb2e.jpg","mime":"image\/jpeg","copyright":{"license":"U"},"width":206,"height":206},"tip":"","text":"What will be total force applied on the box by two people in opposite directions?","answer":"0\/Zero"},{"image":{"path":"images\/image-60ed437a7a188.jpg","mime":"image\/jpeg","copyright":{"license":"U"},"width":206,"height":206},"tip":"","text":"The coin will fall down in the third cylindrical object.It is due to which force?","answer":"Gravitational force"},{"image":{"path":"images\/image-60ed4388d1b59.jpg","mime":"image\/jpeg","copyright":{"license":"U"},"width":206,"height":206},"tip":"","text":"What kind of force is this boy applying?","answer":"Pulling force"},{"image":{"path":"images\/image-60ed43d2cbb9a.jpg","mime":"image\/jpeg","copyright":{"license":"U"},"width":206,"height":206},"tip":"","text":"In SI system, force is measured in which unit?","answer":"Newton"},{"image":{"path":"images\/image-60ed43dbedc30.jpg","mime":"image\/jpeg","copyright":{"license":"U"},"width":206,"height":206},"tip":"","text":"What keeps the hot air balloon stay in the air?","answer":"Gravity"},{"image":{"path":"images\/image-60ed43ee8992e.jpg","mime":"image\/jpeg","copyright":{"license":"U"},"width":206,"height":206},"tip":"","text":"What is exerted between the floor and the sliding box?","answer":"Friction"},{"image":{"path":"images\/image-60ed43f89f7ad.jpg","mime":"image\/jpeg","copyright":{"license":"U"},"width":206,"height":206},"tip":"","text":"What is the formula for Force &quot;F&quot; ?","answer":"F=mg"},{"image":{"path":"images\/image-60ed440e53a8d.jpg","mime":"image\/jpeg","copyright":{"license":"U"},"width":206,"height":206},"tip":"","text":"What are the two forces acting upon object that is positioned on an inclined plane?","answer":"The force of gravity and the normal force\/The normal force and the force of gravity"}],"progressText":"Card @card of @total","next":"Next","previous":"Previous","checkAnswerText":"Check","showSolutionsRequiresInput":true,"defaultAnswerText":"Your answer","correctAnswerText":"Correct","incorrectAnswerText":"Incorrect","showSolutionText":"Correct answer","results":"Results","ofCorrect":"@score of @total correct","showResults":"Show results","answerShortText":"A:","retry":"Retry","caseSensitive":false,"cardAnnouncement":"Incorrect answer. Correct answer was @answer","pageAnnouncement":"Page @current of @total","description":"Answer the questions properly.","correctAnswerAnnouncement":"@answer is correct.","randomCards":false}