{"mode":"repetition","description":"<p style=\"text-align: center;\"><strong>Guess the answer<\/strong><\/p>\n","dialogs":[{"tips":{},"text":"<p style=\"text-align: center;\"><strong>What is a utility software?<\/strong><\/p>\n","answer":"<p style=\"text-align: center;\"><strong>A utility software is a part of system software that enhances the operations of a computer or specific program.<\/strong><\/p>\n","image":{"path":"images\/image-60eafd452d8a1.jpg","mime":"image\/jpeg","copyright":{"license":"U"},"width":600,"height":600}},{"tips":{},"answer":"<p style=\"text-align: center;\"><strong>An application software is designed to satisfy a particular need of users. It is directly designed for users.<\/strong><\/p>\n","text":"<p style=\"text-align: center;\"><strong>What is an application software?<\/strong><\/p>\n","image":{"path":"images\/image-60eafcfbeb813.png","mime":"image\/png","copyright":{"license":"U"},"width":850,"height":1080}},{"tips":{},"answer":"<p style=\"text-align: center;\"><strong>A device driver is a small piece of software that tells the operating system and other software how to communicate with a piece of hardware.<\/strong><\/p>\n","text":"<p style=\"text-align: center;\"><strong>What is a device driver?<\/strong><\/p>\n","image":{"path":"images\/image-60eafc7187883.png","mime":"image\/png","copyright":{"license":"U"},"width":1000,"height":1080}},{"tips":{},"text":"<p style=\"text-align: center;\"><strong>What are different types of language processor?<\/strong><\/p>\n","answer":"<p style=\"text-align: center;\"><strong>Different types of language processors are:<\/strong><\/p>\n\n<p style=\"text-align: center;\"><strong>a. Interpreter<\/strong><\/p>\n\n<p style=\"text-align: center;\"><strong>b. Compiler<\/strong><\/p>\n\n<p style=\"text-align: center;\"><strong>c. Assembler<\/strong><\/p>\n\n<p style=\"text-align: center;\">&nbsp;<\/p>\n","image":{"path":"images\/image-60eafc33dbd74.jpg","mime":"image\/jpeg","copyright":{"license":"U"},"width":612,"height":612}},{"tips":{},"answer":"<p style=\"text-align: center;\"><strong>A language processor is a special type of a computer software that has the capacity to translate the source code or program codes into machine codes. It is also called a language translator.<\/strong><\/p>\n","text":"<p style=\"text-align: center;\"><strong>What is a language processor?<\/strong><\/p>\n","image":{"path":"images\/image-60eafb869cd0e.png","mime":"image\/png","copyright":{"license":"U"},"width":696,"height":448}},{"tips":{},"text":"<p style=\"text-align: center;\"><strong>What is an Operating system software?<\/strong><\/p>\n","answer":"<p style=\"text-align: center;\"><strong>The software which controls and coordinates overall functions of a computer system is called an operating system software.<\/strong><\/p>\n","image":{"path":"images\/image-60eafb454dfec.jpg","mime":"image\/jpeg","copyright":{"license":"U"},"width":866,"height":650}},{"tips":{},"text":"<p style=\"text-align: center;\"><strong>What are different types of system software?<\/strong><\/p>\n","answer":"<p style=\"text-align: center;\"><strong>1. Operating system software<\/strong><\/p>\n\n<p style=\"text-align: center;\"><strong>2. Language processor<br>\n3. Device driver<\/strong><\/p>\n\n<p style=\"text-align: center;\"><strong>4. Utility software<\/strong><\/p>\n","image":{"path":"images\/image-60eafaf243655.png","mime":"image\/png","copyright":{"license":"U"},"width":960,"height":593}},{"tips":{},"text":"<p style=\"text-align: center;\"><strong>What is a system software?<\/strong><\/p>\n","answer":"<p style=\"text-align: center;\"><strong>The system software is a collection of programs designed to operate, control, and extend the processing capabilities of the computer itself.<\/strong><\/p>\n","image":{"path":"images\/image-60eafa6773370.png","mime":"image\/png","copyright":{"license":"U"},"width":1000,"height":1080}},{"tips":{},"text":"<p style=\"text-align: center;\"><strong>How can you broadly classify a software?<\/strong><\/p>\n","answer":"<p style=\"text-align: center;\"><strong>Software can be broadly classified into system software and  application software<\/strong><\/p>\n","image":{"path":"images\/image-60eaf94a1d3cb.png","mime":"image\/png","copyright":{"license":"U"},"width":1000,"height":1080}},{"tips":{},"text":"<p style=\"text-align: center;\"><strong>What is a software?<\/strong><\/p>\n","answer":"<p style=\"text-align: center;\"><strong>A software is a set of programs, which is designed to perform a well defined function.<\/strong><\/p>\n","image":{"path":"images\/image-60eaf8f05e96f.png","mime":"image\/png","copyright":{"license":"U"},"width":626,"height":626}}],"behaviour":{"enableRetry":true,"disableBackwardsNavigation":false,"scaleTextNotCard":false,"randomCards":false,"maxProficiency":5,"quickProgression":false},"answer":"Turn","next":"Next","prev":"Previous","retry":"Retry","correctAnswer":"I got it right!","incorrectAnswer":"I got it wrong","round":"Round @round","cardsLeft":"Cards left: @number","nextRound":"Proceed to round @round","startOver":"Start over","showSummary":"Next","summary":"Summary","summaryCardsRight":"Cards you got right:","summaryCardsWrong":"Cards you got wrong:","summaryCardsNotShown":"Cards in pool not shown:","summaryOverallScore":"Overall Score","summaryCardsCompleted":"Cards you have completed learning:","summaryCompletedRounds":"Completed rounds:","summaryAllDone":"Well done! You got all @cards cards correct @max times in a row!","progressText":"Card @card of @total","cardFrontLabel":"Card front","cardBackLabel":"Card back","tipButtonLabel":"Show tip","audioNotSupported":"Your browser does not support this audio","confirmStartingOver":{"header":"Start over?","body":"All progress will be lost. Are you sure you want to start over?","cancelLabel":"Cancel","confirmLabel":"Start over"},"title":"<p style=\"text-align: center;\"><strong>Introduction<\/strong><\/p>\n"}