{"mode":"repetition","description":"<p style=\"text-align: center;\"><strong>Guess the correct answer.<\/strong><\/p>\n","dialogs":[{"tips":{},"text":"<p style=\"text-align: center;\"><strong>______ are the links inserted into slides that allows to access a website during the presentation.<\/strong><\/p>\n","answer":"<p style=\"text-align: center;\"><strong>Hyperlinks<\/strong><\/p>\n","image":{"path":"images\/image-60f3a9f8c0809.png","mime":"image\/png","copyright":{"license":"U"},"width":512,"height":512}},{"tips":{},"text":"<p style=\"text-align: center;\"><strong>List steps to modify photo album in PowerPoint.<\/strong><\/p>\n","answer":"<p style=\"text-align: center;\"><strong>1. Click on the Edit Photo Album command. <\/strong><\/p>\n\n<p style=\"text-align: center;\"><strong>2. Use the Album Layout group to select the Picture layout, Frame shape and add a Theme. <\/strong><\/p>\n\n<p style=\"text-align: center;\"><strong>3. Once all changes are complete, click on the Update command and the changes will be applied to your photo album.<\/strong><\/p>\n","image":{"path":"images\/image-60f3a9b9e7f85.gif","mime":"image\/gif","copyright":{"license":"U"},"width":450,"height":294}},{"tips":{},"text":"<p style=\"text-align: center;\"><strong>A PowerPoint ____ is a presentation that you can create to display your personal or business photographs using the same fun features as a PowerPoint presentation.<\/strong><\/p>\n","answer":"<p style=\"text-align: center;\"><strong>Photo album<\/strong><\/p>\n","image":{"path":"images\/image-60f3a96c1ddcf.gif","mime":"image\/gif","copyright":{"license":"U"},"width":450,"height":294}},{"tips":{},"text":"<p style=\"text-align: center;\"><strong>What are the steps to insert hyperlinks in PowerPoint?<\/strong><\/p>\n","answer":"<p style=\"text-align: center;\"><strong>1. Go to the Insert Tab. <\/strong><\/p>\n\n<p style=\"text-align: center;\"><strong>2. Click or highlight the test you want to become the hyperlink. <\/strong><\/p>\n\n<p style=\"text-align: center;\"><strong>3. Click on the Hyperlink command. <\/strong><\/p>\n\n<p style=\"text-align: center;\"><strong>4. The Insert Hyperlink box will appear.<\/strong><\/p>\n\n<p style=\"text-align: center;\"><strong>5. Click on the Existing File or Web Page command on the left of the Insert Hyperlink box. <\/strong><\/p>\n\n<p style=\"text-align: center;\"><strong>6. Verify the information in the Text to Display box is accurate. <\/strong><\/p>\n\n<p style=\"text-align: center;\"><strong>7. Enter the web address in the Address box, then click OK. <\/strong><\/p>\n\n<p style=\"text-align: center;\"><strong>8. The hyperlink will appear in the text on your slide by changing the color of the text to blue and underlined. <\/strong><\/p>\n\n<p style=\"text-align: center;\"><strong>9. To use the link you must be viewing the slide show.<\/strong><\/p>\n","image":{"path":"images\/image-60f3a909717e6.jpg","mime":"image\/jpeg","copyright":{"license":"U"},"width":460,"height":345}},{"tips":{},"text":"<p style=\"text-align: center;\"><strong>How do you add list in existing text?<\/strong><\/p>\n","answer":"<p style=\"text-align: center;\"><strong>For adding list in the existing text:<\/strong><\/p>\n\n<p style=\"text-align: center;\"><strong>1. Click on home tab. <\/strong><\/p>\n\n<p style=\"text-align: center;\"><strong>2. Select the text that you want to make a list.<\/strong><\/p>\n\n<p style=\"text-align: center;\"><strong>3. Click the Bullet or Number from the paragraph group for new list.<\/strong><\/p>\n\n<p style=\"text-align: center;\"><strong>4. Place the cursor where you want to make list in the document. <\/strong><\/p>\n\n<p style=\"text-align: center;\"><strong>5. Now, click on the Bullet and type the text.<\/strong><\/p>\n","image":{"path":"images\/image-60f3a89682093.jpg","mime":"image\/jpeg","copyright":{"license":"U"},"width":426,"height":401}},{"tips":{},"text":"<p style=\"text-align: center;\"><strong>List Steps to insert WordArt in PowerPoint .<\/strong><\/p>\n","answer":"<p style=\"text-align: center;\"><strong>1. Go to the Insert Tab. <\/strong><\/p>\n\n<p style=\"text-align: center;\"><strong>2. Click on the WordArt command.<\/strong><\/p>\n\n<p style=\"text-align: center;\"><strong>3. A drop down menu of text options will appear <\/strong><\/p>\n\n<p style=\"text-align: center;\"><strong>4. Click on the text design you prefer and a text box will appear on your slide.<\/strong><\/p>\n\n<p style=\"text-align: center;\"><strong>5. Click in the text box to modify the text. <\/strong><\/p>\n\n<p style=\"text-align: center;\"><strong>6. Move the WordArt to any area of the slide by clicking on the edge of the text and dragging it. Expand or shrink the WordArt by clicking on the circles surrounding the text and drag.<\/strong><\/p>\n","image":{"path":"images\/image-60f3a7ab462fd.jpg","mime":"image\/jpeg","copyright":{"license":"U"},"width":339,"height":148}},{"tips":{},"text":"<p style=\"text-align: center;\"><strong>You can use your own recordings in PowerPoint slides. True or false?<\/strong><\/p>\n","answer":"<p style=\"text-align: center;\"><strong>True<\/strong><\/p>\n","image":{"path":"images\/image-60f3a707d4453.jpg","mime":"image\/jpeg","copyright":{"license":"U"},"width":560,"height":537}},{"tips":{},"text":"<p style=\"text-align: center;\"><strong>You can insert sounds but not video in PowerPoint presentations. True or False?<\/strong><\/p>\n","answer":"<p style=\"text-align: center;\"><strong>False<\/strong><\/p>\n","image":{"path":"images\/image-60f3a6c0c0a7b.jpg","mime":"image\/jpeg","copyright":{"license":"U"},"width":560,"height":537}},{"tips":{},"text":"<p style=\"text-align: center;\"><strong>List steps to insert pictures in PowerPoint presentations.<\/strong><\/p>\n","answer":"<p style=\"text-align: center;\"><strong>1. Go to the Insert Tab. <\/strong><\/p>\n\n<p style=\"text-align: center;\"><strong>2. Click on the Picture command.<\/strong><\/p>\n\n<p style=\"text-align: center;\"><strong>&nbsp;3. An Insert Picture box will appear. <\/strong><\/p>\n\n<p style=\"text-align: center;\"><strong>4. Select the picture to insert using the folders on the left of the Insert Picture box. <\/strong><\/p>\n\n<p style=\"text-align: center;\"><strong>5. Click Open. The picture will appear on the slide. 6. Move the picture to any area of the slide by clicking on the edge of the picture dragging it. Expand or shrink the picture by clicking on the circles surrounding the picture and drag.<\/strong><\/p>\n","image":{"path":"images\/image-60f3a61bd0c9d.jpg","mime":"image\/jpeg","copyright":{"license":"U"},"width":349,"height":153}},{"tips":{"front":"Yes or No?"},"text":"<p style=\"text-align: center;\"><strong>Can pictures be insterted into powerpoint presentations?<\/strong><\/p>\n","answer":"<p style=\"text-align: center;\"><strong>Yes<\/strong><\/p>\n","image":{"path":"images\/image-60f3a1ae7c6e5.png","mime":"image\/png","copyright":{"license":"U"},"width":435,"height":278}}],"behaviour":{"enableRetry":true,"disableBackwardsNavigation":false,"scaleTextNotCard":false,"randomCards":false,"maxProficiency":5,"quickProgression":false},"answer":"Turn","next":"Next","prev":"Previous","retry":"Retry","correctAnswer":"I got it right!","incorrectAnswer":"I got it wrong","round":"Round @round","cardsLeft":"Cards left: @number","nextRound":"Proceed to round @round","startOver":"Start over","showSummary":"Next","summary":"Summary","summaryCardsRight":"Cards you got right:","summaryCardsWrong":"Cards you got wrong:","summaryCardsNotShown":"Cards in pool not shown:","summaryOverallScore":"Overall Score","summaryCardsCompleted":"Cards you have completed learning:","summaryCompletedRounds":"Completed rounds:","summaryAllDone":"Well done! You got all @cards cards correct @max times in a row!","progressText":"Card @card of @total","cardFrontLabel":"Card front","cardBackLabel":"Card back","tipButtonLabel":"Show tip","audioNotSupported":"Your browser does not support this audio","confirmStartingOver":{"header":"Start over?","body":"All progress will be lost. Are you sure you want to start over?","cancelLabel":"Cancel","confirmLabel":"Start over"},"title":""}