{"cards":[{"text":"Substances which releases hydroxyl ions when dissolved in water is called ___ .","answer":"base","tip":"","image":{"path":"images\/image-60ebe777161a1.png","mime":"image\/png","copyright":{"license":"U"},"width":1414,"height":2000}},{"text":"Molecular formula of sodium hydroxide is ___ .","answer":"NaOH","tip":"","image":{"path":"images\/image-60ebe7987981e.png","mime":"image\/png","copyright":{"license":"U"},"width":1414,"height":2000}},{"text":"Which substance turns blue litmus red?","answer":"Acid","tip":"","image":{"path":"images\/image-60ebe7e42e276.png","mime":"image\/png","copyright":{"license":"U"},"width":1414,"height":2000}},{"text":"Name the acid produced during ant&#039;s bite.","answer":"Formic acid","tip":"","image":{"path":"images\/image-60ebe8156a696.png","mime":"image\/png","copyright":{"license":"U"},"width":1414,"height":2000}},{"text":"What forms when a neutralization reaction between a strong acid and weak base happens?","answer":"Neutral salt","tip":"<p><strong>Neutral base or Neutral salt<\/strong><\/p>\n","image":{"path":"images\/image-60ebea2076d4f.png","mime":"image\/png","copyright":{"license":"U"},"width":1414,"height":2000}},{"text":"Which chemical is known as the king of acids?","answer":"Sulphuric acid","tip":"","image":{"path":"images\/image-60ebe86d767b2.png","mime":"image\/png","copyright":{"license":"U"},"width":1414,"height":2000}},{"text":"Which acid is used by goldsmiths for cleaning gold and silver ornaments?","answer":"Nitric Acid","tip":"","image":{"path":"images\/image-60ebe8dddda93.png","mime":"image\/png","copyright":{"license":"U"},"width":1414,"height":2000}},{"text":"Which indicator gives pink color in basic solution?","answer":"Phenolphthalein","tip":"","image":{"path":"images\/image-60ebe8f6ef57d.png","mime":"image\/png","copyright":{"license":"U"},"width":1414,"height":2000}},{"text":"Is turmeric a natural indicator?(True\/False)","answer":"True","tip":"","image":{"path":"images\/image-60ebe97859d74.png","mime":"image\/png","copyright":{"license":"U"},"width":1414,"height":2000}},{"text":"Methyl orange is a _____ indicator.","answer":"synthetic","tip":"<p><strong>synthetic or natural<\/strong><\/p>\n","image":{"path":"images\/image-60ebe9e7ee3ed.png","mime":"image\/png","copyright":{"license":"U"},"width":1414,"height":2000}}],"progressText":"Card @card of @total","next":"Next","previous":"Previous","checkAnswerText":"Check","showSolutionsRequiresInput":true,"defaultAnswerText":"Your answer","correctAnswerText":"Correct","incorrectAnswerText":"Incorrect","showSolutionText":"Correct answer","results":"Results","ofCorrect":"@score of @total correct","showResults":"Show results","answerShortText":"A:","retry":"Retry","caseSensitive":false,"cardAnnouncement":"Incorrect answer. Correct answer was @answer","pageAnnouncement":"Page @current of @total","description":"Read the questions carefully and answer these questions.","correctAnswerAnnouncement":"@answer is correct."}