{"mode":"repetition","description":"<p style=\"text-align: center;\"><strong>Guess the correct answer<\/strong><\/p>\n","dialogs":[{"tips":{},"text":"<p style=\"text-align: center;\"><strong>Multimedia computers are not capable of presenting text, graphics, video, animation and sound in an integrated way. Is this statement true or false?<\/strong><\/p>\n","answer":"<p style=\"text-align: center;\"><strong>False<\/strong><\/p>\n","image":{"path":"images\/image-60ed4abb143a0.png","mime":"image\/png","copyright":{"license":"U"},"width":620,"height":245,"originalImage":{"path":"images\/image-60ed4aaf2d856.png#tmp","mime":"image\/png","height":250,"width":1200}}},{"tips":{},"text":"<p style=\"text-align: center;\"><strong>What are the hardware components of multimedia?<\/strong><\/p>\n","answer":"<p style=\"text-align: center;\"><strong>Video Camera, Video Recorder, Audio Microphone,<br>\nKeyboards, mouse, graphics tablets, 3D input devices, tactile sensors,<br>\nDigitizing\/Sampling Hardware,etc.<\/strong><\/p>\n","image":{"path":"images\/image-60ed459c5e872.png","mime":"image\/png","copyright":{"license":"U"},"width":1000,"height":913}},{"tips":{},"text":"<p style=\"text-align: center;\"><strong>What are moving pictures known as?<\/strong><\/p>\n","answer":"<p style=\"text-align: center;\"><strong>Video<\/strong><\/p>\n","image":{"path":"images\/image-60ed49b43af45.png","mime":"image\/png","copyright":{"license":"U"},"width":453,"height":245,"originalImage":{"path":"images\/image-60ed49a511300.png#tmp","mime":"image\/png","height":250,"width":1200}}},{"tips":{},"answer":"<p style=\"text-align: center;\"><strong>By definition \"Multimedia is a representation of information in an attractive and interactive manner with the combination of text, audio, video, graphics and animation.\u201d<\/strong><\/p>\n","text":"<p style=\"text-align: center;\"><strong>State definition of Multimedia.<\/strong><\/p>\n","image":{"path":"images\/image-60ed494f33266.jpg","mime":"image\/jpeg","copyright":{"license":"U"},"width":1000,"height":1002}},{"tips":{},"text":"<p style=\"text-align: center;\"><strong>Multimedia provides an interaction between users and digital information. True or false?<\/strong><\/p>\n","answer":"<p style=\"text-align: center;\"><strong>True<\/strong><\/p>\n","image":{"path":"images\/image-60ed48f0605a1.jpg","mime":"image\/jpeg","copyright":{"license":"U"},"width":1000,"height":936}},{"tips":{},"text":"<p style=\"text-align: center;\"><strong>What are the real images that can be captured from devices such as digital cameras or scanners?<\/strong><\/p>\n","answer":"<p style=\"text-align: center;\"><strong>Bitmap images<\/strong><\/p>\n","image":{"path":"images\/image-60ed46ccf32fd.jpeg","mime":"image\/jpeg","copyright":{"license":"U"},"width":600,"height":400}},{"tips":{},"text":"<p style=\"text-align: center;\"><strong>Multimedia  is the combination of?<\/strong><\/p>\n","answer":"<p style=\"text-align: center;\"><strong>Multi and Media<\/strong><\/p>\n","image":{"path":"images\/image-60ed47f18a86b.jpg","mime":"image\/jpeg","copyright":{"license":"U"},"width":612,"height":612}},{"tips":{},"text":"<p style=\"text-align: center;\"><strong>What make the multimedia application attractive?<\/strong><\/p>\n","answer":"<p style=\"text-align: center;\"><strong>Graphics <\/strong><\/p>\n","image":{"path":"images\/image-60ed4633ba165.png","mime":"image\/png","copyright":{"license":"U"},"width":398,"height":243,"originalImage":{"path":"images\/image-60ed4625c8843.png#tmp","mime":"image\/png","height":250,"width":1200}}},{"tips":{},"text":"<p style=\"text-align: center;\"><strong>Multimedia can be used in field of education to make the content interesting.True or false?<\/strong><\/p>\n","answer":"<p style=\"text-align: center;\"><strong>True<\/strong><\/p>\n","image":{"path":"images\/image-60ed4a1f4d551.jpg","mime":"image\/jpeg","copyright":{"license":"U"},"width":1350,"height":900}},{"tips":{},"text":"<p style=\"text-align: center;\"><strong>What is Mutimedia?<\/strong><\/p>\n","answer":"<p style=\"text-align: center;\"><strong>Multimedia is an interactive media and provides multiple ways to represent information to the user in a powerful manner.<\/strong><\/p>\n","image":{"path":"images\/image-60ed140260db2.jpg","mime":"image\/jpeg","copyright":{"license":"U"},"width":540,"height":549,"originalImage":{"path":"images\/image-60ed13f385f5c.jpg#tmp","mime":"image\/jpeg","height":1080,"width":1000}}}],"behaviour":{"enableRetry":true,"disableBackwardsNavigation":false,"scaleTextNotCard":false,"randomCards":false,"maxProficiency":5,"quickProgression":false},"answer":"Turn","next":"Next","prev":"Previous","retry":"Retry","correctAnswer":"I got it right!","incorrectAnswer":"I got it wrong","round":"Round @round","cardsLeft":"Cards left: @number","nextRound":"Proceed to round @round","startOver":"Start over","showSummary":"Next","summary":"Summary","summaryCardsRight":"Cards you got right:","summaryCardsWrong":"Cards you got wrong:","summaryCardsNotShown":"Cards in pool not shown:","summaryOverallScore":"Overall Score","summaryCardsCompleted":"Cards you have completed learning:","summaryCompletedRounds":"Completed rounds:","summaryAllDone":"Well done! You got all @cards cards correct @max times in a row!","progressText":"Card @card of @total","cardFrontLabel":"Card front","cardBackLabel":"Card back","tipButtonLabel":"Show tip","audioNotSupported":"Your browser does not support this audio","confirmStartingOver":{"header":"Start over?","body":"All progress will be lost. Are you sure you want to start over?","cancelLabel":"Cancel","confirmLabel":"Start over"},"title":"<p style=\"text-align: center;\"><strong>Introduction<\/strong><\/p>\n"}