{"cards":[{"text":"The capacity of doing work is called ____ .","answer":"energy","imageAltText":"energy","tip":"","image":{"path":"images\/image-60e5d577e9e85.jpg","mime":"image\/jpeg","copyright":{"license":"U"},"width":626,"height":626}},{"text":"What is the main source of energy?","answer":"Sun\/The Sun","imageAltText":"sun","tip":"","image":{"path":"images\/image-60e5d57b13c2f.jpg","mime":"image\/jpeg","copyright":{"license":"U"},"width":420,"height":401}},{"text":"What does heat energy change of the given object? [State\/Colour]","answer":"State","imageAltText":"state","tip":"","image":{"path":"images\/image-60e5d57ff1e2c.jpg","mime":"image\/jpeg","copyright":{"license":"U"},"width":650,"height":454}},{"text":"Heat energy is used for cooking. True or False?","answer":"True","imageAltText":"cooking","tip":"","image":{"path":"images\/image-60e5d682ec076.jpg","mime":"image\/jpeg","copyright":{"license":"U"},"width":920,"height":600}},{"text":"Do living beings need heat energy to survive? Yes or No?","answer":"Yes","imageAltText":"importance of energy","tip":"","image":{"path":"images\/image-60e5d5888dd9d.jpg","mime":"image\/jpeg","copyright":{"license":"U"},"width":626,"height":500}},{"text":"We should use _____ source of energy. [renewable\/non-renewable]","answer":"renewable","imageAltText":"renewable source","tip":"","image":{"path":"images\/image-60e5d68ebac3a.jpg","mime":"image\/jpeg","copyright":{"license":"U"},"width":400,"height":400}},{"text":"What should we use for cooking to preserve energy? [Electricity\/Fuel]","answer":"Electricity","imageAltText":"electricity","tip":"","image":{"path":"images\/image-60e5d592bd117.jpg","mime":"image\/jpeg","copyright":{"license":"U"},"width":1000,"height":995}},{"text":"Does afforestation help in conserving energy? Yes or No?","answer":"Yes","imageAltText":"afforestation","tip":"","image":{"path":"images\/image-60e5d598075be.jpg","mime":"image\/jpeg","copyright":{"license":"U"},"width":633,"height":608}},{"text":"We should use ___ bulb to save energy. [CFL\/Incandescent lamp]","answer":"CFL","imageAltText":"bulb","tip":"","image":{"path":"images\/image-60e5d59e6bda5.jpg","mime":"image\/jpeg","copyright":{"license":"U"},"width":920,"height":2001}},{"text":"Is bio gas a renewable source of energy? Yes or No?","answer":"Yes","imageAltText":"biogas","tip":"","image":{"path":"images\/image-60fe0d75bfc02.png","mime":"image\/png","copyright":{"license":"U"},"width":512,"height":400}}],"progressText":"Card @card of @total","next":"Next","previous":"Previous","checkAnswerText":"Check","showSolutionsRequiresInput":true,"defaultAnswerText":"Your answer","correctAnswerText":"Correct","incorrectAnswerText":"Incorrect","showSolutionText":"Correct answer","results":"Results","ofCorrect":"@score of @total correct","showResults":"Show results","answerShortText":"A:","retry":"Retry","caseSensitive":false,"cardAnnouncement":"Incorrect answer. Correct answer was @answer","pageAnnouncement":"Page @current of @total","description":"Read the questions and fill in the correct answers.","correctAnswerAnnouncement":"@answer is correct.","randomCards":true}