{"cards":[{"text":"Rules of Binary Addition states that &quot; 1 + 1 = 10 &quot;. Is it True or False?","answer":"True","image":{"path":"images\/image-60ec302180e79.png","mime":"image\/png","copyright":{"license":"U"},"width":512,"height":512},"tip":""},{"image":{"path":"images\/image-60ec31719e9f4.jpg","mime":"image\/jpeg","copyright":{"license":"U"},"width":529,"height":325},"text":"Add the above binary numbers and type the answer.","answer":"1101000","tip":"<p>Do <strong>not<\/strong> use space between answers.<\/p>\n"},{"text":"Rules of Binary Subtraction states that &quot; 1 - 1 = 1 &quot;. Is it True or False?","answer":"False","image":{"path":"images\/image-60ec32bc2c454.png","mime":"image\/png","copyright":{"license":"U"},"width":512,"height":512},"tip":""},{"text":"Subtract the above binary numbers and type the answer.","image":{"path":"images\/image-60ec3353729ae.jpg","mime":"image\/jpeg","copyright":{"license":"U"},"width":529,"height":325},"answer":"1111","tip":"<p>Do <strong>not<\/strong> use space between answers.<\/p>\n"},{"text":"Rules of Binary Multiplication states that &quot; 1 X 1 = 10 &quot;. Is it True or False?","answer":"False","image":{"path":"images\/image-60ec34b47036b.png","mime":"image\/png","copyright":{"license":"U"},"width":512,"height":512},"tip":""},{"image":{"path":"images\/image-60ec3572d3087.jpg","mime":"image\/jpeg","copyright":{"license":"U"},"width":506,"height":312},"text":"Multiply the above binary numbers and type the answer.","answer":"10010001","tip":"<p>Do <strong>not<\/strong> use space between answers.<\/p>\n"},{"text":"Add the above binary numbers and type the answer.","image":{"path":"images\/image-60ec365285399.jpg","mime":"image\/jpeg","copyright":{"license":"U"},"width":438,"height":312},"answer":"1111","tip":"<p>Do <strong>not<\/strong> use space between answers.<\/p>\n"},{"text":"Subtract the above binary numbers and type the answer.","image":{"path":"images\/image-60ec370b72cc7.jpg","mime":"image\/jpeg","copyright":{"license":"U"},"width":438,"height":312},"answer":"10000","tip":"<p>Do <strong>not<\/strong> use space between answers.<\/p>\n"},{"text":"Multiply the above binary numbers and type the answer.","image":{"path":"images\/image-60ec379ecd3d2.jpg","mime":"image\/jpeg","copyright":{"license":"U"},"width":438,"height":312},"answer":"1101001","tip":"<p>Do <strong>not<\/strong> use space between answers.<\/p>\n"},{"text":"Rules of Binary Subtraction states that &quot; 0 - 0 = 1 &quot;. Is it True or False?","answer":"False","image":{"path":"images\/image-60ec385b2e98c.png","mime":"image\/png","copyright":{"license":"U"},"width":512,"height":512},"tip":""}],"progressText":"Card @card of @total","next":"Next","previous":"Previous","checkAnswerText":"Check","showSolutionsRequiresInput":true,"defaultAnswerText":"Your answer","correctAnswerText":"Correct","incorrectAnswerText":"Incorrect","showSolutionText":"Correct answer","results":"Results","ofCorrect":"@score of @total correct","showResults":"Show results","answerShortText":"A:","retry":"Retry","caseSensitive":false,"cardAnnouncement":"Incorrect answer. Correct answer was @answer","pageAnnouncement":"Page @current of @total","description":"Analyze the questions carefully and answer the questions."}