{"mode":"repetition","description":"<p style=\"text-align: center;\"><strong>Read the questions and guess the correct answer.<\/strong><\/p>\n","dialogs":[{"tips":{},"text":"<p style=\"text-align: center;\"><strong>About how many fraction of surface of the Earth is covered with water?<\/strong><\/p>\n","answer":"<p style=\"text-align: center;\"><strong>Two-third<\/strong><\/p>\n","imageAltText":"earth","image":{"path":"images\/image-60e71df6f36da.png","mime":"image\/png","copyright":{"license":"U"},"width":600,"height":400}},{"tips":{},"text":"<p style=\"text-align: center;\"><strong>What are the main components of the outer surface of the Earth?<\/strong><\/p>\n","answer":"<p style=\"text-align: center;\"><strong>Hydrosphere, Lithosphere and Atmosphere<\/strong><\/p>\n","imageAltText":"earth","image":{"path":"images\/image-60e71e0c7e18c.png","mime":"image\/png","copyright":{"license":"U"},"width":480,"height":360}},{"tips":{},"text":"<p style=\"text-align: center;\"><strong>What is hydrosphere?<\/strong><\/p>\n","answer":"<p style=\"text-align: center;\"><strong>Mass of water present on the Earth<\/strong><\/p>\n","imageAltText":"earth","image":{"path":"images\/image-60e71e1a9c52e.png","mime":"image\/png","copyright":{"license":"U"},"width":800,"height":446}},{"tips":{},"text":"<p style=\"text-align: center;\"><strong>The earth is flat at the poles and bulging out at the equator. True or false?<\/strong><\/p>\n","answer":"<p style=\"text-align: center;\"><strong>True<\/strong><\/p>\n","imageAltText":"earth","image":{"path":"images\/image-60e71e9ea7350.png","mime":"image\/png","copyright":{"license":"U"},"width":871,"height":728}},{"tips":{},"text":"<p style=\"text-align: center;\"><strong>What is the diameter of the Earth from the north pole to the south pole?<\/strong><\/p>\n","answer":"<p style=\"text-align: center;\"><strong>12,714 km<\/strong><\/p>\n","imageAltText":"earth","image":{"path":"images\/image-658bcf3404df6.jpg","mime":"image\/jpeg","copyright":{"license":"U"},"width":500,"height":437}},{"tips":{},"text":"<p style=\"text-align: center;\"><strong>What is the part of land on the surface of the Earth known as?<\/strong><\/p>\n","answer":"<p style=\"text-align: center;\"><strong>Lithosphere<\/strong><\/p>\n","imageAltText":"earth","image":{"path":"images\/image-60e71eb248485.png","mime":"image\/png","copyright":{"license":"U"},"width":338,"height":353}},{"tips":{},"text":"<p style=\"text-align: center;\"><strong>The flat part of the lithosphere which remains surrounded by hills or mountains is known as .....<\/strong><\/p>\n","answer":"<p style=\"text-align: center;\"><strong>Valley<\/strong><\/p>\n","imageAltText":"valley","image":{"path":"images\/image-60e71eb9de6b2.png","mime":"image\/png","copyright":{"license":"U"},"width":1136,"height":936}},{"tips":{},"text":"<p style=\"text-align: center;\"><strong>What is atmosphere?<\/strong><\/p>\n","answer":"<p style=\"text-align: center;\"><strong>The layer of air that surrounds the Earth surface.<\/strong><\/p>\n","imageAltText":"atmosphere","image":{"path":"images\/image-60e71ec44e150.png","mime":"image\/png","copyright":{"license":"U"},"width":4316,"height":2745}},{"tips":{},"text":"<p style=\"text-align: center;\"><strong>What is the farthest layer of atmosphere?<\/strong><\/p>\n","answer":"<p style=\"text-align: center;\"><strong>Exosphere<\/strong><\/p>\n","imageAltText":"exosphere","image":{"path":"images\/image-60e71ec70b374.png","mime":"image\/png","copyright":{"license":"U"},"width":750,"height":632}},{"tips":{},"text":"<p style=\"text-align: center;\"><strong>Living beings can survive without atmosphere. Yes or no?<\/strong><\/p>\n","answer":"<p style=\"text-align: center;\"><strong>No<\/strong><\/p>\n","imageAltText":"atmosphere","image":{"path":"images\/image-60e71ecbd3d16.png","mime":"image\/png","copyright":{"license":"U"},"width":1136,"height":936}}],"behaviour":{"enableRetry":true,"disableBackwardsNavigation":false,"scaleTextNotCard":false,"randomCards":false,"maxProficiency":5,"quickProgression":false},"answer":"Turn","next":"Next","prev":"Previous","retry":"Retry","correctAnswer":"I got it right!","incorrectAnswer":"I got it wrong","round":"Round @round","cardsLeft":"Cards left: @number","nextRound":"Proceed to round @round","startOver":"Start over","showSummary":"Next","summary":"Summary","summaryCardsRight":"Cards you got right:","summaryCardsWrong":"Cards you got wrong:","summaryCardsNotShown":"Cards in pool not shown:","summaryOverallScore":"Overall Score","summaryCardsCompleted":"Cards you have completed learning:","summaryCompletedRounds":"Completed rounds:","summaryAllDone":"Well done! You got all @cards cards correct @max times in a row!","progressText":"Card @card of @total","cardFrontLabel":"Card front","cardBackLabel":"Card back","tipButtonLabel":"Show tip","audioNotSupported":"Your browser does not support this audio","confirmStartingOver":{"header":"Start over?","body":"All progress will be lost. Are you sure you want to start over?","cancelLabel":"Cancel","confirmLabel":"Start over"},"title":"<p style=\"text-align: center;\"><strong>The Earth<\/strong><\/p>\n"}