{"mode":"repetition","description":"<p style=\"text-align: center;\"><strong>Guess the answers to the following questions.<\/strong><\/p>\n","dialogs":[{"tips":{"front":"Yes or No"},"text":"<p style=\"text-align: center;\"><strong>Are vaccume tubes used in third generation computers?<\/strong><\/p>\n","answer":"<p style=\"text-align: center;\"><strong>No<\/strong><\/p>\n","image":{"path":"images\/image-60ee652908669.png","mime":"image\/png","copyright":{"license":"U"},"width":429,"height":242,"originalImage":{"path":"images\/image-60ee65229404d.png#tmp","mime":"image\/png","height":250,"width":1200}}},{"tips":{},"text":"<p style=\"text-align: center;\"><strong>When was third generation computers released?<\/strong><\/p>\n","answer":"<p style=\"text-align: center;\"><strong>1964 to 1971<\/strong><\/p>\n","image":{"path":"images\/image-60ee64de6e61a.jpg","mime":"image\/jpeg","copyright":{"license":"U"},"width":1000,"height":1002}},{"tips":{},"text":"<p style=\"text-align: center;\"><strong>Microprocessors were used in third generation computers. True or false?<\/strong><\/p>\n","answer":"<p style=\"text-align: center;\"><strong>True<\/strong><\/p>\n","image":{"path":"images\/image-60ee641325b09.jpg","mime":"image\/jpeg","copyright":{"license":"U"},"width":271,"height":186}},{"tips":{},"text":"<p style=\"text-align: center;\"><strong>When was IC invented?<\/strong><\/p>\n","answer":"<p style=\"text-align: center;\"><strong>It was invented in 1958<\/strong><\/p>\n","image":{"path":"images\/image-60ee63b5535ef.png","mime":"image\/png","copyright":{"license":"U"},"width":390,"height":246,"originalImage":{"path":"images\/image-60ee63a97e46e.png#tmp","mime":"image\/png","height":250,"width":1200}}},{"tips":{},"text":"<p style=\"text-align: center;\"><strong>RAM &amp; ROM were used in third generation computers. True or false?<\/strong><\/p>\n","answer":"<p style=\"text-align: center;\"><strong>True<\/strong><\/p>\n","image":{"path":"images\/image-60ee6366c9cf9.jpg","mime":"image\/jpeg","copyright":{"license":"U"},"width":238,"height":250}},{"tips":{},"text":"<p style=\"text-align: center;\"><strong>There were input and output devices such as keyboard and monitors instead of punch cards in third &nbsp;generation computers. True of false?<\/strong><\/p>\n","answer":"<p style=\"text-align: center;\"><strong>True<\/strong><\/p>\n","image":{"path":"images\/image-60ee62b059b0d.png","mime":"image\/png","copyright":{"license":"U"},"width":836,"height":720}},{"tips":{},"text":"<p style=\"text-align: center;\"><strong>What is an IC?<\/strong><\/p>\n","answer":"<p style=\"text-align: center;\"><strong>An IC is a circuit consisting of a large number of electronic components placed on a single silicon chip by a photolithographic process<\/strong><\/p>\n","image":{"path":"images\/image-60ee621d6a47c.png","mime":"image\/png","copyright":{"license":"U"},"width":720,"height":720}},{"tips":{},"text":"<p style=\"text-align: center;\"><strong>IBM 360 Series, ICL 1900 Series, VAX 1\/780, etc are examples of ________<\/strong><\/p>\n","answer":"<p style=\"text-align: center;\"><strong>Third generation computers.<\/strong><\/p>\n","image":{"path":"images\/image-60ee61d770c6a.jpg","mime":"image\/jpeg","copyright":{"license":"U"},"width":729,"height":485}},{"tips":{},"text":"<p style=\"text-align: center;\"><strong>In third generation computers the operating speed was measured in terms of _____<\/strong><\/p>\n","answer":"<p style=\"text-align: center;\"><strong>Nanoseconds<\/strong><\/p>\n","image":{"path":"images\/image-60ee617362c63.jpg","mime":"image\/jpeg","copyright":{"license":"U"},"width":219,"height":230}},{"tips":{},"text":"<p style=\"text-align: center;\"><strong>______ made third generation computers smaller, more efficient and more reliable than the previous generation of computers.<\/strong><\/p>\n","answer":"<p style=\"text-align: center;\"><strong>IC (Integrated Circuits)<\/strong><\/p>\n","image":{"path":"images\/image-60ee61135cfaf.jpg","mime":"image\/jpeg","copyright":{"license":"U"},"width":729,"height":485}}],"behaviour":{"enableRetry":true,"disableBackwardsNavigation":false,"scaleTextNotCard":false,"randomCards":false,"maxProficiency":5,"quickProgression":false},"answer":"Turn","next":"Next","prev":"Previous","retry":"Retry","correctAnswer":"I got it right!","incorrectAnswer":"I got it wrong","round":"Round @round","cardsLeft":"Cards left: @number","nextRound":"Proceed to round @round","startOver":"Start over","showSummary":"Next","summary":"Summary","summaryCardsRight":"Cards you got right:","summaryCardsWrong":"Cards you got wrong:","summaryCardsNotShown":"Cards in pool not shown:","summaryOverallScore":"Overall Score","summaryCardsCompleted":"Cards you have completed learning:","summaryCompletedRounds":"Completed rounds:","summaryAllDone":"Well done! You got all @cards cards correct @max times in a row!","progressText":"Card @card of @total","cardFrontLabel":"Card front","cardBackLabel":"Card back","tipButtonLabel":"Show tip","audioNotSupported":"Your browser does not support this audio","confirmStartingOver":{"header":"Start over?","body":"All progress will be lost. Are you sure you want to start over?","cancelLabel":"Cancel","confirmLabel":"Start over"},"title":"<p>&nbsp;&nbsp;<\/p>\n"}